Red,Green,Blue
255,255,255
255,255,255
255,255,255
255,255,255
255,255,255
255,255,255
255,255,255
255,255,255
255,255,255
255,255,255
255,255,255
255,255,255
255,255,255
255,255,255
255,255,255
255,255,255
255,255,255
255,255,255
255,255,255
255,255,255
255,255,255
255,255,255
255,255,255
255,255,255
255,255,255
255,255,255
255,255,255
255,255,255
255,255,255
255,255,255
255,255,255
255,255,255
255,255,255
255,255,255
255,255,255
255,255,255
255,255,255
255,255,255
255,255,255
255,255,255
255,255,255
255,255,255
255,255,255
255,255,255
255,255,255
255,255,255
255,255,255
255,255,255
255,255,255
255,255,255
255,255,255
255,255,255
255,255,255
255,255,255
255,255,255
255,255,255
255,255,255
255,255,255
255,255,255
255,255,255
255,255,255
255,255,255
255,255,255
255,255,255
255,255,255
255,255,255
255,255,255
255,255,255
255,255,255
255,255,255
255,255,255
255,255,255
255,255,255
255,255,255
255,255,255
255,255,255
255,255,255
255,255,255
255,255,255
255,255,255
255,255,255
255,255,255
255,255,255
255,255,255
255,255,255
255,255,255
255,255,255
255,255,255
255,255,255
255,255,255
255,255,255
255,255,255
255,255,255
255,255,255
255,255,255
255,255,255
255,255,255
255,255,255
255,255,255
255,255,255
255,255,255
255,255,255
255,255,255
255,255,255
255,255,255
255,255,255
255,255,255
255,255,255
255,255,255
255,255,255
255,255,255
255,255,255
255,255,255
255,255,255
255,255,255
255,255,255
255,255,255
255,255,255
255,255,255
255,255,255
255,255,255
255,255,255
255,255,255
255,255,255
255,255,255
255,255,255
255,255,255
255,255,255
255,255,255
255,255,255
255,255,255
255,255,255
255,255,255
255,255,255
255,255,255
255,255,255
255,255,255
255,255,255
255,255,255
255,255,255
255,255,255
255,255,255
255,255,255
255,255,255
255,255,255
255,255,255
255,255,255
255,255,255
255,255,255
255,255,255
255,255,255
255,255,255
255,255,255
255,255,255
255,255,255
255,255,255
255,255,255
255,255,255
255,255,255
255,255,255
255,255,255
255,255,255
255,255,255
255,255,255
255,255,255
255,255,255
255,255,255
255,255,255
255,255,255
255,255,255
255,255,255
255,255,255
255,255,255
255,255,255
255,255,255
255,255,255
255,255,255
255,255,255
255,255,255
255,255,255
255,255,255
255,255,255
255,255,255
255,255,255
255,255,255
255,255,255
255,255,255
255,255,255
255,255,255
255,255,255
255,255,255
255,255,255
255,255,255
255,255,255
255,255,255
255,255,255
255,255,255
255,255,255
255,255,255
255,255,255
255,255,255
255,255,255
255,255,255
255,255,255
255,255,255
255,255,255
255,255,255
255,255,255
255,255,255
255,255,255
255,255,255
255,255,255
255,255,255
255,255,255
255,255,255
255,255,255
255,255,255
255,255,255
255,255,255
255,255,255
255,255,255
255,255,255
255,255,255
255,255,255
255,255,255
255,255,255
255,255,255
255,255,255
255,255,255
255,255,255
255,255,255
255,255,255
255,255,255
255,255,255
255,255,255
255,255,255
255,255,255
255,255,255
255,255,255
255,255,255
255,255,255
255,255,255
255,255,255
255,255,255
255,255,255
255,255,255
255,255,255
255,255,255
255,255,255
255,255,255
255,255,255
255,255,255
255,255,255
255,255,255
255,255,255
255,255,255
255,255,255
255,255,255
255,255,255
255,255,255
255,255,255
255,255,255
255,255,255
255,255,255
255,255,255
255,255,255
255,255,255
255,255,255
255,255,255
255,255,255
255,255,255
255,255,255
255,255,255
255,255,255
255,255,255
255,255,255
255,255,255
255,255,255
255,255,255
255,255,255
255,255,255
255,255,255
255,255,255
255,255,255
255,255,255
255,255,255
255,255,255
255,255,255
255,255,255
255,255,255
255,255,255
255,255,255
255,255,255
255,255,255
255,255,255
255,255,255
255,255,255
255,255,255
255,255,255
255,255,255
255,255,255
255,255,255
255,255,255
255,255,255
255,255,255
255,255,255
255,255,255
255,255,255
255,255,255
255,255,255
255,255,255
255,255,255
255,255,255
255,255,255
255,255,255
255,255,255
255,255,255
255,255,255
255,255,255
255,255,255
255,255,255
255,255,255
255,255,255
255,255,255
255,255,255
255,255,255
255,255,255
255,255,255
255,255,255
255,255,255
255,255,255
255,255,255
255,255,255
255,255,255
255,255,255
255,255,255
255,255,255
255,255,255
255,255,255
255,255,255
255,255,255
255,255,255
255,255,255
255,255,255
255,255,255
255,255,255
255,255,255
255,255,255
255,255,255
255,255,255
255,255,255
255,255,255
255,255,255
255,255,255
255,255,255
255,255,255
255,255,255
255,255,255
255,255,255
255,255,255
255,255,255
255,255,255
255,255,255
255,255,255
255,255,255
255,255,255
255,255,255
255,255,255
255,255,255
255,255,255
255,255,255
255,255,255
255,255,255
255,255,255
255,255,255
255,255,255
255,255,255
255,255,255
255,255,255
255,255,255
255,255,255
255,255,255
255,255,255
255,255,255
255,255,255
255,255,255
255,255,255
255,255,255
255,255,255
255,255,255
255,255,255
255,255,255
255,255,255
255,255,255
255,255,255
255,255,255
255,255,255
255,255,255
255,255,255
255,255,255
255,255,255
255,255,255
255,255,255
255,255,255
255,255,255
255,255,255
255,255,255
255,255,255
255,255,255
255,255,255
255,255,255
255,255,255
255,255,255
255,255,255
255,255,255
255,255,255
255,255,255
255,255,255
255,255,255
255,255,255
255,255,255
255,255,255
255,255,255
255,255,255
255,255,255
255,255,255
255,255,255
255,255,255
255,255,255
255,255,255
255,255,255
255,255,255
255,255,255
255,255,255
255,255,255
255,255,255
255,255,255
255,255,255
255,255,255
255,255,255
255,255,255
255,255,255
255,255,255
255,255,255
255,255,255
255,255,255
255,255,255
255,255,255
255,255,255
255,255,255
255,255,255
255,255,255
255,255,255
255,255,255
255,255,255
255,255,255
255,255,255
255,255,255
255,255,255
255,255,255
255,255,255
255,255,255
255,255,255
255,255,255
255,255,255
255,255,255
255,255,255
255,255,255
255,255,255
255,255,255
255,255,255
255,255,255
255,255,255
255,255,255
255,255,255
255,255,255
255,255,255
255,255,255
255,255,255
255,255,255
255,255,255
255,255,255
255,255,255
255,255,255
255,255,255
255,255,255
255,255,255
255,255,255
255,255,255
255,255,255
255,255,255
255,255,255
255,255,255
255,255,255
255,255,255
255,255,255
255,255,255
255,255,255
255,255,255
255,255,255
255,255,255
255,255,255
255,255,255
255,255,255
255,255,255
255,255,255
255,255,255
255,255,255
255,255,255
255,255,255
255,255,255
255,255,255
255,255,255
255,255,255
255,255,255
255,255,255
255,255,255
255,255,255
255,255,255
255,255,255
255,255,255
255,255,255
255,255,255
255,255,255
255,255,255
255,255,255
255,255,255
255,255,255
255,255,255
255,255,255
255,255,255
255,255,255
255,255,255
255,255,255
255,255,255
255,255,255
255,255,255
255,255,255
255,255,255
255,255,255
255,255,255
255,255,255
255,255,255
255,255,255
255,255,255
255,255,255
255,255,255
255,255,255
255,255,255
255,255,255
255,255,255
255,255,255
255,255,255
255,255,255
255,255,255
255,255,255
255,255,255
255,255,255
255,255,255
255,255,255
255,255,255
255,255,255
255,255,255
255,255,255
255,255,255
255,255,255
255,255,255
255,255,255
255,255,255
255,255,255
255,255,255
255,255,255
255,255,255
255,255,255
255,255,255
255,255,255
255,255,255
255,255,255
255,255,255
255,255,255
255,255,255
255,255,255
255,255,255
255,255,255
255,255,255
255,255,255
255,255,255
255,255,255
255,255,255
255,255,255
255,255,255
255,255,255
255,255,255
255,255,255
255,255,255
255,255,255
255,255,255
255,255,255
255,255,255
255,255,255
255,255,255
255,255,255
255,255,255
255,255,255
255,255,255
255,255,255
255,255,255
255,255,255
255,255,255
255,255,255
255,255,255
255,255,255
255,255,255
255,255,255
255,255,255
255,255,255
255,255,255
255,255,255
255,255,255
255,255,255
255,255,255
255,255,255
255,255,255
255,255,255
255,255,255
255,255,255
255,255,255
255,255,255
255,255,255
255,255,255
255,255,255
255,255,255
255,255,255
255,255,255
255,255,255
255,255,255
255,255,255
255,255,255
255,255,255
255,255,255
255,255,255
255,255,255
255,255,255
255,255,255
255,255,255
255,255,255
255,255,255
255,255,255
255,255,255
255,255,255
255,255,255
255,255,255
255,255,255
255,255,255
255,255,255
255,255,255
255,255,255
255,255,255
255,255,255
255,255,255
255,255,255
255,255,255
255,255,255
255,255,255
255,255,255
255,255,255
255,255,255
255,255,255
255,255,255
255,255,255
255,255,255
255,255,255
255,255,255
255,255,255
255,255,255
255,255,255
255,255,255
255,255,255
255,255,255
255,255,255
255,255,255
255,255,255
255,255,255
255,255,255
255,255,255
255,255,255
255,255,255
255,255,255
255,255,255
255,255,255
255,255,255
255,255,255
255,255,255
255,255,255
255,255,255
255,255,255
255,255,255
255,255,255
255,255,255
255,255,255
255,255,255
255,255,255
255,255,255
255,255,255
255,255,255
255,255,255
255,255,255
255,255,255
255,255,255
255,255,255
255,255,255
255,255,255
255,255,255
255,255,255
255,255,255
255,255,255
255,255,255
255,255,255
255,255,255
255,255,255
255,255,255
255,255,255
255,255,255
255,255,255
255,255,255
255,255,255
255,255,255
255,255,255
255,255,255
255,255,255
255,255,255
255,255,255
255,255,255
255,255,255
255,255,255
255,255,255
255,255,255
255,255,255
255,255,255
255,255,255
255,255,255
255,255,255
255,255,255
255,255,255
255,255,255
255,255,255
255,255,255
255,255,255
255,255,255
255,255,255
255,255,255
255,255,255
255,255,255
255,255,255
255,255,255
255,255,255
255,255,255
255,255,255
255,255,255
255,255,255
255,255,255
255,255,255
255,255,255
255,255,255
255,255,255
255,255,255
255,255,255
255,255,255
255,255,255
255,255,255
255,255,255
255,255,255
255,255,255
255,255,255
255,255,255
255,255,255
255,255,255
255,255,255
255,255,255
255,255,255
255,255,255
255,255,255
255,255,255
255,255,255
255,255,255
255,255,255
255,255,255
255,255,255
255,255,255
255,255,255
255,255,255
255,255,255
255,255,255
255,255,255
255,255,255
255,255,255
255,255,255
255,255,255
255,255,255
255,255,255
255,255,255
255,255,255
255,255,255
255,255,255
255,255,255
255,255,255
255,255,255
255,255,255
255,255,255
255,255,255
255,255,255
255,255,255
255,255,255
255,255,255
255,255,255
255,255,255
255,255,255
255,255,255
255,255,255
255,255,255
255,255,255
255,255,255
255,255,255
255,255,255
255,255,255
255,255,255
255,255,255
255,255,255
255,255,255
255,255,255
255,255,255
255,255,255
255,255,255
255,255,255
255,255,255
255,255,255
255,255,255
255,255,255
255,255,255
255,255,255
255,255,255
255,255,255
255,255,255
255,255,255
255,255,255
255,255,255
255,255,255
255,255,255
255,255,255
255,255,255
255,255,255
255,255,255
255,255,255
255,255,255
255,255,255
255,255,255
255,255,255
255,255,255
255,255,255
255,255,255
255,255,255
255,255,255
255,255,255
255,255,255
255,255,255
255,255,255
255,255,255
255,255,255
255,255,255
255,255,255
255,255,255
255,255,255
255,255,255
255,255,255
255,255,255
255,255,255
255,255,255
255,255,255
255,255,255
255,255,255
255,255,255
255,255,255
255,255,255
255,255,255
255,255,255
255,255,255
255,255,255
255,255,255
255,255,255
255,255,255
255,255,255
255,255,255
255,255,255
255,255,255
255,255,255
255,255,255
255,255,255
255,255,255
255,255,255
255,255,255
255,255,255
255,255,255
255,255,255
255,255,255
255,255,255
255,255,255
255,255,255
255,255,255
255,255,255
255,255,255
255,255,255
255,255,255
255,255,255
255,255,255
255,255,255
255,255,255
255,255,255
255,255,255
255,255,255
255,255,255
255,255,255
255,255,255
255,255,255
255,255,255
255,255,255
255,255,255
255,255,255
255,255,255
255,255,255
255,255,255
255,255,255
255,255,255
255,255,255
255,255,255
255,255,255
255,255,255
255,255,255
255,255,255
255,255,255
255,255,255
255,255,255
255,255,255
255,255,255
255,255,255
255,255,255
255,255,255
255,255,255
255,255,255
255,255,255
255,255,255
255,255,255
255,255,255
255,255,255
255,255,255
255,255,255
255,255,255
255,255,255
255,255,255
255,255,255
255,255,255
255,255,255
255,255,255
255,255,255
255,255,255
255,255,255
255,255,255
255,255,255
255,255,255
255,255,255
255,255,255
255,255,255
255,255,255
255,255,255
255,255,255
255,255,255
255,255,255
255,255,255
255,255,255
255,255,255
255,255,255
255,255,255
255,255,255
255,255,255
255,255,255
255,255,255
255,255,255
255,255,255
255,255,255
255,255,255
255,255,255
255,255,255
255,255,255
255,255,255
255,255,255
255,255,255
255,255,255
255,255,255
255,255,255
255,255,255
255,255,255
255,255,255
255,255,255
255,255,255
255,255,255
255,255,255
255,255,255
255,255,255
255,255,255
255,255,255
255,255,255
255,255,255
255,255,255
255,255,255
255,255,255
255,255,255
255,255,255
255,255,255
255,255,255
255,255,255
255,255,255
255,255,255
255,255,255
255,255,255
255,255,255
255,255,255
255,255,255
255,255,255
255,255,255
255,255,255
255,255,255
255,255,255
255,255,255
255,255,255
255,255,255
255,255,255
255,255,255
255,255,255
255,255,255
255,255,255
255,255,255
255,255,255
255,255,255
255,255,255
255,255,255
255,255,255
255,255,255
255,255,255
255,255,255
255,255,255
255,255,255
255,255,255
255,255,255
255,255,255
255,255,255
255,255,255
255,255,255
255,255,255
255,255,255
255,255,255
255,255,255
255,255,255
255,255,255
255,255,255
255,255,255
255,255,255
255,255,255
255,255,255
255,255,255
255,255,255
255,255,255
255,255,255
255,255,255
255,255,255
255,255,255
255,255,255
255,255,255
255,255,255
255,255,255
255,255,255
255,255,255
255,255,255
255,255,255
255,255,255
255,255,255
255,255,255
255,255,255
255,255,255
255,255,255
255,255,255
255,255,255
255,255,255
255,255,255
255,255,255
255,255,255
255,255,255
255,255,255
255,255,255
255,255,255
255,255,255
255,255,255
255,255,255
255,255,255
255,255,255
255,255,255
255,255,255
255,255,255
255,255,255
255,255,255
255,255,255
255,255,255
255,255,255
255,255,255
255,255,255
255,255,255
255,255,255
255,255,255
255,255,255
255,255,255
255,255,255
255,255,255
255,255,255
255,255,255
255,255,255
255,255,255
255,255,255
255,255,255
255,255,255
255,255,255
255,255,255
255,255,255
255,255,255
255,255,255
255,255,255
255,255,255
255,255,255
255,255,255
255,255,255
255,255,255
255,255,255
255,255,255
255,255,255
255,255,255
255,255,255
255,255,255
255,255,255
255,255,255
255,255,255
255,255,255
255,255,255
255,255,255
255,255,255
255,255,255
255,255,255
255,255,255
255,255,255
255,255,255
255,255,255
255,255,255
255,255,255
255,255,255
255,255,255
255,255,255
255,255,255
255,255,255
255,255,255
255,255,255
255,255,255
255,255,255
255,255,255
255,255,255
255,255,255
255,255,255
255,255,255
255,255,255
255,255,255
255,255,255
255,255,255
255,255,255
255,255,255
255,255,255
255,255,255
255,255,255
255,255,255
255,255,255
255,255,255
255,255,255
255,255,255
255,255,255
255,255,255
255,255,255
255,255,255
255,255,255
255,255,255
255,255,255
255,255,255
255,255,255
255,255,255
255,255,255
255,255,255
255,255,255
255,255,255
255,255,255
255,255,255
255,255,255
255,255,255
255,255,255
255,255,255
255,255,255
255,255,255
255,255,255
255,255,255
255,255,255
255,255,255
255,255,255
255,255,255
255,255,255
255,255,255
255,255,255
255,255,255
255,255,255
255,255,255
255,255,255
255,255,255
255,255,255
255,255,255
255,255,255
255,255,255
255,255,255
255,255,255
255,255,255
255,255,255
255,255,255
255,255,255
255,255,255
255,255,255
255,255,255
255,255,255
255,255,255
255,255,255
255,255,255
255,255,255
255,255,255
255,255,255
255,255,255
255,255,255
255,255,255
255,255,255
255,255,255
255,255,255
255,255,255
255,255,255
255,255,255
255,255,255
255,255,255
255,255,255
255,255,255
255,255,255
255,255,255
255,255,255
255,255,255
255,255,255
255,255,255
255,255,255
255,255,255
255,255,255
255,255,255
255,255,255
255,255,255
255,255,255
255,255,255
255,255,255
255,255,255
255,255,255
255,255,255
255,255,255
255,255,255
255,255,255
255,255,255
255,255,255
255,255,255
255,255,255
255,255,255
255,255,255
255,255,255
255,255,255
255,255,255
255,255,255
255,255,255
255,255,255
255,255,255
255,255,255
255,255,255
255,255,255
255,255,255
255,255,255
255,255,255
255,255,255
255,255,255
255,255,255
255,255,255
255,255,255
255,255,255
255,255,255
255,255,255
255,255,255
255,255,255
255,255,255
255,255,255
255,255,255
255,255,255
255,255,255
255,255,255
255,255,255
255,255,255
255,255,255
255,255,255
255,255,255
255,255,255
255,255,255
255,255,255
255,255,255
255,255,255
255,255,255
255,255,255
255,255,255
255,255,255
255,255,255
255,255,255
255,255,255
255,255,255
255,255,255
255,255,255
255,255,255
255,255,255
255,255,255
255,255,255
255,255,255
255,255,255
255,255,255
255,255,255
255,255,255
255,255,255
255,255,255
255,255,255
255,255,255
255,255,255
255,255,255
255,255,255
255,255,255
255,255,255
255,255,255
255,255,255
255,255,255
255,255,255
255,255,255
255,255,255
255,255,255
255,255,255
255,255,255
255,255,255
255,255,255
255,255,255
255,255,255
255,255,255
255,255,255
255,255,255
255,255,255
255,255,255
255,255,255
255,255,255
255,255,255
255,255,255
255,255,255
255,255,255
255,255,255
255,255,255
255,255,255
255,255,255
255,255,255
255,255,255
255,255,255
255,255,255
255,255,255
255,255,255
255,255,255
255,255,255
255,255,255
255,255,255
255,255,255
255,255,255
255,255,255
255,255,255
255,255,255
255,255,255
255,255,255
255,255,255
255,255,255
255,255,255
255,255,255
255,255,255
255,255,255
255,255,255
255,255,255
255,255,255
255,255,255
255,255,255
255,255,255
255,255,255
255,255,255
255,255,255
255,255,255
255,255,255
255,255,255
255,255,255
255,255,255
255,255,255
255,255,255
255,255,255
255,255,255
255,255,255
255,255,255
255,255,255
255,255,255
255,255,255
255,255,255
255,255,255
255,255,255
255,255,255
255,255,255
255,255,255
255,255,255
255,255,255
255,255,255
255,255,255
255,255,255
255,255,255
255,255,255
255,255,255
255,255,255
255,255,255
255,255,255
255,255,255
255,255,255
255,255,255
255,255,255
255,255,255
255,255,255
255,255,255
255,255,255
255,255,255
255,255,255
255,255,255
255,255,255
255,255,255
255,255,255
255,255,255
255,255,255
255,255,255
255,255,255
255,255,255
255,255,255
255,255,255
255,255,255
255,255,255
255,255,255
255,255,255
255,255,255
255,255,255
255,255,255
255,255,255
255,255,255
255,255,255
255,255,255
255,255,255
255,255,255
255,255,255
255,255,255
255,255,255
255,255,255
255,255,255
255,255,255
255,255,255
255,255,255
255,255,255
255,255,255
255,255,255
255,255,255
255,255,255
255,255,255
255,255,255
255,255,255
255,255,255
255,255,255
255,255,255
255,255,255
255,255,255
255,255,255
255,255,255
255,255,255
255,255,255
255,255,255
255,255,255
255,255,255
255,255,255
255,255,255
255,255,255
255,255,255
255,255,255
255,255,255
255,255,255
255,255,255
255,255,255
255,255,255
255,255,255
255,255,255
255,255,255
255,255,255
255,255,255
255,255,255
255,255,255
255,255,255
255,255,255
255,255,255
255,255,255
255,255,255
255,255,255
255,255,255
255,255,255
255,255,255
255,255,255
255,255,255
255,255,255
255,255,255
255,255,255
255,255,255
255,255,255
255,255,255
255,255,255
255,255,255
255,255,255
255,255,255
255,255,255
255,255,255
255,255,255
255,255,255
255,255,255
255,255,255
255,255,255
255,255,255
255,255,255
255,255,255
255,255,255
255,255,255
255,255,255
255,255,255
255,255,255
255,255,255
255,255,255
255,255,255
255,255,255
255,255,255
255,255,255
255,255,255
255,255,255
255,255,255
255,255,255
255,255,255
255,255,255
255,255,255
255,255,255
255,255,255
255,255,255
255,255,255
255,255,255
255,255,255
255,255,255
255,255,255
255,255,255
255,255,255
255,255,255
255,255,255
255,255,255
255,255,255
255,255,255
255,255,255
255,255,255
255,255,255
255,255,255
255,255,255
255,255,255
255,255,255
255,255,255
255,255,255
255,255,255
255,255,255
255,255,255
255,255,255
255,255,255
255,255,255
255,255,255
255,255,255
255,255,255
255,255,255
255,255,255
255,255,255
255,255,255
255,255,255
255,255,255
255,255,255
255,255,255
255,255,255
255,255,255
255,255,255
255,255,255
255,255,255
255,255,255
255,255,255
255,255,255
255,255,255
255,255,255
255,255,255
255,255,255
255,255,255
255,255,255
255,255,255
255,255,255
255,255,255
255,255,255
255,255,255
255,255,255
255,255,255
255,255,255
255,255,255
255,255,255
255,255,255
255,255,255
255,255,255
255,255,255
255,255,255
255,255,255
255,255,255
255,255,255
255,255,255
255,255,255
255,255,255
255,255,255
255,255,255
255,255,255
255,255,255
255,255,255
255,255,255
255,255,255
255,255,255
255,255,255
255,255,255
255,255,255
255,255,255
255,255,255
255,255,255
255,255,255
255,255,255
255,255,255
255,255,255
255,255,255
255,255,255
255,255,255
255,255,255
255,255,255
255,255,255
255,255,255
255,255,255
255,255,255
255,255,255
255,255,255
255,255,255
255,255,255
255,255,255
255,255,255
255,255,255
255,255,255
255,255,255
255,255,255
255,255,255
255,255,255
255,255,255
255,255,255
255,255,255
255,255,255
255,255,255
255,255,255
255,255,255
255,255,255
255,255,255
255,255,255
255,255,255
255,255,255
255,255,255
255,255,255
255,255,255
255,255,255
255,255,255
255,255,255
255,255,255
255,255,255
255,255,255
255,255,255
255,255,255
255,255,255
255,255,255
255,255,255
255,255,255
255,255,255
255,255,255
255,255,255
255,255,255
255,255,255
255,255,255
255,255,255
255,255,255
255,255,255
255,255,255
255,255,255
255,255,255
255,255,255
255,255,255
255,255,255
255,255,255
255,255,255
255,255,255
255,255,255
255,255,255
255,255,255
255,255,255
255,255,255
255,255,255
255,255,255
255,255,255
255,255,255
255,255,255
255,255,255
255,255,255
255,255,255
255,255,255
255,255,255
255,255,255
255,255,255
255,255,255
255,255,255
255,255,255
255,255,255
255,255,255
255,255,255
255,255,255
255,255,255
255,255,255
255,255,255
255,255,255
255,255,255
255,255,255
255,255,255
255,255,255
255,255,255
255,255,255
255,255,255
255,255,255
255,255,255
255,255,255
255,255,255
255,255,255
255,255,255
255,255,255
255,255,255
255,255,255
255,255,255
255,255,255
255,255,255
255,255,255
255,255,255
255,255,255
255,255,255
255,255,255
255,255,255
255,255,255
255,255,255
255,255,255
255,255,255
255,255,255
255,255,255
255,255,255
255,255,255
255,255,255
255,255,255
255,255,255
255,255,255
255,255,255
255,255,255
255,255,255
255,255,255
255,255,255
255,255,255
255,255,255
255,255,255
255,255,255
255,255,255
255,255,255
255,255,255
255,255,255
255,255,255
255,255,255
255,255,255
255,255,255
255,255,255
255,255,255
255,255,255
255,255,255
255,255,255
255,255,255
255,255,255
255,255,255
255,255,255
255,255,255
255,255,255
255,255,255
255,255,255
255,255,255
255,255,255
255,255,255
255,255,255
255,255,255
255,255,255
255,255,255
255,255,255
255,255,255
255,255,255
255,255,255
255,255,255
255,255,255
255,255,255
255,255,255
255,255,255
255,255,255
255,255,255
255,255,255
255,255,255
255,255,255
255,255,255
255,255,255
255,255,255
255,255,255
255,255,255
255,255,255
255,255,255
255,255,255
255,255,255
255,255,255
255,255,255
255,255,255
255,255,255
255,255,255
255,255,255
255,255,255
255,255,255
255,255,255
255,255,255
255,255,255
255,255,255
255,255,255
255,255,255
255,255,255
255,255,255
255,255,255
255,255,255
255,255,255
255,255,255
255,255,255
255,255,255
255,255,255
255,255,255
255,255,255
255,255,255
255,255,255
255,255,255
255,255,255
255,255,255
255,255,255
255,255,255
255,255,255
255,255,255
255,255,255
255,255,255
255,255,255
255,255,255
255,255,255
255,255,255
255,255,255
255,255,255
255,255,255
255,255,255
255,255,255
255,255,255
255,255,255
255,255,255
255,255,255
255,255,255
255,255,255
255,255,255
255,255,255
255,255,255
255,255,255
255,255,255
255,255,255
255,255,255
255,255,255
255,255,255
255,255,255
255,255,255
255,255,255
255,255,255
255,255,255
255,255,255
255,255,255
255,255,255
255,255,255
255,255,255
255,255,255
255,255,255
255,255,255
255,255,255
255,255,255
255,255,255
255,255,255
255,255,255
255,255,255
255,255,255
255,255,255
255,255,255
255,255,255
255,255,255
255,255,255
255,255,255
255,255,255
255,255,255
255,255,255
255,255,255
255,255,255
255,255,255
255,255,255
255,255,255
255,255,255
255,255,255
255,255,255
255,255,255
255,255,255
255,255,255
255,255,255
255,255,255
255,255,255
255,255,255
255,255,255
255,255,255
255,255,255
255,255,255
255,255,255
255,255,255
255,255,255
255,255,255
255,255,255
255,255,255
255,255,255
255,255,255
255,255,255
255,255,255
255,255,255
255,255,255
255,255,255
255,255,255
255,255,255
255,255,255
255,255,255
255,255,255
255,255,255
255,255,255
255,255,255
255,255,255
255,255,255
255,255,255
255,255,255
255,255,255
255,255,255
255,255,255
255,255,255
255,255,255
255,255,255
255,255,255
255,255,255
255,255,255
255,255,255
255,255,255
255,255,255
255,255,255
255,255,255
255,255,255
255,255,255
255,255,255
255,255,255
255,255,255
255,255,255
255,255,255
255,255,255
255,255,255
255,255,255
255,255,255
255,255,255
255,255,255
255,255,255
255,255,255
255,255,255
255,255,255
255,255,255
255,255,255
255,255,255
255,255,255
255,255,255
255,255,255
255,255,255
255,255,255
255,255,255
255,255,255
255,255,255
255,255,255
255,255,255
255,255,255
255,255,255
255,255,255
255,255,255
255,255,255
255,255,255
255,255,255
255,255,255
255,255,255
255,255,255
255,255,255
255,255,255
255,255,255
255,255,255
255,255,255
255,255,255
255,255,255
255,255,255
255,255,255
255,255,255
255,255,255
255,255,255
255,255,255
255,255,255
255,255,255
255,255,255
255,255,255
255,255,255
255,255,255
255,255,255
255,255,255
255,255,255
255,255,255
255,255,255
255,255,255
255,255,255
255,255,255
255,255,255
255,255,255
255,255,255
255,255,255
255,255,255
255,255,255
255,255,255
255,255,255
255,255,255
255,255,255
255,255,255
255,255,255
255,255,255
255,255,255
255,255,255
255,255,255
255,255,255
255,255,255
255,255,255
255,255,255
255,255,255
255,255,255
255,255,255
255,255,255
255,255,255
255,255,255
255,255,255
255,255,255
255,255,255
255,255,255
255,255,255
255,255,255
255,255,255
255,255,255
255,255,255
255,255,255
255,255,255
255,255,255
255,255,255
255,255,255
255,255,255
255,255,255
255,255,255
255,255,255
255,255,255
255,255,255
255,255,255
255,255,255
255,255,255
255,255,255
255,255,255
255,255,255
255,255,255
255,255,255
255,255,255
255,255,255
255,255,255
255,255,255
255,255,255
255,255,255
255,255,255
255,255,255
255,255,255
255,255,255
255,255,255
255,255,255
255,255,255
255,255,255
255,255,255
255,255,255
255,255,255
255,255,255
255,255,255
255,255,255
255,255,255
255,255,255
255,255,255
255,255,255
255,255,255
255,255,255
255,255,255
255,255,255
255,255,255
255,255,255
255,255,255
255,255,255
255,255,255
255,255,255
255,255,255
255,255,255
255,255,255
255,255,255
255,255,255
255,255,255
255,255,255
255,255,255
255,255,255
255,255,255
255,255,255
255,255,255
255,255,255
255,255,255
255,255,255
255,255,255
255,255,255
255,255,255
255,255,255
255,255,255
255,255,255
255,255,255
255,255,255
255,255,255
255,255,255
255,255,255
255,255,255
255,255,255
255,255,255
255,255,255
255,255,255
255,255,255
255,255,255
255,255,255
255,255,255
255,255,255
255,255,255
255,255,255
255,255,255
255,255,255
255,255,255
255,255,255
255,255,255
255,255,255
255,255,255
255,255,255
255,255,255
255,255,255
255,255,255
255,255,255
255,255,255
255,255,255
255,255,255
255,255,255
255,255,255
255,255,255
255,255,255
255,255,255
255,255,255
255,255,255
255,255,255
255,255,255
255,255,255
255,255,255
255,255,255
255,255,255
255,255,255
255,255,255
255,255,255
255,255,255
255,255,255
255,255,255
255,255,255
255,255,255
255,255,255
255,255,255
255,255,255
255,255,255
255,255,255
255,255,255
255,255,255
255,255,255
255,255,255
255,255,255
255,255,255
255,255,255
255,255,255
255,255,255
255,255,255
255,255,255
255,255,255
255,255,255
255,255,255
255,255,255
255,255,255
255,255,255
255,255,255
255,255,255
255,255,255
255,255,255
255,255,255
255,255,255
255,255,255
255,255,255
255,255,255
255,255,255
255,255,255
255,255,255
255,255,255
255,255,255
255,255,255
255,255,255
255,255,255
255,255,255
255,255,255
255,255,255
255,255,255
255,255,255
255,255,255
255,255,255
255,255,255
255,255,255
255,255,255
255,255,255
255,255,255
255,255,255
255,255,255
255,255,255
255,255,255
255,255,255
255,255,255
255,255,255
255,255,255
255,255,255
255,255,255
255,255,255
255,255,255
255,255,255
255,255,255
255,255,255
255,255,255
255,255,255
255,255,255
255,255,255
255,255,255
255,255,255
255,255,255
255,255,255
255,255,255
255,255,255
255,255,255
255,255,255
255,255,255
255,255,255
255,255,255
255,255,255
255,255,255
255,255,255
255,255,255
255,255,255
255,255,255
255,255,255
255,255,255
255,255,255
255,255,255
255,255,255
255,255,255
255,255,255
255,255,255
255,255,255
255,255,255
255,255,255
255,255,255
255,255,255
255,255,255
255,255,255
255,255,255
255,255,255
255,255,255
255,255,255
255,255,255
255,255,255
255,255,255
255,255,255
255,255,255
255,255,255
255,255,255
255,255,255
255,255,255
255,255,255
255,255,255
255,255,255
255,255,255
255,255,255
255,255,255
255,255,255
255,255,255
255,255,255
255,255,255
255,255,255
255,255,255
255,255,255
255,255,255
255,255,255
255,255,255
255,255,255
255,255,255
255,255,255
255,255,255
255,255,255
255,255,255
255,255,255
255,255,255
255,255,255
255,255,255
255,255,255
255,255,255
255,255,255
255,255,255
255,255,255
255,255,255
255,255,255
255,255,255
255,255,255
255,255,255
255,255,255
255,255,255
255,255,255
255,255,255
255,255,255
255,255,255
255,255,255
255,255,255
255,255,255
255,255,255
255,255,255
255,255,255
255,255,255
255,255,255
255,255,255
255,255,255
255,255,255
255,255,255
255,255,255
255,255,255
255,255,255
255,255,255
255,255,255
255,255,255
255,255,255
255,255,255
255,255,255
255,255,255
255,255,255
255,255,255
255,255,255
255,255,255
255,255,255
255,255,255
255,255,255
255,255,255
255,255,255
255,255,255
255,255,255
255,255,255
255,255,255
255,255,255
255,255,255
255,255,255
255,255,255
255,255,255
255,255,255
255,255,255
255,255,255
255,255,255
255,255,255
255,255,255
255,255,255
255,255,255
255,255,255
255,255,255
255,255,255
255,255,255
255,255,255
255,255,255
255,255,255
255,255,255
255,255,255
255,255,255
255,255,255
255,255,255
255,255,255
255,255,255
255,255,255
255,255,255
255,255,255
255,255,255
255,255,255
255,255,255
255,255,255
255,255,255
255,255,255
255,255,255
255,255,255
255,255,255
255,255,255
255,255,255
255,255,255
255,255,255
255,255,255
255,255,255
255,255,255
255,255,255
255,255,255
255,255,255
255,255,255
255,255,255
255,255,255
255,255,255
255,255,255
255,255,255
255,255,255
255,255,255
255,255,255
255,255,255
255,255,255
255,255,255
255,255,255
255,255,255
255,255,255
255,255,255
255,255,255
255,255,255
255,255,255
255,255,255
255,255,255
255,255,255
255,255,255
255,255,255
255,255,255
255,255,255
255,255,255
255,255,255
255,255,255
255,255,255
255,255,255
255,255,255
255,255,255
255,255,255
255,255,255
255,255,255
255,255,255
255,255,255
255,255,255
255,255,255
255,255,255
255,255,255
255,255,255
255,255,255
255,255,255
255,255,255
255,255,255
255,255,255
255,255,255
255,255,255
255,255,255
255,255,255
255,255,255
255,255,255
255,255,255
255,255,255
255,255,255
255,255,255
255,255,255
255,255,255
255,255,255
255,255,255
255,255,255
255,255,255
255,255,255
255,255,255
255,255,255
255,255,255
255,255,255
255,255,255
255,255,255
255,255,255
255,255,255
255,255,255
255,255,255
255,255,255
255,255,255
255,255,255
255,255,255
255,255,255
255,255,255
255,255,255
255,255,255
255,255,255
255,255,255
255,255,255
255,255,255
255,255,255
255,255,255
255,255,255
255,255,255
255,255,255
255,255,255
255,255,255
255,255,255
255,255,255
255,255,255
255,255,255
255,255,255
255,255,255
255,255,255
255,255,255
255,255,255
255,255,255
255,255,255
255,255,255
255,255,255
255,255,255
255,255,255
255,255,255
255,255,255
255,255,255
255,255,255
255,255,255
255,255,255
255,255,255
255,255,255
255,255,255
255,255,255
255,255,255
255,255,255
255,255,255
255,255,255
255,255,255
255,255,255
255,255,255
255,255,255
255,255,255
255,255,255
255,255,255
255,255,255
255,255,255
255,255,255
255,255,255
255,255,255
255,255,255
255,255,255
255,255,255
255,255,255
255,255,255
255,255,255
255,255,255
255,255,255
255,255,255
255,255,255
255,255,255
255,255,255
255,255,255
255,255,255
255,255,255
255,255,255
255,255,255
255,255,255
255,255,255
255,255,255
255,255,255
255,255,255
255,255,255
255,255,255
255,255,255
255,255,255
255,255,255
255,255,255
255,255,255
255,255,255
255,255,255
255,255,255
255,255,255
255,255,255
255,255,255
255,255,255
255,255,255
255,255,255
255,255,255
255,255,255
255,255,255
255,255,255
255,255,255
255,255,255
255,255,255
255,255,255
255,255,255
255,255,255
255,255,255
255,255,255
255,255,255
255,255,255
255,255,255
255,255,255
255,255,255
255,255,255
255,255,255
255,255,255
255,255,255
255,255,255
255,255,255
255,255,255
255,255,255
255,255,255
255,255,255
255,255,255
255,255,255
255,255,255
255,255,255
255,255,255
255,255,255
255,255,255
255,255,255
255,255,255
255,255,255
255,255,255
255,255,255
255,255,255
255,255,255
255,255,255
255,255,255
255,255,255
255,255,255
255,255,255
255,255,255
255,255,255
255,255,255
255,255,255
255,255,255
255,255,255
255,255,255
255,255,255
255,255,255
255,255,255
255,255,255
255,255,255
255,255,255
255,255,255
255,255,255
255,255,255
255,255,255
255,255,255
255,255,255
255,255,255
255,255,255
255,255,255
255,255,255
255,255,255
255,255,255
255,255,255
255,255,255
255,255,255
255,255,255
255,255,255
255,255,255
255,255,255
255,255,255
255,255,255
255,255,255
255,255,255
255,255,255
255,255,255
255,255,255
255,255,255
255,255,255
255,255,255
255,255,255
255,255,255
255,255,255
255,255,255
255,255,255
255,255,255
255,255,255
255,255,255
255,255,255
255,255,255
255,255,255
255,255,255
255,255,255
255,255,255
255,255,255
255,255,255
255,255,255
255,255,255
255,255,255
255,255,255
255,255,255
255,255,255
255,255,255
255,255,255
255,255,255
255,255,255
255,255,255
255,255,255
255,255,255
255,255,255
255,255,255
255,255,255
255,255,255
255,255,255
255,255,255
255,255,255
255,255,255
255,255,255
255,255,255
255,255,255
255,255,255
255,255,255
255,255,255
255,255,255
255,255,255
255,255,255
255,255,255
255,255,255
255,255,255
255,255,255
255,255,255
255,255,255
255,255,255
255,255,255
255,255,255
255,255,255
255,255,255
255,255,255
255,255,255
255,255,255
255,255,255
255,255,255
255,255,255
255,255,255
255,255,255
255,255,255
255,255,255
255,255,255
255,255,255
255,255,255
255,255,255
255,255,255
255,255,255
255,255,255
255,255,255
255,255,255
255,255,255
255,255,255
255,255,255
255,255,255
255,255,255
255,255,255
255,255,255
255,255,255
255,255,255
255,255,255
255,255,255
255,255,255
255,255,255
255,255,255
255,255,255
255,255,255
255,255,255
255,255,255
255,255,255
255,255,255
255,255,255
255,255,255
255,255,255
255,255,255
255,255,255
255,255,255
255,255,255
255,255,255
255,255,255
255,255,255
255,255,255
255,255,255
255,255,255
255,255,255
255,255,255
255,255,255
255,255,255
255,255,255
255,255,255
255,255,255
255,255,255
255,255,255
255,255,255
255,255,255
255,255,255
255,255,255
255,255,255
255,255,255
255,255,255
255,255,255
255,255,255
255,255,255
255,255,255
255,255,255
255,255,255
255,255,255
255,255,255
255,255,255
255,255,255
255,255,255
255,255,255
255,255,255
255,255,255
255,255,255
255,255,255
255,255,255
255,255,255
255,255,255
255,255,255
255,255,255
255,255,255
255,255,255
255,255,255
255,255,255
255,255,255
255,255,255
255,255,255
255,255,255
255,255,255
255,255,255
255,255,255
255,255,255
255,255,255
255,255,255
255,255,255
255,255,255
255,255,255
255,255,255
255,255,255
255,255,255
255,255,255
255,255,255
255,255,255
255,255,255
255,255,255
255,255,255
255,255,255
255,255,255
255,255,255
255,255,255
255,255,255
255,255,255
255,255,255
255,255,255
255,255,255
255,255,255
255,255,255
255,255,255
255,255,255
255,255,255
255,255,255
255,255,255
255,255,255
255,255,255
255,255,255
255,255,255
255,255,255
255,255,255
255,255,255
255,255,255
255,255,255
255,255,255
255,255,255
255,255,255
255,255,255
255,255,255
255,255,255
255,255,255
255,255,255
255,255,255
255,255,255
255,255,255
255,255,255
255,255,255
255,255,255
255,255,255
255,255,255
255,255,255
255,255,255
255,255,255
255,255,255
255,255,255
255,255,255
255,255,255
255,255,255
255,255,255
255,255,255
255,255,255
255,255,255
255,255,255
255,255,255
255,255,255
255,255,255
255,255,255
255,255,255
255,255,255
255,255,255
255,255,255
255,255,255
255,255,255
255,255,255
255,255,255
255,255,255
255,255,255
255,255,255
255,255,255
255,255,255
255,255,255
255,255,255
255,255,255
255,255,255
255,255,255
255,255,255
255,255,255
255,255,255
255,255,255
255,255,255
255,255,255
255,255,255
255,255,255
255,255,255
255,255,255
255,255,255
255,255,255
255,255,255
255,255,255
255,255,255
255,255,255
255,255,255
255,255,255
255,255,255
255,255,255
255,255,255
255,255,255
255,255,255
255,255,255
255,255,255
255,255,255
255,255,255
255,255,255
255,255,255
255,255,255
255,255,255
255,255,255
255,255,255
255,255,255
255,255,255
255,255,255
255,255,255
255,255,255
255,255,255
255,255,255
255,255,255
255,255,255
255,255,255
255,255,255
255,255,255
255,255,255
255,255,255
255,255,255
255,255,255
255,255,255
255,255,255
255,255,255
255,255,255
255,255,255
255,255,255
255,255,255
255,255,255
255,255,255
255,255,255
255,255,255
255,255,255
255,255,255
255,255,255
255,255,255
255,255,255
255,255,255
255,255,255
255,255,255
255,255,255
255,255,255
255,255,255
255,255,255
255,255,255
255,255,255
255,255,255
255,255,255
255,255,255
255,255,255
255,255,255
255,255,255
255,255,255
255,255,255
255,255,255
255,255,255
255,255,255
255,255,255
255,255,255
255,255,255
255,255,255
255,255,255
255,255,255
255,255,255
255,255,255
255,255,255
255,255,255
255,255,255
255,255,255
255,255,255
255,255,255
255,255,255
255,255,255
255,255,255
255,255,255
255,255,255
255,255,255
255,255,255
255,255,255
255,255,255
255,255,255
255,255,255
255,255,255
255,255,255
255,255,255
255,255,255
255,255,255
255,255,255
255,255,255
255,255,255
255,255,255
255,255,255
255,255,255
255,255,255
255,255,255
255,255,255
255,255,255
255,255,255
255,255,255
255,255,255
255,255,255
255,255,255
255,255,255
255,255,255
255,255,255
255,255,255
255,255,255
255,255,255
255,255,255
255,255,255
255,255,255
255,255,255
255,255,255
255,255,255
255,255,255
255,255,255
255,255,255
255,255,255
255,255,255
255,255,255
255,255,255
255,255,255
255,255,255
255,255,255
255,255,255
255,255,255
255,255,255
255,255,255
255,255,255
255,255,255
255,255,255
255,255,255
255,255,255
255,255,255
255,255,255
255,255,255
255,255,255
255,255,255
255,255,255
255,255,255
255,255,255
255,255,255
255,255,255
255,255,255
255,255,255
255,255,255
255,255,255
255,255,255
255,255,255
255,255,255
255,255,255
255,255,255
255,255,255
255,255,255
255,255,255
255,255,255
255,255,255
255,255,255
255,255,255
255,255,255
255,255,255
255,255,255
255,255,255
255,255,255
255,255,255
255,255,255
255,255,255
255,255,255
255,255,255
255,255,255
255,255,255
255,255,255
255,255,255
255,255,255
255,255,255
255,255,255
255,255,255
255,255,255
255,255,255
255,255,255
255,255,255
255,255,255
255,255,255
255,255,255
255,255,255
255,255,255
255,255,255
255,255,255
255,255,255
255,255,255
255,255,255
255,255,255
255,255,255
255,255,255
255,255,255
255,255,255
255,255,255
255,255,255
255,255,255
255,255,255
255,255,255
255,255,255
255,255,255
255,255,255
255,255,255
255,255,255
255,255,255
255,255,255
255,255,255
255,255,255
255,255,255
255,255,255
255,255,255
255,255,255
255,255,255
255,255,255
255,255,255
255,255,255
255,255,255
255,255,255
255,255,255
255,255,255
255,255,255
255,255,255
255,255,255
255,255,255
255,255,255
255,255,255
255,255,255
255,255,255
255,255,255
255,255,255
255,255,255
254,254,254
255,255,255
255,255,255
253,253,253
254,254,254
255,255,255
255,255,255
255,255,255
255,255,255
255,255,255
255,255,255
255,255,255
255,255,255
255,255,255
255,255,255
255,255,255
255,255,255
255,255,255
255,255,255
255,255,255
255,255,255
255,255,255
255,255,255
255,255,255
255,255,255
255,255,255
255,255,255
255,255,255
255,255,255
255,255,255
255,255,255
255,255,255
255,255,255
255,255,255
255,255,255
255,255,255
255,255,255
255,255,255
255,255,255
255,255,255
255,255,255
255,255,255
255,255,255
255,255,255
255,255,255
255,255,255
255,255,255
255,255,255
255,255,255
255,255,255
255,255,255
255,255,255
255,255,255
255,255,255
255,255,255
255,255,255
255,255,255
255,255,255
255,255,255
255,255,255
255,255,255
255,255,255
255,255,255
255,255,255
255,255,255
255,255,255
255,255,255
255,255,255
255,255,255
255,255,255
255,255,255
255,255,255
255,255,255
255,255,255
255,255,255
255,255,255
255,255,255
255,255,255
255,255,255
255,255,255
255,255,255
255,255,255
255,255,255
255,255,255
255,255,255
255,255,255
255,255,255
255,255,255
255,255,255
255,255,255
255,255,255
255,255,255
255,255,255
255,255,255
255,255,255
255,255,255
255,255,255
255,255,255
255,255,255
255,255,255
255,255,255
255,255,255
255,255,255
255,255,255
255,255,255
254,254,254
254,254,254
255,255,255
255,255,255
255,255,255
255,255,255
255,255,255
255,255,255
255,255,255
255,255,255
255,255,255
255,255,255
255,255,255
255,255,255
255,255,255
255,255,255
255,255,255
255,255,255
255,255,255
255,255,255
255,255,255
255,255,255
255,255,255
255,255,255
255,255,255
255,255,255
255,255,255
255,255,255
255,255,255
255,255,255
255,255,255
255,255,255
255,255,255
255,255,255
255,255,255
255,255,255
255,255,255
255,255,255
255,255,255
255,255,255
255,255,255
255,255,255
255,255,255
255,255,255
255,255,255
255,255,255
255,255,255
255,255,255
255,255,255
255,255,255
255,255,255
255,255,255
255,255,255
255,255,255
255,255,255
255,255,255
255,255,255
255,255,255
255,255,255
255,255,255
255,255,255
255,255,255
255,255,255
255,255,255
255,255,255
255,255,255
255,255,255
255,255,255
255,255,255
255,255,255
255,255,255
255,255,255
255,255,255
255,255,255
255,255,255
255,255,255
255,255,255
255,255,255
255,255,255
255,255,255
255,255,255
255,255,255
255,255,255
255,255,255
255,255,255
255,255,255
255,255,255
255,255,255
255,255,255
255,255,255
255,255,255
255,255,255
255,255,255
255,255,255
254,254,254
254,254,254
253,253,253
255,255,255
254,254,254
254,254,254
254,254,254
254,254,254
255,255,255
255,255,255
255,255,255
255,255,255
255,255,255
255,255,255
255,255,255
255,255,255
255,255,255
255,255,255
255,255,255
255,255,255
255,255,255
255,255,255
255,255,255
255,255,255
255,255,255
255,255,255
255,255,255
255,255,255
255,255,255
255,255,255
255,255,255
255,255,255
255,255,255
255,255,255
255,255,255
255,255,255
255,255,255
255,255,255
255,255,255
255,255,255
255,255,255
255,255,255
255,255,255
255,255,255
255,255,255
255,255,255
255,255,255
255,255,255
255,255,255
255,255,255
255,255,255
255,255,255
255,255,255
255,255,255
255,255,255
255,255,255
255,255,255
255,255,255
255,255,255
255,255,255
255,255,255
255,255,255
255,255,255
255,255,255
255,255,255
255,255,255
255,255,255
255,255,255
255,255,255
255,255,255
255,255,255
255,255,255
255,255,255
255,255,255
255,255,255
255,255,255
255,255,255
255,255,255
255,255,255
255,255,255
255,255,255
255,255,255
255,255,255
255,255,255
255,255,255
255,255,255
255,255,255
255,255,255
255,255,255
255,255,255
255,255,255
255,255,255
255,255,255
255,255,255
255,255,255
255,255,255
255,255,255
255,255,255
255,255,255
255,255,255
255,255,255
255,255,255
255,255,255
255,255,255
254,254,254
254,254,254
253,253,253
253,253,253
253,253,253
254,254,254
255,255,255
255,255,255
255,255,255
255,255,255
255,255,255
255,255,255
255,255,255
255,255,255
255,255,255
255,255,255
255,255,255
255,255,255
255,255,255
255,255,255
255,255,255
255,255,255
255,255,255
255,255,255
255,255,255
255,255,255
255,255,255
255,255,255
255,255,255
255,255,255
255,255,255
255,255,255
255,255,255
255,255,255
255,255,255
255,255,255
255,255,255
255,255,255
255,255,255
255,255,255
255,255,255
255,255,255
255,255,255
255,255,255
255,255,255
255,255,255
255,255,255
255,255,255
255,255,255
255,255,255
255,255,255
255,255,255
255,255,255
255,255,255
255,255,255
255,255,255
255,255,255
255,255,255
255,255,255
255,255,255
255,255,255
255,255,255
255,255,255
255,255,255
255,255,255
255,255,255
255,255,255
255,255,255
255,255,255
255,255,255
255,255,255
255,255,255
255,255,255
255,255,255
255,255,255
255,255,255
255,255,255
255,255,255
255,255,255
255,255,255
255,255,255
255,255,255
255,255,255
255,255,255
255,255,255
255,255,255
255,255,255
255,255,255
255,255,255
255,255,255
255,255,255
255,255,255
255,255,255
255,255,255
255,255,255
255,255,255
254,254,254
254,254,254
245,245,245
250,250,250
254,254,254
254,254,254
254,254,254
253,253,253
252,252,252
252,252,252
251,251,251
251,251,251
251,251,251
252,252,252
253,253,253
253,253,253
253,253,253
253,253,253
253,253,253
254,254,254
255,255,255
255,255,255
255,255,255
255,255,255
255,255,255
255,255,255
255,255,255
255,255,255
255,255,255
255,255,255
255,255,255
255,255,255
255,255,255
255,255,255
255,255,255
255,255,255
255,255,255
255,255,255
255,255,255
255,255,255
255,255,255
255,255,255
255,255,255
255,255,255
255,255,255
255,255,255
255,255,255
255,255,255
255,255,255
255,255,255
255,255,255
255,255,255
255,255,255
255,255,255
255,255,255
255,255,255
254,254,254
254,254,254
255,255,255
255,255,255
255,255,255
255,255,255
255,255,255
255,255,255
255,255,255
255,255,255
255,255,255
255,255,255
255,255,255
255,255,255
255,255,255
255,255,255
255,255,255
255,255,255
255,255,255
255,255,255
255,255,255
255,255,255
255,255,255
255,255,255
255,255,255
255,255,255
255,255,255
255,255,255
255,255,255
255,255,255
255,255,255
255,255,255
255,255,255
255,255,255
255,255,255
255,255,255
255,255,255
255,255,255
255,255,255
255,255,255
255,255,255
255,255,255
254,254,254
254,254,254
254,254,254
253,253,253
253,253,253
251,251,251
249,249,249
246,246,246
247,247,247
249,249,249
251,251,251
252,252,252
254,254,254
254,254,254
255,255,255
255,255,255
255,255,255
255,255,255
255,255,255
255,255,255
255,255,255
255,255,255
255,255,255
255,255,255
255,255,255
255,255,255
255,255,255
255,255,255
255,255,255
255,255,255
255,255,255
255,255,255
255,255,255
255,255,255
255,255,255
255,255,255
255,255,255
255,255,255
255,255,255
255,255,255
255,255,255
255,255,255
255,255,255
255,255,255
255,255,255
255,255,255
255,255,255
255,255,255
255,255,255
255,255,255
255,255,255
255,255,255
255,255,255
255,255,255
255,255,255
255,255,255
255,255,255
255,255,255
255,255,255
255,255,255
255,255,255
255,255,255
255,255,255
255,255,255
255,255,255
255,255,255
255,255,255
255,255,255
255,255,255
255,255,255
255,255,255
255,255,255
255,255,255
255,255,255
255,255,255
255,255,255
255,255,255
255,255,255
255,255,255
255,255,255
255,255,255
255,255,255
255,255,255
255,255,255
255,255,255
255,255,255
255,255,255
255,255,255
255,255,255
255,255,255
255,255,255
255,255,255
255,255,255
255,255,255
255,255,255
255,255,255
255,255,255
255,255,255
255,255,255
255,255,255
255,255,255
255,255,255
254,254,254
254,254,254
251,251,251
254,254,254
255,255,255
254,254,254
255,255,255
255,255,255
255,255,255
254,254,254
253,253,253
253,253,253
252,252,252
250,250,250
249,249,249
246,246,246
245,245,245
242,242,242
241,241,241
243,243,243
243,243,243
242,243,243
239,239,239
236,236,236
234,234,234
242,242,242
246,246,246
248,248,248
248,248,248
248,248,248
248,248,248
248,248,248
250,250,250
252,252,252
251,251,251
251,251,251
252,252,252
253,253,253
254,254,254
254,254,254
253,253,253
253,253,253
253,253,253
253,253,253
253,253,253
254,254,254
255,255,255
255,255,255
255,255,255
254,254,254
255,255,255
255,255,255
255,255,255
254,254,254
254,254,254
254,254,254
254,254,254
254,254,254
255,255,255
255,255,255
255,255,255
255,255,255
255,255,255
255,255,255
255,255,255
255,255,255
254,254,254
254,254,254
254,254,254
255,255,255
255,255,255
255,255,255
255,255,255
255,255,255
255,255,255
254,254,254
254,254,254
254,254,254
253,253,253
252,252,252
253,253,253
252,252,252
251,251,251
250,250,250
249,249,249
248,248,248
247,247,247
246,246,246
248,248,248
244,244,244
244,244,244
244,244,244
240,240,240
239,239,238
238,238,238
237,237,237
237,237,237
237,237,237
242,242,242
245,245,245
248,248,248
250,250,250
251,251,251
251,251,251
252,252,252
253,253,253
254,254,254
254,254,254
255,255,255
255,255,255
254,254,254
253,253,253
255,255,255
255,255,255
255,255,255
255,255,255
255,255,255
255,255,255
255,255,255
255,255,255
255,255,255
255,255,255
255,255,255
255,255,255
255,255,255
255,255,255
255,255,255
255,255,255
255,255,255
255,255,255
255,255,255
255,255,255
255,255,255
255,255,255
255,255,255
255,255,255
255,255,255
255,255,255
255,255,255
255,255,255
255,255,255
255,255,255
255,255,255
255,255,255
255,255,255
255,255,255
255,255,255
255,255,255
255,255,255
255,255,255
255,255,255
255,255,255
255,255,255
255,255,255
255,255,255
255,255,255
255,255,255
255,255,255
255,255,255
255,255,255
255,255,255
255,255,255
255,255,255
255,255,255
255,255,255
255,255,255
255,255,255
255,255,255
255,255,255
255,255,255
255,255,255
255,255,255
255,255,255
255,255,255
255,255,255
255,255,255
255,255,255
255,255,255
255,255,255
255,255,255
255,255,255
255,255,255
255,255,255
255,255,255
255,255,255
255,255,255
255,255,255
255,255,255
255,255,255
255,255,255
255,255,255
255,255,255
255,255,255
255,255,255
255,255,255
255,255,255
255,255,255
255,255,255
255,255,255
255,255,255
254,254,254
255,255,255
243,243,243
222,221,222
222,222,222
221,221,221
221,222,221
224,226,225
231,231,231
236,236,236
239,239,239
243,243,243
245,245,245
249,249,249
249,249,249
249,249,249
248,248,248
248,248,248
246,246,246
245,245,245
244,244,244
243,243,243
238,238,238
227,227,227
216,216,216
235,235,235
243,243,243
241,241,241
238,238,238
238,238,238
237,237,237
236,236,236
237,237,237
238,238,238
239,239,239
239,239,239
239,239,239
239,239,239
240,240,240
240,240,240
239,239,239
238,238,238
239,239,239
240,240,240
241,241,241
242,242,242
240,240,240
239,239,239
237,237,237
230,230,230
225,225,225
223,223,223
221,221,221
220,220,220
221,221,221
229,229,229
238,238,238
240,240,240
247,247,247
246,246,246
245,245,245
243,243,243
243,243,243
243,243,243
244,244,244
244,244,244
243,243,243
242,242,242
242,242,242
243,243,243
244,244,244
244,244,244
244,244,244
244,244,243
244,244,243
242,242,242
242,242,242
241,241,241
239,239,239
237,237,237
235,235,235
230,230,230
228,228,228
228,228,228
226,226,226
227,227,227
229,229,229
233,233,233
244,244,244
229,229,229
231,232,232
232,232,232
227,228,228
228,229,229
231,232,232
234,235,235
239,239,239
244,244,244
244,244,244
244,244,244
243,243,243
242,242,242
241,241,241
241,241,242
240,240,240
238,238,238
233,233,233
230,230,230
228,228,228
231,231,231
231,231,231
250,250,250
255,255,255
255,255,255
255,255,255
255,255,255
255,255,255
255,255,255
255,255,255
255,255,255
255,255,255
255,255,255
255,255,255
255,255,255
255,255,255
255,255,255
255,255,255
255,255,255
255,255,255
255,255,255
255,255,255
255,255,255
255,255,255
255,255,255
255,255,255
255,255,255
255,255,255
255,255,255
255,255,255
255,255,255
255,255,255
255,255,255
255,255,255
255,255,255
255,255,255
255,255,255
255,255,255
255,255,255
255,255,255
255,255,255
255,255,255
255,255,255
255,255,255
255,255,255
255,255,255
255,255,255
255,255,255
255,255,255
255,255,255
255,255,255
255,255,255
255,255,255
255,255,255
255,255,255
255,255,255
255,255,255
255,255,255
255,255,255
255,255,255
255,255,255
255,255,255
255,255,255
255,255,255
255,255,255
255,255,255
255,255,255
255,255,255
255,255,255
255,255,255
255,255,255
255,255,255
255,255,255
255,255,255
255,255,255
255,255,255
255,255,255
255,255,255
255,255,255
255,255,255
255,255,255
255,255,255
255,255,255
255,255,255
255,255,255
255,255,255
255,255,255
255,255,255
255,255,255
255,255,255
255,255,255
255,255,255
255,255,255
227,227,227
147,147,147
138,139,141
120,121,123
106,107,109
103,105,104
104,105,105
111,111,111
120,120,120
128,128,128
137,137,137
138,138,139
146,146,146
153,153,153
159,159,159
169,169,169
177,177,177
186,185,187
192,190,191
198,196,196
200,199,198
194,194,194
191,191,191
208,208,208
214,214,214
214,214,214
220,220,220
223,223,223
226,226,226
228,228,228
231,231,231
232,232,232
233,233,233
233,233,234
234,234,236
234,234,236
236,235,236
236,234,236
237,235,236
237,237,237
237,237,237
237,237,237
238,238,238
239,239,239
236,236,236
232,232,233
230,230,229
224,224,222
221,221,219
219,219,219
219,219,219
218,218,218
220,220,219
229,229,229
226,226,225
216,216,215
237,237,237
239,239,241
237,237,239
237,237,238
237,237,238
236,236,238
238,238,240
239,239,239
240,240,241
240,240,242
239,239,241
240,240,241
240,240,240
241,241,241
240,240,240
239,239,237
238,238,237
236,236,236
233,233,233
229,230,230
227,227,227
223,223,223
221,221,221
218,218,219
216,216,217
216,216,216
214,214,214
210,210,210
209,209,209
209,209,209
209,211,210
194,196,195
194,196,195
197,197,196
192,194,192
192,193,194
184,185,187
176,177,179
170,170,172
162,163,164
157,155,156
154,153,153
155,156,155
151,153,151
125,127,126
124,124,126
122,122,123
117,117,117
119,119,118
125,125,123
134,134,133
144,144,143
162,162,162
247,247,247
255,255,255
255,255,255
255,255,255
255,255,255
255,255,255
255,255,255
255,255,255
255,255,255
255,255,255
255,255,255
255,255,255
255,255,255
255,255,255
255,255,255
255,255,255
255,255,255
255,255,255
255,255,255
255,255,255
255,255,255
255,255,255
255,255,255
255,255,255
255,255,255
255,255,255
255,255,255
255,255,255
255,255,255
255,255,255
255,255,255
255,255,255
255,255,255
255,255,255
255,255,255
255,255,255
255,255,255
255,255,255
255,255,255
255,255,255
255,255,255
255,255,255
255,255,255
255,255,255
255,255,255
255,255,255
255,255,255
255,255,255
255,255,255
255,255,255
255,255,255
255,255,255
255,255,255
255,255,255
255,255,255
255,255,255
255,255,255
255,255,255
255,255,255
255,255,255
255,255,255
255,255,255
255,255,255
255,255,255
255,255,255
255,255,255
255,255,255
255,255,255
255,255,255
255,255,255
255,255,255
255,255,255
255,255,255
255,255,255
255,255,255
255,255,255
255,255,255
255,255,255
255,255,255
255,255,255
255,255,255
255,255,255
255,255,255
255,255,255
255,255,255
255,255,255
255,255,255
255,255,255
255,255,255
255,255,255
255,255,255
243,243,243
158,159,159
146,147,148
128,129,132
108,109,111
92,93,94
83,83,83
81,80,81
79,79,79
66,66,66
111,111,111
98,98,98
75,75,75
75,75,75
76,76,77
75,75,76
76,76,78
88,87,90
115,112,113
93,91,90
92,91,91
92,93,93
93,94,94
113,113,113
129,129,129
109,109,109
110,110,110
115,115,115
121,121,121
125,125,124
127,127,127
131,131,131
133,133,133
136,136,137
138,138,141
139,139,142
139,140,144
141,142,145
144,145,145
148,148,148
154,154,154
157,157,157
162,163,162
174,175,174
185,186,187
185,185,186
182,182,182
180,180,179
176,176,175
174,174,174
172,172,172
174,174,174
179,179,178
179,179,178
171,171,170
168,168,168
179,179,181
182,182,184
181,181,181
182,182,182
187,187,189
189,191,194
183,185,189
182,182,184
181,181,182
184,184,187
177,176,178
166,166,165
160,160,160
152,152,152
148,148,148
142,142,142
141,141,141
140,141,143
148,149,153
140,142,145
133,133,134
130,130,130
130,130,132
137,138,140
143,146,148
124,124,125
118,118,118
113,113,113
110,110,110
109,109,110
104,104,106
96,98,98
93,94,93
91,93,91
90,91,91
97,98,100
100,100,102
90,92,94
75,76,78
75,75,77
75,73,74
76,76,75
79,81,80
78,81,79
74,75,76
77,75,78
85,85,86
91,91,92
101,101,102
120,120,120
139,138,138
143,143,144
181,181,181
255,255,255
254,254,252
255,255,253
255,255,255
255,255,255
255,255,255
255,255,255
255,255,255
255,255,255
255,255,255
255,255,255
255,255,255
255,255,255
255,255,255
255,255,255
255,255,255
255,255,255
255,255,255
255,255,255
255,255,255
255,255,255
255,255,255
255,255,255
255,255,255
255,255,255
255,255,255
255,255,255
255,255,255
255,255,255
255,255,255
255,255,255
255,255,255
255,255,255
255,255,255
255,255,255
255,255,255
255,255,255
255,255,255
255,255,255
255,255,255
255,255,255
255,255,255
255,255,255
255,255,255
255,255,255
255,255,255
255,255,255
255,255,255
255,255,255
255,255,255
255,255,255
255,255,255
255,255,255
255,255,255
255,255,255
255,255,255
255,255,255
255,255,255
255,255,255
255,255,255
255,255,255
255,255,255
255,255,255
255,255,255
255,255,255
255,255,255
255,255,255
255,255,255
255,255,255
255,255,255
255,255,255
255,255,255
255,255,255
255,255,255
255,255,255
255,255,255
255,255,255
255,255,255
255,255,255
255,255,255
255,255,255
255,255,255
255,255,255
255,255,255
255,255,255
255,255,255
255,255,255
255,255,255
255,255,255
255,255,255
255,255,255
252,254,253
186,188,189
163,164,167
151,152,156
133,134,138
111,112,114
93,92,93
86,86,86
86,86,86
80,80,80
95,95,95
100,100,100
86,86,86
85,85,86
94,94,97
99,98,103
85,85,90
84,83,86
87,86,85
81,80,78
90,90,91
106,107,110
81,82,82
78,79,78
88,88,88
100,100,100
76,76,76
77,77,77
79,79,79
78,78,78
76,76,76
76,76,76
79,79,79
82,82,83
82,83,87
87,89,94
97,100,108
87,91,96
73,75,76
74,74,74
74,74,74
74,74,74
75,76,75
87,90,89
104,108,106
87,88,89
81,82,83
82,82,82
82,82,81
82,82,82
82,82,82
83,83,83
83,83,83
84,84,85
84,85,88
86,85,89
84,83,88
80,80,83
80,81,80
81,81,81
93,94,96
117,121,125
90,95,99
76,80,82
79,79,81
95,95,97
99,99,100
75,75,76
74,74,74
74,74,74
73,73,74
74,74,75
82,82,85
116,119,124
136,142,150
95,98,106
74,73,77
74,74,74
76,76,78
94,95,99
95,97,98
78,78,80
78,78,79
79,79,80
80,80,80
84,85,88
101,102,108
115,116,120
86,87,88
77,79,79
78,79,81
80,80,83
84,84,86
86,89,90
89,91,92
91,92,94
87,88,90
84,84,86
82,82,84
82,82,82
88,87,88
97,95,96
111,110,111
123,123,126
134,133,137
138,138,141
153,154,157
150,149,153
212,211,213
255,255,255
255,255,253
255,255,253
255,255,255
255,255,255
255,255,255
255,255,255
255,255,255
255,255,255
255,255,255
255,255,255
255,255,255
255,255,255
255,255,255
255,255,255
255,255,255
255,255,255
255,255,255
255,255,255
255,255,255
255,255,255
255,255,255
255,255,255
255,255,255
255,255,255
255,255,255
255,255,255
255,255,255
255,255,255
255,255,255
255,255,255
255,255,255
255,255,255
255,255,255
255,255,255
255,255,255
255,255,255
255,255,255
255,255,255
255,255,255
255,255,255
255,255,255
255,255,255
255,255,255
255,255,255
255,255,255
255,255,255
255,255,255
255,255,255
255,255,255
255,255,255
255,255,255
255,255,255
255,255,255
255,255,255
255,255,255
255,255,255
255,255,255
255,255,255
255,255,255
255,255,255
255,255,255
255,255,255
255,255,255
255,255,255
255,255,255
255,255,255
255,255,255
255,255,255
255,255,255
255,255,255
255,255,255
255,255,255
255,255,255
255,255,255
255,255,255
255,255,255
255,255,255
255,255,255
255,255,255
255,255,255
255,255,255
255,255,255
255,255,255
255,255,255
255,255,255
255,255,255
255,255,255
255,255,255
255,255,255
255,255,255
255,255,255
216,217,218
186,187,190
184,185,190
160,161,167
132,133,136
104,104,105
89,89,89
84,84,84
83,83,83
87,87,87
85,85,85
85,85,85
86,86,87
97,98,101
129,131,138
129,131,138
94,95,97
82,83,82
83,83,83
87,87,89
95,96,98
85,86,86
85,85,85
85,85,85
84,84,84
84,84,84
86,86,89
91,90,93
86,85,88
83,83,84
85,85,86
91,90,92
94,94,98
104,105,113
122,126,136
141,145,157
117,121,129
81,82,85
82,82,82
82,82,82
81,81,81
81,80,80
79,80,80
79,81,82
82,82,84
86,86,89
85,85,86
81,81,81
80,80,80
81,81,81
82,82,81
84,84,84
87,88,91
101,102,109
127,126,136
137,137,145
101,102,107
77,78,80
79,80,82
82,84,87
93,97,102
88,93,96
78,79,83
80,79,83
85,85,87
87,87,89
80,80,81
80,80,80
81,81,81
81,81,82
80,80,82
89,90,93
125,130,134
138,145,153
113,118,125
84,84,86
80,80,80
82,82,83
86,87,89
96,97,101
87,90,94
82,83,86
85,86,88
83,84,83
85,84,87
101,101,106
125,126,131
98,99,104
86,87,90
90,91,95
86,86,90
84,84,86
89,90,92
97,98,100
106,107,109
117,118,122
108,109,115
89,89,91
86,84,85
89,86,87
95,93,93
108,107,107
137,137,140
175,175,180
173,174,180
165,168,175
173,173,180
233,233,236
255,255,255
255,255,253
255,255,253
255,255,255
255,255,255
255,255,255
255,255,255
255,255,255
255,255,255
255,255,255
255,255,255
255,255,255
255,255,255
255,255,255
255,255,255
255,255,255
255,255,255
255,255,255
255,255,255
255,255,255
255,255,255
255,255,255
255,255,255
255,255,255
255,255,255
255,255,255
255,255,255
255,255,255
255,255,255
255,255,255
255,255,255
255,255,255
255,255,255
255,255,255
255,255,255
255,255,255
255,255,255
255,255,255
255,255,255
255,255,255
255,255,255
255,255,255
255,255,255
255,255,255
255,255,255
255,255,255
255,255,255
255,255,255
255,255,255
255,255,255
255,255,255
255,255,255
255,255,255
255,255,255
255,255,255
255,255,255
255,255,255
255,255,255
255,255,255
255,255,255
255,255,255
255,255,255
255,255,255
255,255,255
255,255,255
255,255,255
255,255,255
255,255,255
255,255,255
255,255,255
255,255,255
255,255,255
255,255,255
255,255,255
255,255,255
255,255,255
255,255,255
255,255,255
255,255,255
255,255,255
255,255,255
255,255,255
255,255,255
255,255,255
255,255,255
255,255,255
255,255,255
255,255,255
255,255,255
255,255,255
255,255,255
255,255,255
228,229,230
182,183,186
182,183,186
164,165,168
133,134,135
110,111,110
93,93,93
86,86,86
86,86,86
85,85,85
84,84,84
85,85,85
84,85,85
80,82,84
97,102,107
130,135,140
102,105,107
88,89,89
85,85,85
84,84,85
82,82,85
84,85,85
87,87,86
88,88,88
84,84,84
86,86,87
90,90,93
104,103,107
97,97,99
83,83,84
84,84,84
88,86,89
91,92,96
98,103,109
107,113,123
97,103,112
87,90,95
83,83,85
84,84,84
83,83,83
83,83,83
82,83,82
79,81,81
81,81,84
82,81,86
90,91,95
107,108,110
92,93,95
80,80,80
81,81,81
83,83,83
85,85,85
105,105,107
114,113,119
115,114,123
117,118,125
89,92,96
76,79,80
79,80,80
82,82,83
81,85,87
81,84,87
80,81,84
81,82,84
82,82,84
83,83,85
83,83,85
83,82,83
81,82,82
83,82,84
82,82,83
82,83,84
90,94,95
98,104,106
92,96,99
81,82,83
81,81,80
81,81,79
82,82,81
98,100,101
134,137,140
101,104,107
83,84,86
83,84,83
85,84,83
88,89,88
89,91,91
91,92,96
99,100,104
97,98,102
85,85,89
85,84,86
84,86,87
88,89,91
99,100,102
130,131,138
140,146,154
92,95,96
85,84,85
88,87,86
91,91,89
104,104,102
127,127,127
163,163,167
181,184,190
180,185,193
193,195,201
242,242,244
255,255,252
255,255,253
255,255,255
255,255,255
255,255,255
255,255,255
255,255,255
255,255,255
255,255,255
255,255,255
255,255,255
255,255,255
255,255,255
255,255,255
255,255,255
255,255,255
255,255,255
255,255,255
255,255,255
255,255,255
255,255,255
255,255,255
255,255,255
255,255,255
255,255,255
255,255,255
255,255,255
255,255,255
255,255,255
255,255,255
255,255,255
255,255,255
255,255,255
255,255,255
255,255,255
255,255,255
255,255,255
255,255,255
255,255,255
255,255,255
255,255,255
255,255,255
255,255,255
255,255,255
255,255,255
255,255,255
255,255,255
255,255,255
255,255,255
255,255,255
255,255,255
255,255,255
255,255,255
255,255,255
255,255,255
255,255,255
255,255,255
255,255,255
255,255,255
255,255,255
255,255,255
255,255,255
255,255,255
255,255,255
255,255,255
255,255,255
255,255,255
255,255,255
255,255,255
255,255,255
255,255,255
255,255,255
255,255,255
255,255,255
255,255,255
255,255,255
255,255,255
255,255,255
255,255,255
255,255,255
255,255,255
255,255,255
255,255,255
255,255,255
255,255,255
255,255,255
255,255,255
255,255,255
255,255,255
255,255,255
255,255,255
254,255,255
234,235,236
170,170,172
156,157,159
153,153,154
128,129,131
110,110,111
97,97,97
90,90,90
87,87,87
87,87,87
90,90,90
92,93,93
83,84,83
81,83,82
79,83,84
87,91,94
89,92,95
84,86,87
84,85,85
87,87,89
90,90,93
88,89,92
83,84,86
81,83,82
84,84,83
86,86,86
88,88,89
99,99,101
119,119,122
101,101,104
83,83,84
83,82,82
82,84,81
80,85,84
82,86,88
78,81,83
81,82,79
84,84,82
86,86,85
92,92,93
85,85,86
82,82,83
82,81,83
82,80,84
81,81,84
82,83,87
118,120,126
142,142,148
88,88,89
81,81,81
81,81,82
81,81,81
104,104,104
99,97,99
79,78,81
84,87,89
83,87,87
78,80,81
81,81,80
83,83,83
83,84,86
86,86,89
86,85,87
84,82,84
81,81,83
82,82,84
84,83,83
90,88,88
92,94,96
85,86,90
83,83,84
82,82,82
83,83,83
81,83,81
80,82,81
81,82,83
82,82,84
83,83,81
82,83,80
82,84,84
122,124,126
129,132,136
87,88,90
85,86,84
85,85,83
89,89,87
93,94,94
100,101,105
127,128,133
108,109,113
84,84,86
84,84,83
85,85,86
84,84,86
87,88,90
96,97,102
109,115,124
94,99,106
84,85,88
87,88,85
94,95,92
108,108,106
129,129,127
148,149,150
157,159,163
164,168,172
196,198,202
249,249,249
255,255,252
255,255,254
255,255,255
255,255,255
255,255,255
255,255,255
255,255,255
255,255,255
255,255,255
255,255,255
255,255,255
255,255,255
255,255,255
255,255,255
255,255,255
255,255,255
255,255,255
255,255,255
255,255,255
255,255,255
255,255,255
255,255,255
255,255,255
255,255,255
255,255,255
255,255,255
255,255,255
255,255,255
255,255,255
255,255,255
255,255,255
255,255,255
255,255,255
255,255,255
255,255,255
255,255,255
255,255,255
255,255,255
255,255,255
255,255,255
255,255,255
255,255,255
255,255,255
255,255,255
255,255,255
255,255,255
255,255,255
255,255,255
255,255,255
255,255,255
255,255,255
255,255,255
255,255,255
255,255,255
255,255,255
255,255,255
255,255,255
255,255,255
255,255,255
255,255,255
255,255,255
255,255,255
255,255,255
255,255,255
255,255,255
255,255,255
255,255,255
255,255,255
255,255,255
255,255,255
255,255,255
255,255,255
255,255,255
255,255,255
255,255,255
255,255,255
255,255,255
255,255,255
255,255,255
255,255,255
255,255,255
255,255,255
255,255,255
255,255,255
255,255,255
255,255,255
255,255,255
255,255,255
255,255,255
255,255,255
255,255,255
255,255,255
243,243,245
182,182,184
143,143,145
150,150,152
139,139,141
119,119,121
102,102,102
92,92,92
85,85,85
84,84,84
97,97,99
108,108,109
81,81,81
83,83,83
84,85,85
90,90,93
118,118,123
87,87,90
83,82,84
85,84,86
90,90,93
104,106,110
106,110,113
80,83,82
81,83,80
82,82,82
83,83,83
89,89,91
121,121,123
138,137,141
94,94,96
83,81,83
84,84,82
84,86,83
89,89,92
117,117,120
90,90,87
81,82,79
84,84,85
106,105,108
93,93,96
81,81,83
84,81,83
82,81,81
83,83,83
80,82,83
92,94,95
125,126,127
101,101,102
82,82,82
81,81,80
81,81,79
84,84,84
107,107,110
101,101,106
112,113,118
117,117,122
79,80,84
82,82,82
84,84,85
86,86,88
87,87,89
93,92,93
90,87,89
81,81,82
81,82,82
83,83,81
93,91,91
128,131,136
118,123,129
83,84,87
90,89,90
93,92,92
87,87,85
89,89,89
85,84,89
84,83,86
83,83,84
83,83,85
82,82,84
88,88,91
100,101,107
83,84,89
83,83,82
85,83,83
85,83,85
85,85,86
87,88,92
96,97,101
92,95,98
85,85,88
87,87,88
84,84,85
85,84,86
86,84,86
93,92,92
131,136,143
140,145,158
91,92,100
86,87,86
96,98,96
114,115,114
132,132,132
138,138,139
134,134,136
150,151,151
202,202,204
252,252,252
254,254,253
255,255,255
255,255,255
255,255,255
255,255,255
255,255,255
255,255,255
255,255,255
255,255,255
255,255,255
255,255,255
255,255,255
255,255,255
255,255,255
255,255,255
255,255,255
255,255,255
255,255,255
255,255,255
255,255,255
255,255,255
255,255,255
255,255,255
255,255,255
255,255,255
255,255,255
255,255,255
255,255,255
255,255,255
255,255,255
255,255,255
255,255,255
255,255,255
255,255,255
255,255,255
255,255,255
255,255,255
255,255,255
255,255,255
255,255,255
255,255,255
255,255,255
255,255,255
255,255,255
255,255,255
255,255,255
255,255,255
255,255,255
255,255,255
255,255,255
255,255,255
255,255,255
255,255,255
255,255,255
255,255,255
255,255,255
255,255,255
255,255,255
255,255,255
255,255,255
255,255,255
255,255,255
255,255,255
255,255,255
255,255,255
255,255,255
255,255,255
255,255,255
255,255,255
255,255,255
255,255,255
255,255,255
255,255,255
255,255,255
255,255,255
255,255,255
255,255,255
255,255,255
255,255,255
255,255,255
255,255,255
255,255,255
255,255,255
255,255,255
255,255,255
255,255,255
255,255,255
255,255,255
255,255,255
255,255,255
255,255,255
255,255,255
251,251,251
207,207,208
159,159,162
156,156,158
146,146,147
129,129,131
109,109,109
95,95,95
85,85,85
82,83,83
85,87,86
81,83,82
80,81,81
83,83,83
83,83,84
96,96,100
120,122,127
82,83,86
81,80,80
82,81,82
85,86,87
100,102,105
98,101,104
79,81,80
81,81,79
80,80,81
83,83,83
83,83,83
94,94,95
106,106,105
84,84,84
82,82,84
86,86,86
90,90,89
93,92,95
111,111,116
92,93,94
79,80,78
81,81,83
84,84,86
81,81,84
82,81,83
83,82,81
83,83,82
82,83,85
81,82,83
80,82,80
80,81,78
82,82,81
82,82,82
80,80,80
81,81,81
88,89,91
138,142,147
125,129,135
104,106,109
94,96,100
79,80,83
82,82,83
85,85,85
85,85,86
83,83,83
88,87,86
90,89,86
80,81,78
80,81,81
83,82,82
93,90,91
145,149,157
137,143,149
81,82,86
90,90,90
102,102,100
83,82,81
86,86,88
109,108,112
94,94,96
82,82,83
83,83,84
84,84,86
85,84,89
78,78,84
77,80,83
78,80,81
81,80,80
82,79,81
81,80,81
80,81,81
79,80,81
80,81,84
89,89,97
108,108,116
85,84,88
79,79,81
79,79,81
85,84,85
114,116,123
136,144,157
104,106,116
90,91,93
102,104,104
120,121,120
134,134,134
135,135,135
134,134,134
162,162,162
213,213,213
254,254,254
254,254,254
255,255,255
255,255,255
255,255,255
255,255,255
255,255,255
255,255,255
255,255,255
255,255,255
255,255,255
255,255,255
255,255,255
255,255,255
255,255,255
255,255,255
255,255,255
255,255,255
255,255,255
255,255,255
255,255,255
255,255,255
255,255,255
255,255,255
255,255,255
255,255,255
255,255,255
255,255,255
255,255,255
255,255,255
255,255,255
255,255,255
255,255,255
255,255,255
255,255,255
255,255,255
255,255,255
255,255,255
255,255,255
255,255,255
255,255,255
255,255,255
255,255,255
255,255,255
255,255,255
255,255,255
255,255,255
255,255,255
255,255,255
255,255,255
255,255,255
255,255,255
255,255,255
255,255,255
255,255,255
255,255,255
255,255,255
255,255,255
255,255,255
255,255,255
255,255,255
255,255,255
255,255,255
255,255,255
255,255,255
255,255,255
255,255,255
255,255,255
255,255,255
255,255,255
255,255,255
255,255,255
255,255,255
255,255,255
255,255,255
255,255,255
255,255,255
255,255,255
255,255,255
255,255,255
255,255,255
255,255,255
255,255,255
255,255,255
255,255,255
255,255,255
255,255,255
255,255,255
255,255,255
255,255,255
255,255,255
255,255,255
254,254,254
253,253,253
218,218,220
183,182,186
157,157,160
150,150,152
134,134,135
115,115,115
99,99,99
87,87,87
83,84,83
78,80,79
78,80,79
80,80,80
82,81,83
84,82,87
98,97,103
90,92,96
78,79,79
80,80,79
82,82,82
83,83,86
83,83,87
79,80,80
81,82,79
81,81,81
81,81,83
80,80,82
80,80,79
82,83,79
79,79,77
78,78,77
81,81,81
84,84,84
92,92,92
105,105,109
102,102,109
86,87,90
79,79,80
80,80,83
79,79,81
81,81,83
82,82,84
81,82,83
82,83,87
94,93,100
108,108,114
83,85,86
79,80,78
82,81,80
81,81,81
78,78,78
81,80,81
89,92,96
131,140,148
126,133,140
83,85,88
77,77,78
79,80,80
82,82,82
84,84,85
86,86,87
90,90,90
84,83,83
84,81,79
80,79,76
80,80,81
82,81,83
93,92,94
129,133,144
122,127,135
82,83,86
79,79,79
79,79,76
80,79,78
81,81,82
104,104,106
95,95,97
79,79,80
82,82,81
84,84,85
109,108,113
112,114,118
76,78,81
78,79,79
80,79,80
81,78,80
79,78,78
78,77,75
81,79,77
85,84,87
107,109,120
144,145,158
86,84,91
78,76,79
80,79,81
80,78,79
95,97,103
118,126,139
107,109,119
95,95,100
109,110,112
125,126,126
131,131,131
134,134,134
146,146,146
178,178,178
220,220,220
255,255,255
253,253,253
255,255,255
255,255,255
255,255,255
255,255,255
255,255,255
255,255,255
255,255,255
255,255,255
255,255,255
255,255,255
255,255,255
255,255,255
255,255,255
255,255,255
255,255,255
255,255,255
255,255,255
255,255,255
255,255,255
255,255,255
255,255,255
255,255,255
255,255,255
255,255,255
255,255,255
255,255,255
255,255,255
255,255,255
255,255,255
255,255,255
255,255,255
255,255,255
255,255,255
255,255,255
255,255,255
255,255,255
255,255,255
255,255,255
255,255,255
255,255,255
255,255,255
255,255,255
255,255,255
255,255,255
255,255,255
255,255,255
255,255,255
255,255,255
255,255,255
255,255,255
255,255,255
255,255,255
255,255,255
255,255,255
255,255,255
255,255,255
255,255,255
255,255,255
255,255,255
255,255,255
255,255,255
255,255,255
255,255,255
255,255,255
255,255,255
255,255,255
255,255,255
255,255,255
255,255,255
255,255,255
255,255,255
255,255,255
255,255,255
255,255,255
255,255,255
255,255,255
255,255,255
255,255,255
255,255,255
255,255,255
255,255,255
255,255,255
255,255,255
255,255,255
255,255,255
255,255,255
255,255,255
255,255,255
255,255,255
255,255,255
254,254,254
254,254,254
219,219,220
189,189,191
158,158,160
142,142,143
134,134,133
121,121,121
104,104,104
91,91,91
84,84,86
79,81,80
79,81,80
80,80,80
82,81,82
85,83,88
84,83,89
80,80,82
80,80,80
81,81,81
85,86,89
91,92,98
83,83,88
81,81,80
83,83,82
85,85,85
85,85,87
82,82,83
80,80,78
79,80,76
80,80,77
80,80,78
80,80,80
81,81,81
88,89,90
105,106,111
134,136,144
128,131,135
88,89,91
81,80,82
79,79,79
80,80,79
81,81,81
86,86,89
113,114,119
136,136,143
97,97,103
79,79,82
81,81,81
84,84,84
82,82,82
79,79,79
81,81,81
93,95,99
132,139,147
121,127,133
83,83,86
79,77,78
79,81,80
82,82,82
83,83,83
87,87,86
96,97,98
98,97,100
82,78,79
80,79,78
80,80,82
82,81,84
95,96,98
119,125,136
99,105,112
78,79,82
81,79,80
82,80,79
81,80,80
79,79,80
79,79,81
79,79,81
79,79,79
79,79,79
80,80,80
93,94,96
106,109,111
79,82,82
81,81,80
82,81,86
79,79,85
78,79,81
80,80,78
83,81,79
91,91,93
127,131,139
132,135,146
96,96,101
76,74,77
79,78,82
80,79,79
81,84,87
92,102,109
92,95,102
93,94,97
108,109,109
118,119,119
124,124,124
133,133,133
153,153,153
187,187,187
229,229,229
255,255,255
254,254,254
255,255,255
255,255,255
255,255,255
255,255,255
255,255,255
255,255,255
255,255,255
255,255,255
255,255,255
255,255,255
255,255,255
255,255,255
255,255,255
255,255,255
255,255,255
255,255,255
255,255,255
255,255,255
255,255,255
255,255,255
255,255,255
255,255,255
255,255,255
255,255,255
255,255,255
255,255,255
255,255,255
255,255,255
255,255,255
255,255,255
255,255,255
255,255,255
255,255,255
255,255,255
255,255,255
255,255,255
255,255,255
255,255,255
255,255,255
255,255,255
255,255,255
255,255,255
255,255,255
255,255,255
255,255,255
255,255,255
255,255,255
255,255,255
255,255,255
255,255,255
255,255,255
255,255,255
255,255,255
255,255,255
255,255,255
255,255,255
255,255,255
255,255,255
255,255,255
255,255,255
255,255,255
255,255,255
255,255,255
255,255,255
255,255,255
255,255,255
255,255,255
255,255,255
255,255,255
255,255,255
255,255,255
255,255,255
255,255,255
255,255,255
255,255,255
255,255,255
255,255,255
255,255,255
255,255,255
255,255,255
255,255,255
255,255,255
255,255,255
255,255,255
255,255,255
255,255,255
255,255,255
255,255,255
255,255,255
255,255,255
255,255,255
255,255,255
225,225,225
188,188,189
152,152,155
132,132,132
130,130,129
124,124,122
111,111,109
98,98,99
94,94,97
95,97,98
81,84,84
80,81,80
82,82,81
81,80,80
79,79,79
80,80,81
81,80,81
82,80,83
88,92,97
122,127,135
85,87,91
80,80,78
83,83,82
84,84,84
86,86,88
86,85,89
82,82,84
80,80,80
79,79,78
80,80,80
80,80,80
80,80,79
82,82,84
93,94,99
123,127,133
148,152,155
105,107,108
80,80,80
78,78,76
79,79,78
83,83,84
101,100,104
145,146,150
146,149,149
77,78,76
78,78,77
81,79,80
84,83,81
82,83,81
78,80,78
78,80,80
85,89,90
108,113,118
98,102,108
81,81,85
80,79,84
78,79,83
80,81,81
83,82,82
85,84,85
97,95,101
130,128,135
92,87,91
80,77,78
79,79,82
82,81,84
91,92,96
108,113,122
86,90,97
91,92,95
86,85,86
81,80,79
81,81,81
80,80,81
80,80,82
83,82,84
83,83,82
80,80,79
80,80,80
80,81,81
79,82,82
79,82,81
86,88,87
105,106,114
112,115,125
78,82,88
78,80,79
83,83,82
92,94,94
122,125,130
93,97,102
77,78,78
81,79,79
79,79,82
83,82,82
90,93,94
98,108,114
83,88,93
92,92,92
106,107,105
116,116,115
126,126,127
142,143,143
177,177,179
197,197,199
237,237,238
255,255,255
255,255,255
255,255,255
255,255,255
255,255,255
255,255,255
255,255,255
255,255,255
255,255,255
255,255,255
255,255,255
255,255,255
255,255,255
255,255,255
255,255,255
255,255,255
255,255,255
255,255,255
255,255,255
255,255,255
255,255,255
255,255,255
255,255,255
255,255,255
255,255,255
255,255,255
255,255,255
255,255,255
255,255,255
255,255,255
255,255,255
255,255,255
255,255,255
255,255,255
255,255,255
255,255,255
255,255,255
255,255,255
255,255,255
255,255,255
255,255,255
255,255,255
255,255,255
255,255,255
255,255,255
255,255,255
255,255,255
255,255,255
255,255,255
255,255,255
255,255,255
255,255,255
255,255,255
255,255,255
255,255,255
255,255,255
255,255,255
255,255,255
255,255,255
255,255,255
255,255,255
255,255,255
255,255,255
255,255,255
255,255,255
255,255,255
255,255,255
255,255,255
255,255,255
255,255,255
255,255,255
255,255,255
255,255,255
255,255,255
255,255,255
255,255,255
255,255,255
255,255,255
255,255,255
255,255,255
255,255,255
255,255,255
255,255,255
255,255,255
255,255,255
255,255,255
255,255,255
255,255,255
255,255,255
255,255,255
255,255,255
255,255,255
255,255,255
255,255,255
233,233,233
190,190,190
158,158,159
136,136,135
126,126,124
116,116,114
109,109,109
98,98,100
93,93,96
118,119,122
101,105,106
77,79,80
79,80,78
81,81,79
80,80,80
79,79,81
79,79,79
81,79,82
92,96,103
117,122,131
82,85,90
79,81,80
80,81,81
80,79,82
80,78,81
79,79,83
105,106,111
119,120,124
79,80,83
79,81,81
80,81,78
81,81,79
81,81,81
84,84,86
100,101,105
105,106,107
91,91,91
81,81,83
84,84,88
83,84,88
89,90,93
99,100,104
86,87,91
77,78,80
79,80,78
79,79,76
80,79,78
83,81,82
82,80,81
80,79,80
79,80,79
79,81,81
79,82,85
87,90,95
106,109,113
100,103,110
87,90,95
80,80,82
82,80,81
84,81,85
96,95,100
125,125,131
91,91,96
77,77,80
77,79,81
78,80,83
85,85,89
86,86,91
82,82,87
109,110,113
90,91,92
78,79,79
79,79,79
80,80,80
82,80,81
82,80,82
86,85,88
96,96,100
82,83,86
79,80,81
80,81,79
82,82,81
86,87,89
108,112,121
138,142,154
88,93,100
75,78,81
81,81,81
84,85,84
85,86,89
77,79,80
80,80,77
81,79,78
80,79,80
84,82,81
100,103,105
146,154,165
105,107,118
87,86,87
103,102,101
116,115,116
132,133,135
151,154,155
205,206,209
212,213,216
243,243,244
255,255,255
255,255,255
255,255,255
255,255,255
255,255,255
255,255,255
255,255,255
255,255,255
255,255,255
255,255,255
255,255,255
255,255,255
255,255,255
255,255,255
255,255,255
255,255,255
255,255,255
255,255,255
255,255,255
255,255,255
255,255,255
255,255,255
255,255,255
255,255,255
255,255,255
255,255,255
255,255,255
255,255,255
255,255,255
255,255,255
255,255,255
255,255,255
255,255,255
255,255,255
255,255,255
255,255,255
255,255,255
255,255,255
255,255,255
255,255,255
255,255,255
255,255,255
255,255,255
255,255,255
255,255,255
255,255,255
255,255,255
255,255,255
255,255,255
255,255,255
255,255,255
255,255,255
255,255,255
255,255,255
255,255,255
255,255,255
255,255,255
255,255,255
255,255,255
255,255,255
255,255,255
255,255,255
255,255,255
255,255,255
255,255,255
255,255,255
255,255,255
255,255,255
255,255,255
255,255,255
255,255,255
255,255,255
255,255,255
255,255,255
255,255,255
255,255,255
255,255,255
255,255,255
255,255,255
255,255,255
255,255,255
255,255,255
255,255,255
255,255,255
255,255,255
255,255,255
255,255,255
255,255,255
255,255,255
255,255,255
255,255,255
255,255,255
255,255,255
255,255,255
239,239,239
192,192,192
169,169,169
138,138,138
119,119,118
107,107,107
101,101,102
91,91,93
85,85,88
94,94,96
92,93,95
79,80,82
79,80,79
80,80,78
80,80,80
78,79,81
79,79,79
82,79,82
95,98,104
118,124,130
86,88,92
80,80,79
80,80,80
79,79,79
80,79,80
79,79,82
102,103,107
126,127,131
84,85,90
78,80,81
80,82,78
81,81,80
80,80,80
80,80,80
82,81,81
87,88,86
82,84,84
87,88,99
117,117,136
133,135,147
84,88,89
76,81,79
78,81,80
80,81,81
82,82,81
81,81,83
79,80,84
81,80,84
83,80,84
82,79,82
81,79,79
81,79,82
89,87,92
131,130,137
161,161,170
150,150,159
116,116,122
84,86,89
77,80,81
79,81,83
83,86,87
89,91,93
77,80,83
79,81,85
107,110,112
99,99,101
79,77,76
84,80,79
81,79,80
85,85,86
77,81,82
74,77,80
76,79,81
80,80,81
81,79,80
81,79,80
83,84,85
120,121,124
93,95,96
79,79,79
80,80,78
81,81,79
81,82,84
87,91,97
109,114,120
92,96,101
76,77,80
81,80,81
83,83,83
81,81,84
77,77,81
78,77,78
78,78,77
82,82,80
85,84,83
100,101,108
128,136,150
93,96,109
79,79,81
99,100,97
117,118,117
137,139,140
162,164,165
201,203,205
203,205,208
249,250,251
255,255,255
255,255,255
255,255,255
255,255,255
255,255,255
255,255,255
255,255,255
255,255,255
255,255,255
255,255,255
255,255,255
255,255,255
255,255,255
255,255,255
255,255,255
255,255,255
255,255,255
255,255,255
255,255,255
255,255,255
255,255,255
255,255,255
255,255,255
255,255,255
255,255,255
255,255,255
255,255,255
255,255,255
255,255,255
255,255,255
255,255,255
255,255,255
255,255,255
255,255,255
255,255,255
255,255,255
255,255,255
255,255,255
255,255,255
255,255,255
255,255,255
255,255,255
255,255,255
255,255,255
255,255,255
255,255,255
255,255,255
255,255,255
255,255,255
255,255,255
255,255,255
255,255,255
255,255,255
255,255,255
255,255,255
255,255,255
255,255,255
255,255,255
255,255,255
255,255,255
255,255,255
255,255,255
255,255,255
255,255,255
255,255,255
255,255,255
255,255,255
255,255,255
255,255,255
255,255,255
255,255,255
255,255,255
255,255,255
255,255,255
255,255,255
255,255,255
255,255,255
255,255,255
255,255,255
255,255,255
255,255,255
255,255,255
255,255,255
255,255,255
255,255,255
255,255,255
255,255,255
255,255,255
255,255,255
255,255,255
255,255,255
255,255,255
255,255,255
255,255,255
246,246,246
197,197,197
179,179,178
147,147,146
126,126,125
106,106,105
95,95,95
87,88,88
80,80,82
79,79,81
79,79,80
82,82,83
82,82,83
80,79,80
79,78,78
78,79,80
79,79,80
81,79,83
95,96,102
127,129,135
89,89,91
80,80,78
80,80,78
79,79,78
80,79,78
80,80,82
83,84,88
97,97,101
85,85,88
79,80,81
80,81,80
80,80,80
81,81,81
80,80,80
82,82,81
86,87,85
87,90,89
105,108,122
139,140,161
127,129,141
84,89,89
77,81,81
85,86,88
85,84,86
83,82,83
83,83,84
79,81,82
76,80,77
79,80,77
79,79,78
77,78,78
78,79,82
93,94,101
127,129,140
129,133,143
119,123,131
98,102,108
82,85,89
77,80,80
79,81,79
80,79,75
80,78,74
79,79,77
82,81,85
109,112,117
114,122,124
92,102,103
75,78,78
80,79,80
85,85,86
105,107,111
109,115,121
80,85,91
79,79,83
81,79,81
80,79,80
81,82,81
84,86,83
80,82,79
79,80,79
80,80,80
80,81,80
88,91,92
96,100,104
80,85,88
76,79,81
77,77,78
80,78,79
85,84,87
103,102,108
85,85,92
74,74,77
79,78,79
82,82,81
86,85,84
99,104,111
107,116,128
73,77,87
76,76,77
101,102,100
124,126,125
141,143,142
170,172,172
200,201,203
205,206,209
253,253,253
255,255,255
255,255,255
255,255,255
255,255,255
255,255,255
255,255,255
255,255,255
255,255,255
255,255,255
255,255,255
255,255,255
255,255,255
255,255,255
255,255,255
255,255,255
255,255,255
255,255,255
255,255,255
255,255,255
255,255,255
255,255,255
255,255,255
255,255,255
255,255,255
255,255,255
255,255,255
255,255,255
255,255,255
255,255,255
255,255,255
255,255,255
255,255,255
255,255,255
255,255,255
255,255,255
255,255,255
255,255,255
255,255,255
255,255,255
255,255,255
255,255,255
255,255,255
255,255,255
255,255,255
255,255,255
255,255,255
255,255,255
255,255,255
255,255,255
255,255,255
255,255,255
255,255,255
255,255,255
255,255,255
255,255,255
255,255,255
255,255,255
255,255,255
255,255,255
255,255,255
255,255,255
255,255,255
255,255,255
255,255,255
255,255,255
255,255,255
255,255,255
255,255,255
255,255,255
255,255,255
255,255,255
255,255,255
255,255,255
255,255,255
255,255,255
255,255,255
255,255,255
255,255,255
255,255,255
255,255,255
255,255,255
255,255,255
255,255,255
255,255,255
255,255,255
255,255,255
255,255,255
255,255,255
255,255,255
255,255,255
255,255,255
255,255,255
255,255,255
255,255,255
250,250,250
201,201,201
184,184,184
155,155,153
131,131,129
110,110,108
94,94,94
86,86,87
78,78,80
76,76,76
79,79,79
86,86,86
91,92,94
87,88,91
77,78,79
79,80,80
79,80,82
79,79,83
88,87,93
82,83,86
79,79,79
81,81,80
81,81,81
82,82,83
80,80,81
80,79,82
82,81,86
84,83,87
82,82,84
80,80,81
81,81,81
81,81,80
81,81,81
81,81,81
82,82,82
84,84,83
89,89,88
96,98,106
98,100,113
91,92,103
81,83,85
80,80,85
84,80,89
80,75,80
76,73,79
76,79,86
81,87,95
83,84,91
86,87,95
88,91,103
85,90,107
81,90,108
81,94,116
87,102,123
78,95,114
71,89,105
67,83,97
64,79,95
63,78,97
72,85,103
73,80,95
72,76,88
75,78,85
80,80,84
89,90,95
97,101,104
90,91,94
78,76,79
81,78,81
85,84,87
112,115,119
126,129,137
95,96,103
79,78,83
81,80,81
81,81,81
80,79,80
79,79,80
77,78,79
79,79,79
80,80,79
79,80,79
87,90,91
131,133,138
85,88,91
74,76,76
77,77,77
78,76,77
79,79,83
113,115,122
102,106,111
68,70,73
77,77,78
80,80,79
83,83,83
86,92,99
83,90,102
64,65,74
81,80,78
108,110,107
127,132,129
142,145,143
172,174,174
196,197,199
210,212,213
255,255,255
255,255,255
255,255,255
255,255,255
255,255,255
255,255,255
255,255,255
255,255,255
255,255,255
255,255,255
255,255,255
255,255,255
255,255,255
255,255,255
255,255,255
255,255,255
255,255,255
255,255,255
255,255,255
255,255,255
255,255,255
255,255,255
255,255,255
255,255,255
255,255,255
255,255,255
255,255,255
255,255,255
255,255,255
255,255,255
255,255,255
255,255,255
255,255,255
255,255,255
255,255,255
255,255,255
255,255,255
255,255,255
255,255,255
255,255,255
255,255,255
255,255,255
255,255,255
255,255,255
255,255,255
255,255,255
255,255,255
255,255,255
255,255,255
255,255,255
255,255,255
255,255,255
255,255,255
255,255,255
255,255,255
255,255,255
255,255,255
255,255,255
255,255,255
255,255,255
255,255,255
255,255,255
255,255,255
255,255,255
255,255,255
255,255,255
255,255,255
255,255,255
255,255,255
255,255,255
255,255,255
255,255,255
255,255,255
255,255,255
255,255,255
255,255,255
255,255,255
255,255,255
255,255,255
255,255,255
255,255,255
255,255,255
255,255,255
255,255,255
255,255,255
255,255,255
255,255,255
255,255,255
255,255,255
255,255,255
255,255,255
255,255,255
255,255,255
255,255,255
254,254,254
251,251,251
208,208,208
188,188,188
164,164,163
137,137,136
118,117,117
95,95,96
84,84,86
76,76,77
70,70,69
71,72,71
77,79,78
87,88,91
110,114,117
94,98,100
76,79,78
78,78,79
79,79,81
80,80,83
77,77,77
78,78,78
80,80,81
84,83,84
89,89,91
97,99,104
89,88,95
81,80,85
80,81,82
80,80,79
82,81,83
84,83,85
85,85,86
79,79,79
80,80,79
81,81,81
80,80,81
80,80,81
77,78,82
73,77,81
84,85,95
88,87,98
100,98,109
113,113,119
128,130,132
129,134,144
126,143,164
112,138,162
98,125,152
76,110,143
60,101,142
46,93,141
35,88,140
20,90,143
15,88,144
11,84,141
11,85,141
13,86,140
15,83,135
16,81,129
20,83,130
23,82,129
24,79,123
32,79,118
41,80,112
51,81,106
65,87,106
71,84,93
71,79,83
75,78,83
76,79,82
75,76,83
76,80,86
79,84,87
79,81,82
81,79,79
81,80,81
83,83,85
84,86,90
79,81,85
78,78,80
79,79,78
79,79,79
80,81,83
106,107,111
86,86,90
74,75,75
78,77,77
79,76,78
78,78,81
92,95,99
77,83,86
64,67,68
71,71,71
74,74,73
76,75,74
68,71,76
56,60,68
62,62,67
90,88,85
115,116,113
132,137,133
143,146,144
170,172,173
191,193,193
216,218,216
255,255,255
255,255,255
255,255,255
255,255,255
255,255,255
255,255,255
255,255,255
255,255,255
255,255,255
255,255,255
255,255,255
255,255,255
255,255,255
255,255,255
255,255,255
255,255,255
255,255,255
255,255,255
255,255,255
255,255,255
255,255,255
255,255,255
255,255,255
255,255,255
255,255,255
255,255,255
255,255,255
255,255,255
255,255,255
255,255,255
255,255,255
255,255,255
255,255,255
255,255,255
255,255,255
255,255,255
255,255,255
255,255,255
255,255,255
255,255,255
255,255,255
255,255,255
255,255,255
255,255,255
255,255,255
255,255,255
255,255,255
255,255,255
255,255,255
255,255,255
255,255,255
255,255,255
255,255,255
255,255,255
255,255,255
255,255,255
255,255,255
255,255,255
255,255,255
255,255,255
255,255,255
255,255,255
255,255,255
255,255,255
255,255,255
255,255,255
255,255,255
255,255,255
255,255,255
255,255,255
255,255,255
255,255,255
255,255,255
255,255,255
255,255,255
255,255,255
255,255,255
255,255,255
255,255,255
255,255,255
255,255,255
255,255,255
255,255,255
255,255,255
255,255,255
255,255,255
255,255,255
255,255,255
255,255,255
255,255,255
255,255,255
255,255,255
255,255,255
255,255,255
255,255,255
254,254,254
214,214,214
189,189,189
172,173,173
148,148,148
131,131,132
107,107,108
88,87,89
76,76,76
68,69,67
65,66,64
66,67,67
70,71,75
102,107,111
107,113,115
75,78,77
77,78,78
78,78,80
77,77,80
77,77,78
79,78,78
79,78,78
79,77,78
80,81,82
104,107,114
122,123,133
84,85,90
77,79,78
80,80,80
83,81,83
88,87,89
89,89,92
77,78,81
77,78,78
74,75,78
69,71,76
70,72,81
91,92,99
129,132,132
173,174,178
195,194,204
180,181,193
135,146,165
82,110,138
42,83,121
20,72,120
9,69,121
7,74,129
2,79,136
0,83,141
0,86,146
0,86,149
0,84,148
1,83,147
0,83,148
1,84,150
0,84,149
1,83,149
1,82,148
1,82,147
0,81,148
2,82,148
2,83,149
3,82,148
5,83,144
15,84,139
27,86,140
30,81,126
46,80,112
61,77,101
71,74,88
74,77,83
75,83,86
88,94,99
91,91,94
81,79,78
79,80,83
84,90,94
100,105,109
79,80,83
78,78,80
78,78,79
80,80,82
82,81,85
77,76,80
75,75,77
76,74,76
78,74,77
78,76,79
79,79,81
63,65,67
64,66,65
69,69,66
65,65,63
60,59,58
49,50,53
47,50,52
71,70,71
99,97,95
125,125,124
137,139,138
146,147,148
176,178,180
192,193,193
224,225,223
255,255,255
255,255,255
255,255,255
255,255,255
255,255,255
255,255,255
255,255,255
255,255,255
255,255,255
255,255,255
255,255,255
255,255,255
255,255,255
255,255,255
255,255,255
255,255,255
255,255,255
255,255,255
255,255,255
255,255,255
255,255,255
255,255,255
255,255,255
255,255,255
255,255,255
255,255,255
255,255,255
255,255,255
255,255,255
255,255,255
255,255,255
255,255,255
255,255,255
255,255,255
255,255,255
255,255,255
255,255,255
255,255,255
255,255,255
255,255,255
255,255,255
255,255,255
255,255,255
255,255,255
255,255,255
255,255,255
255,255,255
255,255,255
255,255,255
255,255,255
255,255,255
255,255,255
255,255,255
255,255,255
255,255,255
255,255,255
255,255,255
255,255,255
255,255,255
255,255,255
255,255,255
255,255,255
255,255,255
255,255,255
255,255,255
255,255,255
255,255,255
255,255,255
255,255,255
255,255,255
255,255,255
255,255,255
255,255,255
255,255,255
255,255,255
255,255,255
255,255,255
255,255,255
255,255,255
255,255,255
255,255,255
255,255,255
255,255,255
255,255,255
255,255,255
255,255,255
255,255,255
255,255,255
255,255,255
255,255,255
255,255,255
255,255,255
255,255,255
255,255,255
255,255,255
255,255,255
222,222,222
189,189,189
179,179,179
155,155,156
139,139,141
116,117,119
98,99,102
84,87,87
73,75,74
64,64,64
64,64,64
66,67,69
69,73,76
72,76,78
73,74,74
76,76,77
78,78,80
78,78,80
82,82,83
89,89,90
85,85,88
78,77,80
76,77,75
75,77,81
91,91,101
85,85,90
78,78,79
78,77,78
82,80,82
86,85,90
80,82,89
69,71,80
70,70,80
86,89,95
138,145,146
199,203,204
225,227,229
196,195,202
116,129,145
53,82,107
17,61,93
1,60,104
0,71,123
0,84,139
1,88,147
3,91,150
4,90,153
3,89,155
1,88,153
1,88,152
2,86,151
2,84,149
3,82,148
2,82,149
1,82,148
1,82,148
0,81,147
1,80,146
1,81,148
1,83,149
1,85,149
1,86,150
1,85,151
1,86,151
2,86,152
3,87,150
6,88,153
9,90,153
12,90,142
30,84,120
47,80,101
64,74,91
97,96,103
116,122,130
69,77,84
76,76,81
80,77,78
87,86,85
80,80,82
80,81,83
82,84,85
83,84,85
79,77,80
72,71,74
73,72,75
75,72,75
77,73,75
74,72,73
68,69,69
63,65,64
66,66,66
70,70,70
60,63,62
44,46,49
42,41,47
55,55,57
79,79,80
108,107,108
138,139,141
145,147,150
157,158,162
187,188,191
196,196,197
231,231,229
255,255,255
255,255,255
255,255,255
255,255,255
255,255,255
255,255,255
255,255,255
255,255,255
255,255,255
255,255,255
255,255,255
255,255,255
255,255,255
255,255,255
255,255,255
255,255,255
255,255,255
255,255,255
255,255,255
255,255,255
255,255,255
255,255,255
255,255,255
255,255,255
255,255,255
255,255,255
255,255,255
255,255,255
255,255,255
255,255,255
255,255,255
255,255,255
255,255,255
255,255,255
255,255,255
255,255,255
255,255,255
255,255,255
255,255,255
255,255,255
255,255,255
255,255,255
255,255,255
255,255,255
255,255,255
255,255,255
255,255,255
255,255,255
255,255,255
255,255,255
255,255,255
255,255,255
255,255,255
255,255,255
255,255,255
255,255,255
255,255,255
255,255,255
255,255,255
255,255,255
255,255,255
255,255,255
255,255,255
255,255,255
255,255,255
255,255,255
255,255,255
255,255,255
255,255,255
255,255,255
255,255,255
255,255,255
255,255,255
255,255,255
255,255,255
255,255,255
255,255,255
255,255,255
255,255,255
255,255,255
255,255,255
255,255,255
255,255,255
255,255,255
255,255,255
255,255,255
255,255,255
255,255,255
255,255,255
255,255,255
255,255,255
255,255,255
255,255,255
255,255,255
255,255,255
255,255,255
227,227,227
189,189,189
187,186,186
168,166,167
142,140,142
119,120,124
107,108,114
121,125,128
83,86,87
63,63,63
63,61,62
66,65,66
68,69,68
68,69,68
71,70,70
73,73,73
73,73,73
75,75,74
82,83,85
111,113,120
128,131,142
86,88,96
76,77,75
75,76,75
77,77,78
80,80,79
81,81,82
79,79,82
77,76,82
72,70,77
74,74,80
112,119,119
181,189,189
239,240,242
238,234,239
155,155,166
63,79,101
10,52,85
0,60,105
0,74,127
5,85,143
4,92,152
1,93,153
1,92,154
4,90,154
3,89,152
2,88,152
0,86,150
0,84,149
1,82,148
1,81,148
1,80,147
1,80,147
1,81,148
1,82,148
1,82,148
1,82,147
2,83,147
2,84,148
2,86,150
1,89,150
0,89,151
1,90,154
1,91,154
0,91,152
0,92,153
2,92,151
3,93,150
2,94,150
3,95,154
5,89,151
14,84,144
28,83,128
60,93,119
68,73,85
77,74,80
76,72,79
75,73,75
79,77,78
79,79,79
80,82,81
84,85,85
86,85,89
81,79,85
76,76,79
78,76,79
68,66,68
66,65,66
64,64,63
67,67,66
71,71,71
80,81,84
83,89,94
67,72,80
48,48,55
59,58,62
87,87,88
116,116,118
139,139,142
158,161,166
178,180,187
209,210,215
215,215,219
237,237,237
255,255,255
255,255,255
255,255,255
255,255,255
255,255,255
255,255,255
255,255,255
255,255,255
255,255,255
255,255,255
255,255,255
255,255,255
255,255,255
255,255,255
255,255,255
255,255,255
255,255,255
255,255,255
255,255,255
255,255,255
255,255,255
255,255,255
255,255,255
255,255,255
255,255,255
255,255,255
255,255,255
255,255,255
255,255,255
255,255,255
255,255,255
255,255,255
255,255,255
255,255,255
255,255,255
255,255,255
255,255,255
255,255,255
255,255,255
255,255,255
255,255,255
255,255,255
255,255,255
255,255,255
255,255,255
255,255,255
255,255,255
255,255,255
255,255,255
255,255,255
255,255,255
255,255,255
255,255,255
255,255,255
255,255,255
255,255,255
255,255,255
255,255,255
255,255,255
255,255,255
255,255,255
255,255,255
255,255,255
255,255,255
255,255,255
255,255,255
255,255,255
255,255,255
255,255,255
255,255,255
255,255,255
255,255,255
255,255,255
255,255,255
255,255,255
255,255,255
255,255,255
255,255,255
255,255,255
255,255,255
255,255,255
255,255,255
255,255,255
255,255,255
255,255,255
255,255,255
255,255,255
255,255,255
255,255,255
255,255,255
255,255,255
255,255,255
255,255,255
255,255,255
255,255,255
255,255,255
234,234,234
190,190,190
188,188,188
169,168,168
151,149,151
133,132,138
124,125,132
136,140,144
83,87,87
63,63,63
59,56,57
63,62,62
68,67,65
69,70,69
70,70,71
71,71,71
71,71,69
70,71,70
73,74,77
92,95,106
134,138,154
109,112,123
76,78,78
75,75,74
76,76,76
78,79,79
78,79,83
72,73,80
76,76,83
127,127,132
200,203,205
254,255,253
239,239,236
141,148,157
44,63,89
0,43,85
4,66,120
3,85,148
0,93,157
2,91,156
1,88,155
1,87,154
2,86,151
3,84,150
5,83,149
3,83,148
1,83,149
0,83,148
1,82,148
1,81,148
1,80,147
1,80,147
1,81,147
2,82,149
1,83,149
1,85,150
1,86,151
1,87,152
1,89,153
2,92,154
2,94,156
2,95,157
0,94,157
0,94,158
1,95,157
1,95,157
0,94,153
1,94,153
3,92,156
5,90,158
3,89,155
1,90,147
2,83,144
11,74,137
30,72,115
53,71,94
64,73,88
69,75,85
77,75,79
76,75,76
75,75,76
78,78,78
86,87,90
113,114,119
92,93,97
130,129,131
83,82,85
55,54,56
60,60,60
64,64,63
71,72,72
84,85,89
119,124,132
119,122,134
47,47,55
61,61,64
94,94,95
125,126,126
153,154,156
174,176,182
190,193,201
213,215,220
211,212,216
240,241,242
255,255,255
255,255,255
255,255,255
255,255,255
255,255,255
255,255,255
255,255,255
255,255,255
255,255,255
255,255,255
255,255,255
255,255,255
255,255,255
255,255,255
255,255,255
255,255,255
255,255,255
255,255,255
255,255,255
255,255,255
255,255,255
255,255,255
255,255,255
255,255,255
255,255,255
255,255,255
255,255,255
255,255,255
255,255,255
255,255,255
255,255,255
255,255,255
255,255,255
255,255,255
255,255,255
255,255,255
255,255,255
255,255,255
255,255,255
255,255,255
255,255,255
255,255,255
255,255,255
255,255,255
255,255,255
255,255,255
255,255,255
255,255,255
255,255,255
255,255,255
255,255,255
255,255,255
255,255,255
255,255,255
255,255,255
255,255,255
255,255,255
255,255,255
255,255,255
255,255,255
255,255,255
255,255,255
255,255,255
255,255,255
255,255,255
255,255,255
255,255,255
255,255,255
255,255,255
255,255,255
255,255,255
255,255,255
255,255,255
255,255,255
255,255,255
255,255,255
255,255,255
255,255,255
255,255,255
255,255,255
255,255,255
255,255,255
255,255,255
255,255,255
255,255,255
255,255,255
255,255,255
255,255,255
255,255,255
255,255,255
255,255,255
255,255,255
255,255,255
255,255,255
255,255,255
255,255,255
240,240,240
192,192,192
187,187,187
170,170,170
155,155,157
140,140,145
124,125,130
103,105,107
75,75,75
60,58,58
84,81,82
92,90,91
71,72,73
81,84,89
94,98,104
75,79,81
69,71,70
69,70,71
68,69,70
74,76,82
102,106,117
108,112,122
79,83,83
73,75,75
74,77,79
71,75,79
66,68,73
113,114,118
205,205,208
251,255,255
250,255,255
167,171,179
48,62,92
0,43,88
0,75,126
4,91,148
6,90,155
4,87,155
3,86,152
2,86,149
3,86,150
3,83,149
2,81,147
1,80,146
1,80,146
1,80,146
0,80,146
0,80,146
1,80,147
0,81,147
0,82,147
0,83,149
1,85,150
2,87,152
1,88,153
1,90,154
1,92,155
0,94,156
1,94,156
1,96,158
2,98,159
1,98,161
0,96,160
1,96,160
1,97,159
2,96,158
1,95,157
1,94,157
3,90,153
6,85,147
5,83,142
5,83,141
4,80,141
2,75,142
4,71,140
10,68,129
25,67,105
52,71,89
68,74,84
71,73,78
71,72,73
73,74,73
83,84,85
122,126,129
80,81,85
72,73,74
78,78,79
59,59,62
54,54,55
57,57,56
63,63,64
81,82,85
102,103,111
55,56,65
43,42,49
68,68,69
99,99,98
130,130,131
158,158,161
176,177,183
190,194,199
202,205,208
196,197,200
243,244,244
254,255,255
255,255,255
255,255,255
255,255,255
255,255,255
255,255,255
255,255,255
255,255,255
255,255,255
255,255,255
255,255,255
255,255,255
255,255,255
255,255,255
255,255,255
255,255,255
255,255,255
255,255,255
255,255,255
255,255,255
255,255,255
255,255,255
255,255,255
255,255,255
255,255,255
255,255,255
255,255,255
255,255,255
255,255,255
255,255,255
255,255,255
255,255,255
255,255,255
255,255,255
255,255,255
255,255,255
255,255,255
255,255,255
255,255,255
255,255,255
255,255,255
255,255,255
255,255,255
255,255,255
255,255,255
255,255,255
255,255,255
255,255,255
255,255,255
255,255,255
255,255,255
255,255,255
255,255,255
255,255,255
255,255,255
255,255,255
255,255,255
255,255,255
255,255,255
255,255,255
255,255,255
255,255,255
255,255,255
255,255,255
255,255,255
255,255,255
255,255,255
255,255,255
255,255,255
255,255,255
255,255,255
255,255,255
255,255,255
255,255,255
255,255,255
255,255,255
255,255,255
255,255,255
255,255,255
255,255,255
255,255,255
255,255,255
255,255,255
255,255,255
255,255,255
255,255,255
255,255,255
255,255,255
255,255,255
255,255,255
255,255,255
255,255,255
255,255,255
255,255,255
255,255,255
255,255,255
243,243,243
193,193,193
189,189,189
174,175,175
158,159,161
142,142,145
118,119,121
88,88,86
71,69,69
55,52,52
72,70,71
70,68,71
70,71,76
84,88,96
108,115,122
96,102,105
69,71,71
69,70,69
67,68,68
71,72,73
81,83,87
81,85,91
72,75,78
73,76,79
72,77,89
88,91,98
169,171,171
247,248,248
255,255,255
230,227,231
93,99,116
7,42,81
2,70,125
4,86,151
3,87,154
1,87,151
1,86,145
4,84,142
3,81,142
2,80,143
4,79,143
4,76,143
2,76,143
2,77,146
2,78,147
1,79,145
1,80,146
1,80,145
1,81,147
2,83,148
1,86,150
1,89,153
1,92,156
1,94,157
1,95,158
1,97,159
1,99,160
1,99,161
0,100,161
0,100,162
1,101,164
1,101,163
0,100,162
1,99,162
1,98,160
2,96,157
1,93,156
0,91,153
0,89,148
1,84,143
1,79,142
2,75,141
4,72,135
2,71,133
2,68,135
3,67,134
5,65,127
15,65,114
42,67,94
66,69,79
71,70,73
74,70,72
74,77,73
72,78,77
60,63,64
66,66,67
74,74,74
91,93,94
50,51,53
48,48,47
54,54,54
67,66,70
74,72,78
28,28,37
42,42,50
75,75,75
105,105,104
128,128,130
144,144,147
157,158,160
178,181,182
190,192,194
197,198,199
246,248,247
255,255,255
255,255,255
255,255,255
255,255,255
255,255,255
255,255,255
255,255,255
255,255,255
255,255,255
255,255,255
255,255,255
255,255,255
255,255,255
255,255,255
255,255,255
255,255,255
255,255,255
255,255,255
255,255,255
255,255,255
255,255,255
255,255,255
255,255,255
255,255,255
255,255,255
255,255,255
255,255,255
255,255,255
255,255,255
255,255,255
255,255,255
255,255,255
255,255,255
255,255,255
255,255,255
255,255,255
255,255,255
255,255,255
255,255,255
255,255,255
255,255,255
255,255,255
255,255,255
255,255,255
255,255,255
255,255,255
255,255,255
255,255,255
255,255,255
255,255,255
255,255,255
255,255,255
255,255,255
255,255,255
255,255,255
255,255,255
255,255,255
255,255,255
255,255,255
255,255,255
255,255,255
255,255,255
255,255,255
255,255,255
255,255,255
255,255,255
255,255,255
255,255,255
255,255,255
255,255,255
255,255,255
255,255,255
255,255,255
255,255,255
255,255,255
255,255,255
255,255,255
255,255,255
255,255,255
255,255,255
255,255,255
255,255,255
255,255,255
255,255,255
255,255,255
255,255,255
255,255,255
255,255,255
255,255,255
255,255,255
255,255,255
255,255,255
255,255,255
255,255,255
255,255,255
255,255,255
246,246,246
196,196,196
189,190,188
177,177,177
161,160,164
143,143,146
119,119,120
89,89,87
70,68,67
54,51,52
46,44,46
51,48,54
59,59,63
63,68,72
74,79,84
85,87,88
72,72,71
68,68,66
67,68,67
68,70,70
71,72,74
69,70,74
68,70,74
63,64,70
106,109,121
217,218,222
255,255,252
255,255,255
194,196,198
47,61,89
0,48,96
8,82,139
4,87,153
3,85,148
2,83,146
1,80,147
1,79,143
1,77,146
2,74,145
2,76,140
1,77,138
2,75,140
3,77,144
2,78,147
2,80,148
3,81,146
3,83,147
1,86,148
1,88,150
1,89,152
0,93,154
1,96,158
2,98,161
1,100,162
1,100,163
1,101,164
1,103,165
1,103,165
1,103,166
0,102,165
1,103,165
0,102,164
1,101,163
1,97,160
1,94,157
1,91,154
1,87,152
1,84,149
2,79,145
3,76,140
2,74,138
2,71,137
1,68,137
1,67,134
0,67,133
1,66,136
2,67,134
3,68,128
11,68,127
32,66,109
59,65,84
67,69,65
63,65,65
61,60,63
61,60,63
64,64,65
67,67,69
75,79,81
51,54,54
49,49,47
59,58,57
61,61,65
61,59,66
74,76,88
91,95,106
86,87,91
109,109,109
131,131,131
142,141,142
147,147,148
172,172,172
191,191,192
203,203,204
250,250,250
255,255,255
255,255,255
255,255,255
255,255,255
255,255,255
255,255,255
255,255,255
255,255,255
255,255,255
255,255,255
255,255,255
255,255,255
255,255,255
255,255,255
255,255,255
255,255,255
255,255,255
255,255,255
255,255,255
255,255,255
255,255,255
255,255,255
255,255,255
255,255,255
255,255,255
255,255,255
255,255,255
255,255,255
255,255,255
255,255,255
255,255,255
255,255,255
255,255,255
255,255,255
255,255,255
255,255,255
255,255,255
255,255,255
255,255,255
255,255,255
255,255,255
255,255,255
255,255,255
255,255,255
255,255,255
255,255,255
255,255,255
255,255,255
255,255,255
255,255,255
255,255,255
255,255,255
255,255,255
255,255,255
255,255,255
255,255,255
255,255,255
255,255,255
255,255,255
255,255,255
255,255,255
255,255,255
255,255,255
255,255,255
255,255,255
255,255,255
255,255,255
255,255,255
255,255,255
255,255,255
255,255,255
255,255,255
255,255,255
255,255,255
255,255,255
255,255,255
255,255,255
255,255,255
255,255,255
255,255,255
255,255,255
255,255,255
255,255,255
255,255,255
255,255,255
255,255,255
255,255,255
255,255,255
255,255,255
255,255,255
255,255,255
255,255,255
255,255,255
255,255,255
255,255,255
255,255,255
250,250,250
199,199,199
188,188,188
180,180,181
166,165,169
158,159,164
147,148,151
107,107,110
78,75,76
59,55,55
42,40,43
65,63,69
61,60,66
67,69,72
78,82,82
79,80,76
69,68,65
68,67,65
69,69,70
68,70,70
69,70,73
68,69,72
59,60,63
117,118,122
234,236,235
255,255,255
255,255,255
175,180,185
22,47,70
1,62,111
6,86,147
4,85,145
3,81,144
1,79,144
0,77,144
0,70,139
0,68,136
0,67,135
0,65,134
0,70,137
1,77,142
1,76,142
1,79,146
2,81,147
2,84,149
1,88,152
1,89,153
0,91,155
1,94,157
1,97,158
1,99,160
0,101,162
0,103,164
1,104,165
1,104,165
1,104,165
2,105,166
2,105,167
2,106,167
2,105,167
2,104,166
0,102,164
1,99,161
1,96,157
1,90,155
1,86,151
1,82,147
1,77,143
3,73,140
1,71,138
1,68,137
1,65,135
2,63,136
2,64,132
3,65,128
2,65,133
2,66,134
5,67,129
7,71,137
6,77,141
24,74,110
50,63,78
56,57,69
58,59,64
60,59,60
60,58,59
61,60,61
53,56,57
45,48,48
54,54,53
63,63,62
73,72,75
81,80,85
97,99,108
118,122,132
104,106,111
115,115,115
134,134,134
143,143,143
150,150,150
177,177,175
192,192,192
206,206,206
253,253,253
255,255,255
255,255,255
255,255,255
255,255,255
255,255,255
255,255,255
255,255,255
255,255,255
255,255,255
255,255,255
255,255,255
255,255,255
255,255,255
255,255,255
255,255,255
255,255,255
255,255,255
255,255,255
255,255,255
255,255,255
255,255,255
255,255,255
255,255,255
255,255,255
255,255,255
255,255,255
255,255,255
255,255,255
255,255,255
255,255,255
255,255,255
255,255,255
255,255,255
255,255,255
255,255,255
255,255,255
255,255,255
255,255,255
255,255,255
255,255,255
255,255,255
255,255,255
255,255,255
255,255,255
255,255,255
255,255,255
255,255,255
255,255,255
255,255,255
255,255,255
255,255,255
255,255,255
255,255,255
255,255,255
255,255,255
255,255,255
255,255,255
255,255,255
255,255,255
255,255,255
255,255,255
255,255,255
255,255,255
255,255,255
255,255,255
255,255,255
255,255,255
255,255,255
255,255,255
255,255,255
255,255,255
255,255,255
255,255,255
255,255,255
255,255,255
255,255,255
255,255,255
255,255,255
255,255,255
255,255,255
255,255,255
255,255,255
255,255,255
255,255,255
255,255,255
255,255,255
255,255,255
255,255,255
255,255,255
255,255,255
255,255,255
255,255,255
255,255,255
255,255,255
255,255,255
255,255,255
250,250,250
200,200,200
189,189,188
184,184,185
175,175,178
179,180,186
182,185,191
155,157,162
100,100,103
59,56,59
36,33,38
53,50,57
92,90,97
100,101,104
81,82,82
68,68,62
65,64,58
67,66,66
77,78,83
78,80,86
65,68,73
56,60,63
119,121,122
242,243,243
254,255,253
255,255,255
183,181,191
19,45,73
0,67,114
5,85,141
2,82,142
4,82,145
2,75,133
5,68,124
36,90,148
79,126,164
104,143,175
111,145,171
82,121,158
25,83,139
3,72,134
5,80,145
3,83,151
2,84,146
2,90,151
1,95,159
0,97,162
1,97,162
1,100,163
1,103,165
1,104,166
1,106,166
1,107,167
1,107,167
1,107,167
1,108,167
1,108,167
1,108,167
1,108,168
2,107,167
1,104,166
0,101,162
1,97,158
1,92,155
1,87,153
1,81,148
2,77,141
1,73,136
1,70,136
1,69,136
3,67,135
3,66,131
4,64,130
4,65,127
2,67,126
3,67,131
6,67,136
6,69,140
5,74,140
4,81,137
6,84,144
25,72,119
47,55,70
54,60,64
57,57,60
60,58,60
65,64,67
66,69,72
45,48,50
47,47,48
58,58,58
65,65,66
63,63,66
63,63,70
79,79,86
99,99,102
122,122,122
138,138,138
145,145,145
151,151,151
175,175,175
200,200,200
215,215,215
255,255,255
255,255,255
255,255,255
255,255,255
255,255,255
255,255,255
255,255,255
255,255,255
255,255,255
255,255,255
255,255,255
255,255,255
255,255,255
255,255,255
255,255,255
255,255,255
255,255,255
255,255,255
255,255,255
255,255,255
255,255,255
255,255,255
255,255,255
255,255,255
255,255,255
255,255,255
255,255,255
255,255,255
255,255,255
255,255,255
255,255,255
255,255,255
255,255,255
255,255,255
255,255,255
255,255,255
255,255,255
255,255,255
255,255,255
255,255,255
255,255,255
255,255,255
255,255,255
255,255,255
255,255,255
255,255,255
255,255,255
255,255,255
255,255,255
255,255,255
255,255,255
255,255,255
255,255,255
255,255,255
255,255,255
255,255,255
255,255,255
255,255,255
255,255,255
255,255,255
255,255,255
255,255,255
255,255,255
255,255,255
255,255,255
255,255,255
255,255,255
255,255,255
255,255,255
255,255,255
255,255,255
255,255,255
255,255,255
255,255,255
255,255,255
255,255,255
255,255,255
255,255,255
255,255,255
255,255,255
255,255,255
255,255,255
255,255,255
255,255,255
255,255,255
255,255,255
255,255,255
255,255,255
255,255,255
255,255,255
255,255,255
255,255,255
255,255,255
255,255,255
255,255,255
255,255,255
255,255,255
253,253,253
203,203,203
188,188,188
185,185,185
177,177,178
177,179,183
183,187,193
177,180,186
124,126,130
59,59,62
35,34,40
56,56,64
132,132,140
112,113,118
77,78,79
64,64,60
60,60,56
59,60,62
90,93,103
108,112,124
57,61,71
100,104,109
236,239,240
252,254,253
255,255,255
211,209,214
29,50,79
0,64,116
1,82,145
2,81,136
3,79,141
0,68,138
36,84,136
153,177,190
231,237,239
250,255,251
206,207,212
178,179,184
228,237,233
209,226,231
72,114,145
5,77,136
2,90,157
2,94,153
3,95,154
2,99,164
1,101,165
1,102,164
0,104,166
2,107,168
1,107,167
2,108,168
2,108,167
1,108,167
2,108,167
0,108,167
0,108,168
0,108,168
2,108,168
1,106,166
0,103,165
0,99,161
1,94,156
1,88,152
1,83,148
0,77,142
1,72,137
2,69,134
1,67,134
2,68,135
4,66,128
3,60,121
6,60,123
8,65,129
0,67,132
3,74,144
2,78,139
1,79,139
0,76,140
0,74,142
0,82,149
8,90,145
29,65,97
46,57,70
54,58,65
64,62,65
71,71,75
110,114,120
62,66,71
33,34,36
50,50,50
49,49,49
94,94,96
72,72,75
70,70,72
104,104,104
128,128,127
140,140,140
145,145,145
152,152,152
173,173,173
202,202,202
221,221,221
255,255,255
255,255,255
255,255,255
255,255,255
255,255,255
255,255,255
255,255,255
255,255,255
255,255,255
255,255,255
255,255,255
255,255,255
255,255,255
255,255,255
255,255,255
255,255,255
255,255,255
255,255,255
255,255,255
255,255,255
255,255,255
255,255,255
255,255,255
255,255,255
255,255,255
255,255,255
255,255,255
255,255,255
255,255,255
255,255,255
255,255,255
255,255,255
255,255,255
255,255,255
255,255,255
255,255,255
255,255,255
255,255,255
255,255,255
255,255,255
255,255,255
255,255,255
255,255,255
255,255,255
255,255,255
255,255,255
255,255,255
255,255,255
255,255,255
255,255,255
255,255,255
255,255,255
255,255,255
255,255,255
255,255,255
255,255,255
255,255,255
255,255,255
255,255,255
255,255,255
255,255,255
255,255,255
255,255,255
255,255,255
255,255,255
255,255,255
255,255,255
255,255,255
255,255,255
255,255,255
255,255,255
255,255,255
255,255,255
255,255,255
255,255,255
255,255,255
255,255,255
255,255,255
255,255,255
255,255,255
255,255,255
255,255,255
255,255,255
255,255,255
255,255,255
255,255,255
255,255,255
255,255,255
255,255,255
255,255,255
255,255,255
255,255,255
255,255,255
255,255,255
255,255,255
255,255,255
255,255,255
255,255,255
205,206,206
187,187,186
184,183,182
176,176,175
172,175,176
174,179,183
170,174,178
117,118,122
57,57,61
44,44,49
85,86,93
128,131,137
97,99,103
70,71,73
60,62,59
57,59,58
54,56,61
90,96,107
97,102,120
74,78,88
215,220,222
254,255,255
251,254,250
243,241,242
66,78,101
1,53,107
4,79,142
1,77,139
3,75,137
2,65,127
59,100,137
204,219,229
255,255,255
246,245,239
115,114,126
16,33,80
0,29,74
162,178,187
255,255,255
183,200,210
15,78,126
3,97,162
1,99,159
3,99,158
1,103,167
1,103,166
3,103,165
2,106,165
3,108,166
1,108,168
2,106,169
1,108,168
0,108,167
0,108,168
1,107,169
1,108,165
1,108,165
1,106,169
0,103,167
2,100,162
2,97,156
2,91,153
1,83,149
0,79,144
0,74,139
0,69,137
0,66,133
1,65,131
1,67,135
3,62,126
56,98,143
169,192,206
184,204,214
94,131,161
10,71,132
2,76,137
64,120,162
135,166,185
132,166,187
80,137,172
8,84,147
12,86,144
31,64,93
53,57,66
62,63,67
71,73,77
82,88,95
39,41,49
39,37,39
65,63,64
96,95,98
109,109,113
85,85,87
75,75,75
111,111,110
135,135,135
141,141,143
146,146,146
154,154,154
174,174,174
193,193,193
221,221,221
255,255,255
255,255,255
255,255,255
255,255,255
255,255,255
255,255,255
255,255,255
255,255,255
255,255,255
255,255,255
255,255,255
255,255,255
255,255,255
255,255,255
255,255,255
255,255,255
255,255,255
255,255,255
255,255,255
255,255,255
255,255,255
255,255,255
255,255,255
255,255,255
255,255,255
255,255,255
255,255,255
255,255,255
255,255,255
255,255,255
255,255,255
255,255,255
255,255,255
255,255,255
255,255,255
255,255,255
255,255,255
255,255,255
255,255,255
255,255,255
255,255,255
255,255,255
255,255,255
255,255,255
255,255,255
255,255,255
255,255,255
255,255,255
255,255,255
255,255,255
255,255,255
255,255,255
255,255,255
255,255,255
255,255,255
255,255,255
255,255,255
255,255,255
255,255,255
255,255,255
255,255,255
255,255,255
255,255,255
255,255,255
255,255,255
255,255,255
255,255,255
255,255,255
255,255,255
255,255,255
255,255,255
255,255,255
255,255,255
255,255,255
255,255,255
255,255,255
255,255,255
255,255,255
255,255,255
255,255,255
255,255,255
255,255,255
255,255,255
255,255,255
255,255,255
255,255,255
255,255,255
255,255,255
255,255,255
255,255,255
255,255,255
255,255,255
255,255,255
255,255,255
255,255,255
255,255,255
255,255,255
255,255,255
208,208,208
187,185,184
184,181,179
173,172,172
168,169,170
164,166,168
154,156,159
108,109,110
61,63,63
46,48,51
80,84,88
85,88,91
72,74,75
62,62,63
57,58,58
53,54,59
59,60,68
86,89,102
66,71,85
163,167,169
255,255,255
252,252,248
255,255,255
155,154,167
4,38,85
9,72,138
3,75,136
1,74,138
2,65,128
50,87,134
218,223,229
255,255,249
253,251,250
114,119,131
1,29,77
4,68,129
34,90,130
214,224,228
255,255,255
191,199,204
14,72,112
3,100,165
4,100,164
5,102,162
4,107,168
3,106,168
3,104,168
4,107,170
2,109,171
1,106,172
2,107,170
0,108,168
0,108,168
1,107,167
1,107,168
2,108,167
2,108,168
1,104,170
1,100,167
3,97,159
3,94,153
1,87,151
1,81,145
1,77,138
0,72,133
0,67,136
1,65,134
3,64,128
3,65,136
1,57,122
144,169,191
255,255,255
255,255,255
210,215,226
19,72,119
2,74,137
134,166,193
255,255,255
254,255,253
84,114,136
1,74,138
3,91,155
23,76,123
50,57,69
58,61,68
59,63,66
47,52,57
37,36,42
48,45,45
108,105,104
182,180,185
130,130,137
79,80,83
82,82,82
116,116,115
145,145,147
151,150,154
145,145,147
157,157,157
178,178,178
188,188,188
221,221,221
255,255,255
255,255,255
255,255,255
255,255,255
255,255,255
255,255,255
255,255,255
255,255,255
255,255,255
255,255,255
255,255,255
255,255,255
255,255,255
255,255,255
255,255,255
255,255,255
255,255,255
255,255,255
255,255,255
255,255,255
255,255,255
255,255,255
255,255,255
255,255,255
255,255,255
255,255,255
255,255,255
255,255,255
255,255,255
255,255,255
255,255,255
255,255,255
255,255,255
255,255,255
255,255,255
255,255,255
255,255,255
255,255,255
255,255,255
255,255,255
255,255,255
255,255,255
255,255,255
255,255,255
255,255,255
255,255,255
255,255,255
255,255,255
255,255,255
255,255,255
255,255,255
255,255,255
255,255,255
255,255,255
255,255,255
255,255,255
255,255,255
255,255,255
255,255,255
255,255,255
255,255,255
255,255,255
255,255,255
255,255,255
255,255,255
255,255,255
255,255,255
255,255,255
255,255,255
255,255,255
255,255,255
255,255,255
255,255,255
255,255,255
255,255,255
255,255,255
255,255,255
255,255,255
255,255,255
255,255,255
255,255,255
255,255,255
255,255,255
255,255,255
255,255,255
255,255,255
255,255,255
255,255,255
255,255,255
255,255,255
255,255,255
255,255,255
255,255,255
255,255,255
255,255,255
255,255,255
255,255,255
255,255,255
211,211,211
185,184,184
180,178,178
171,170,170
167,167,166
159,158,159
142,143,143
107,108,108
70,70,69
46,47,48
45,49,50
58,58,60
58,58,58
56,56,55
46,48,50
53,56,62
89,92,101
74,79,91
89,94,104
238,242,239
252,254,254
255,255,251
236,236,235
47,62,91
5,57,116
5,68,133
2,69,129
0,68,133
13,66,120
176,197,210
255,255,252
255,255,254
168,164,175
7,36,76
4,73,132
16,86,139
157,185,204
255,255,255
255,254,253
111,121,140
1,73,117
0,103,172
0,99,167
0,103,162
4,102,163
4,105,162
2,104,163
1,106,170
2,108,173
1,108,169
1,111,170
0,110,174
0,106,171
0,106,168
1,108,169
2,106,175
0,104,173
0,102,168
0,97,160
1,92,155
3,87,156
0,80,156
0,74,146
0,68,134
0,66,131
1,67,137
1,66,133
3,64,124
3,64,129
4,61,124
48,77,118
153,158,175
173,173,170
78,88,118
2,59,103
27,91,144
208,224,232
255,255,255
188,194,201
11,49,89
7,85,143
3,93,159
12,88,144
35,58,83
52,53,64
46,48,52
40,40,43
44,43,46
53,53,49
85,87,92
135,137,150
112,114,125
72,72,76
90,90,88
119,119,119
141,141,144
156,155,160
146,146,149
160,160,161
180,180,180
184,184,183
217,217,217
255,255,255
254,254,254
255,255,255
255,255,255
255,255,255
255,255,255
255,255,255
255,255,255
255,255,255
255,255,255
255,255,255
255,255,255
255,255,255
255,255,255
255,255,255
255,255,255
255,255,255
255,255,255
255,255,255
255,255,255
255,255,255
255,255,255
255,255,255
255,255,255
255,255,255
255,255,255
255,255,255
255,255,255
255,255,255
255,255,255
255,255,255
255,255,255
255,255,255
255,255,255
255,255,255
255,255,255
255,255,255
255,255,255
255,255,255
255,255,255
255,255,255
255,255,255
255,255,255
255,255,255
255,255,255
255,255,255
255,255,255
255,255,255
255,255,255
255,255,255
255,255,255
255,255,255
255,255,255
255,255,255
255,255,255
255,255,255
255,255,255
255,255,255
255,255,255
255,255,255
255,255,255
255,255,255
255,255,255
255,255,255
255,255,255
255,255,255
255,255,255
255,255,255
255,255,255
255,255,255
255,255,255
255,255,255
255,255,255
255,255,255
255,255,255
255,255,255
255,255,255
255,255,255
255,255,255
255,255,255
255,255,255
255,255,255
255,255,255
255,255,255
255,255,255
255,255,255
255,255,255
255,255,255
255,255,255
255,255,255
255,255,255
255,255,255
255,255,255
255,255,255
255,255,255
255,255,255
255,255,255
255,255,255
212,213,214
193,194,195
184,183,183
169,169,168
163,163,163
156,156,156
139,139,139
111,112,110
75,75,74
47,47,49
42,42,45
51,51,53
54,53,55
51,52,51
37,40,42
79,82,89
122,128,139
60,67,81
155,158,166
255,255,255
251,252,252
255,255,255
180,182,190
5,37,83
3,67,130
2,66,130
3,65,130
0,58,123
105,140,169
249,254,253
255,254,245
231,228,223
41,53,92
2,64,122
2,88,142
51,114,158
135,153,170
137,143,155
113,125,140
10,58,103
3,89,146
31,113,165
60,135,180
53,134,171
30,111,162
14,108,164
31,119,163
32,121,168
9,109,177
2,110,168
0,106,162
9,105,166
37,120,173
38,122,170
5,103,159
0,99,161
7,100,157
27,109,160
33,111,161
12,90,150
0,74,135
2,71,132
14,74,138
27,80,138
17,71,130
1,61,128
2,67,132
1,65,132
0,66,135
0,61,131
0,56,126
0,46,107
4,45,98
2,62,124
2,78,139
109,150,181
253,255,250
253,254,251
88,107,127
4,62,125
5,92,149
3,91,156
5,90,152
21,67,109
41,45,64
45,41,53
42,40,41
43,44,46
54,56,53
95,103,113
118,126,143
81,84,95
70,69,69
96,97,93
122,122,122
146,146,148
169,169,171
147,147,149
160,160,161
180,180,180
182,182,182
215,215,215
255,255,255
255,255,255
255,255,255
255,255,255
255,255,255
255,255,255
255,255,255
255,255,255
255,255,255
255,255,255
255,255,255
255,255,255
255,255,255
255,255,255
255,255,255
255,255,255
255,255,255
255,255,255
255,255,255
255,255,255
255,255,255
255,255,255
255,255,255
255,255,255
255,255,255
255,255,255
255,255,255
255,255,255
255,255,255
255,255,255
255,255,255
255,255,255
255,255,255
255,255,255
255,255,255
255,255,255
255,255,255
255,255,255
255,255,255
255,255,255
255,255,255
255,255,255
255,255,255
255,255,255
255,255,255
255,255,255
255,255,255
255,255,255
255,255,255
255,255,255
255,255,255
255,255,255
255,255,255
255,255,255
255,255,255
255,255,255
255,255,255
255,255,255
255,255,255
255,255,255
255,255,255
255,255,255
255,255,255
255,255,255
255,255,255
255,255,255
255,255,255
255,255,255
255,255,255
255,255,255
255,255,255
255,255,255
255,255,255
255,255,255
255,255,255
255,255,255
255,255,255
255,255,255
255,255,255
255,255,255
255,255,255
255,255,255
255,255,255
255,255,255
255,255,255
255,255,255
255,255,255
255,255,255
255,255,255
255,255,255
255,255,255
255,255,255
255,255,255
255,255,255
255,255,255
255,255,255
255,255,255
254,255,255
213,216,218
194,197,197
188,189,190
166,166,167
161,161,161
155,155,154
142,142,141
117,117,115
84,84,85
58,57,61
50,50,55
55,54,59
53,52,54
48,48,49
37,39,43
85,89,97
105,112,124
66,72,86
207,210,214
254,255,255
253,253,253
255,255,255
121,130,147
1,41,101
2,67,130
2,65,127
2,60,130
25,73,125
212,223,229
254,255,250
253,255,252
127,126,141
0,47,99
3,87,151
4,93,155
8,86,145
2,71,121
2,65,112
2,65,121
17,90,144
116,167,193
216,237,235
245,253,254
230,242,243
206,224,231
190,218,225
226,244,238
165,195,197
16,97,153
4,101,159
64,135,173
176,210,226
227,239,237
228,241,239
136,182,204
118,169,196
184,217,225
217,234,235
226,238,237
181,207,222
110,144,168
165,188,203
202,219,231
219,233,237
208,223,230
92,121,153
1,59,120
0,65,131
24,78,130
116,143,175
124,152,180
114,152,183
30,86,150
2,84,145
24,94,149
203,223,231
255,255,255
194,201,206
15,54,92
5,84,150
1,91,152
1,89,151
1,88,152
10,76,125
33,47,71
45,41,53
40,41,41
43,44,42
59,63,59
105,113,123
81,89,105
51,55,64
71,70,69
102,102,101
124,123,124
155,155,155
193,193,193
145,145,145
158,158,158
176,176,176
178,178,178
218,218,218
255,255,255
254,254,254
255,255,255
255,255,255
255,255,255
255,255,255
255,255,255
255,255,255
255,255,255
255,255,255
255,255,255
255,255,255
255,255,255
255,255,255
255,255,255
255,255,255
255,255,255
255,255,255
255,255,255
255,255,255
255,255,255
255,255,255
255,255,255
255,255,255
255,255,255
255,255,255
255,255,255
255,255,255
255,255,255
255,255,255
255,255,255
255,255,255
255,255,255
255,255,255
255,255,255
255,255,255
255,255,255
255,255,255
255,255,255
255,255,255
255,255,255
255,255,255
255,255,255
255,255,255
255,255,255
255,255,255
255,255,255
255,255,255
255,255,255
255,255,255
255,255,255
255,255,255
255,255,255
255,255,255
255,255,255
255,255,255
255,255,255
255,255,255
255,255,255
255,255,255
255,255,255
255,255,255
255,255,255
255,255,255
255,255,255
255,255,255
255,255,255
255,255,255
255,255,255
255,255,255
255,255,255
255,255,255
255,255,255
255,255,255
255,255,255
255,255,255
255,255,255
255,255,255
255,255,255
255,255,255
255,255,255
255,255,255
255,255,255
255,255,255
255,255,255
255,255,255
255,255,255
255,255,255
255,255,255
255,255,255
255,255,255
255,255,255
255,255,255
255,255,255
255,255,255
254,254,254
254,254,254
252,253,254
233,240,243
220,231,234
217,226,228
204,207,209
185,186,185
172,173,171
153,154,151
123,122,122
91,92,94
66,71,75
67,73,78
67,69,73
46,45,49
52,49,53
59,58,63
85,87,96
84,91,104
83,88,102
240,240,243
252,255,252
251,253,251
254,254,254
85,99,126
1,48,109
2,67,128
1,66,127
0,56,127
99,136,169
251,255,245
253,255,253
213,214,222
28,48,87
4,79,131
4,91,153
7,93,157
3,97,160
1,105,167
4,105,167
15,102,153
152,184,208
250,255,251
243,241,235
131,138,155
63,80,98
171,175,176
255,255,253
242,240,238
66,91,110
0,84,142
74,142,177
215,223,231
122,133,142
183,194,197
255,254,251
253,255,250
207,206,213
159,161,172
235,236,236
252,252,250
255,255,254
231,232,234
164,162,172
212,212,215
255,253,247
255,255,254
174,181,191
0,50,104
0,64,132
49,91,130
241,246,240
255,255,252
186,198,203
14,64,120
0,84,142
104,146,172
251,255,246
254,253,253
96,108,130
4,61,110
4,94,151
2,88,158
2,86,150
6,84,148
6,78,132
27,48,73
42,41,53
32,40,43
43,44,38
54,57,56
72,77,82
43,46,57
41,43,52
72,71,71
103,102,101
125,124,123
141,140,140
155,154,154
163,164,163
186,188,187
213,213,214
223,223,226
239,239,239
253,253,252
254,254,254
255,255,255
255,255,255
255,255,255
255,255,255
255,255,255
255,255,255
255,255,255
255,255,255
255,255,255
255,255,255
255,255,255
255,255,255
255,255,255
255,255,255
255,255,255
255,255,255
255,255,255
255,255,255
255,255,255
255,255,255
255,255,255
255,255,255
255,255,255
255,255,255
255,255,255
255,255,255
255,255,255
255,255,255
255,255,255
255,255,255
255,255,255
255,255,255
255,255,255
255,255,255
255,255,255
255,255,255
255,255,255
255,255,255
255,255,255
255,255,255
255,255,255
255,255,255
255,255,255
255,255,255
255,255,255
255,255,255
255,255,255
255,255,255
255,255,255
255,255,255
255,255,255
255,255,255
255,255,255
255,255,255
255,255,255
255,255,255
255,255,255
255,255,255
255,255,255
255,255,255
255,255,255
255,255,255
255,255,255
255,255,255
255,255,255
255,255,255
255,255,255
255,255,255
255,255,255
255,255,255
255,255,255
255,255,255
255,255,255
255,255,255
255,255,255
255,255,255
255,255,255
255,255,255
255,255,255
255,255,255
255,255,255
255,255,255
255,255,255
255,255,255
255,255,255
255,255,255
255,255,255
255,255,255
255,255,255
255,255,255
255,255,255
255,255,255
254,255,255
253,255,254
255,254,254
255,255,255
199,212,217
146,173,186
170,194,208
193,215,223
211,228,230
221,232,234
218,227,227
208,211,211
174,177,177
139,144,146
133,138,142
106,106,111
55,51,54
57,53,54
71,67,69
71,72,79
58,66,80
96,100,113
251,251,253
253,254,253
252,255,251
253,251,250
74,89,123
1,50,116
1,65,130
0,66,126
8,62,126
179,197,216
255,255,250
255,255,255
136,138,156
1,53,107
2,92,153
3,94,155
5,97,158
2,101,160
2,101,163
6,94,151
109,164,189
248,255,255
247,246,246
94,109,125
0,53,102
28,86,136
209,221,224
255,255,255
157,158,178
2,61,94
35,112,165
194,222,232
84,106,127
19,57,92
200,216,220
255,255,255
201,206,211
25,47,75
4,42,89
188,199,205
255,255,255
235,236,234
56,63,90
0,13,67
122,131,151
255,255,246
254,253,253
98,108,132
0,46,107
2,61,130
132,155,181
254,255,253
245,247,244
76,95,120
0,65,120
19,99,159
199,220,222
255,255,246
210,207,218
25,53,95
6,88,139
5,94,149
2,86,164
6,85,146
10,80,141
6,74,141
21,49,81
29,36,49
23,27,32
25,26,23
26,28,28
31,32,36
44,44,52
78,76,81
122,120,121
162,161,161
194,196,196
214,219,219
220,227,228
219,229,233
208,222,227
183,203,212
151,175,188
205,213,220
254,254,254
254,255,254
255,255,255
255,255,255
255,255,255
255,255,255
255,255,255
255,255,255
255,255,255
255,255,255
255,255,255
255,255,255
255,255,255
255,255,255
255,255,255
255,255,255
255,255,255
255,255,255
255,255,255
255,255,255
255,255,255
255,255,255
255,255,255
255,255,255
255,255,255
255,255,255
255,255,255
255,255,255
255,255,255
255,255,255
255,255,255
255,255,255
255,255,255
255,255,255
255,255,255
255,255,255
255,255,255
255,255,255
255,255,255
255,255,255
255,255,255
255,255,255
255,255,255
255,255,255
255,255,255
255,255,255
255,255,255
255,255,255
255,255,255
255,255,255
255,255,255
255,255,255
255,255,255
255,255,255
255,255,255
255,255,255
255,255,255
255,255,255
255,255,255
255,255,255
255,255,255
255,255,255
255,255,255
255,255,255
255,255,255
255,255,255
255,255,255
255,255,255
255,255,255
255,255,255
255,255,255
255,255,255
255,255,255
255,255,255
255,255,255
255,255,255
255,255,255
255,255,255
255,255,255
255,255,255
255,255,255
255,255,255
255,255,255
255,255,255
255,255,255
255,255,255
255,255,255
255,255,255
255,255,255
255,255,255
255,255,255
255,255,255
255,255,255
255,255,255
254,255,255
253,255,254
255,254,253
255,255,255
197,213,221
122,160,182
131,168,194
136,174,195
144,178,195
151,183,198
153,188,200
154,194,204
156,197,209
166,204,216
181,209,220
188,211,221
187,201,204
177,183,182
167,171,172
147,154,154
93,104,109
109,114,120
252,254,254
255,254,254
251,255,251
254,254,252
82,98,128
0,50,119
2,65,131
0,65,129
27,78,130
221,229,235
255,255,254
246,247,245
62,84,112
0,74,134
1,93,155
2,97,155
4,98,159
2,102,163
0,98,162
54,120,163
223,239,238
255,255,255
151,155,163
6,54,91
5,91,154
120,165,196
250,255,255
235,235,233
52,77,105
1,86,135
139,184,210
139,151,165
0,54,95
105,156,180
250,255,254
253,253,251
98,111,127
0,57,99
57,111,157
229,239,239
255,255,254
148,150,163
0,27,82
21,66,126
200,212,215
255,255,252
207,202,212
20,40,73
0,60,117
27,80,132
218,227,233
255,255,254
184,187,194
10,45,93
2,82,143
95,148,181
250,253,252
250,255,253
104,115,134
1,60,116
3,94,156
1,92,148
1,89,150
5,84,144
4,83,137
2,75,135
37,60,96
80,81,98
106,102,109
145,142,140
163,166,166
175,182,181
187,205,205
192,216,219
193,220,226
182,214,222
173,208,216
164,201,210
151,189,202
141,180,197
133,171,189
120,162,183
105,151,174
194,210,220
255,255,255
254,255,254
255,255,255
255,255,255
255,255,255
255,255,255
255,255,255
255,255,255
255,255,255
255,255,255
255,255,255
255,255,255
255,255,255
255,255,255
255,255,255
255,255,255
255,255,255
255,255,255
255,255,255
255,255,255
255,255,255
255,255,255
255,255,255
255,255,255
255,255,255
255,255,255
255,255,255
255,255,255
255,255,255
255,255,255
255,255,255
255,255,255
255,255,255
255,255,255
255,255,255
255,255,255
255,255,255
255,255,255
255,255,255
255,255,255
255,255,255
255,255,255
255,255,255
255,255,255
255,255,255
255,255,255
255,255,255
255,255,255
255,255,255
255,255,255
255,255,255
255,255,255
255,255,255
255,255,255
255,255,255
255,255,255
255,255,255
255,255,255
255,255,255
255,255,255
255,255,255
255,255,255
255,255,255
255,255,255
255,255,255
255,255,255
255,255,255
255,255,255
255,255,255
255,255,255
255,255,255
255,255,255
255,255,255
255,255,255
255,255,255
255,255,255
255,255,255
255,255,255
255,255,255
255,255,255
255,255,255
255,255,255
255,255,255
255,255,255
255,255,255
255,255,255
255,255,255
255,255,255
255,255,255
255,255,255
255,255,255
255,255,255
255,255,255
255,255,255
254,255,255
253,255,254
254,255,252
255,255,255
200,218,226
118,159,182
130,171,197
135,177,201
141,181,202
141,183,204
133,181,201
119,172,200
95,155,190
64,139,176
36,129,167
25,128,169
43,140,175
65,155,184
102,180,206
153,199,221
149,165,193
130,135,156
247,250,250
254,255,250
251,254,250
255,255,253
113,127,147
0,50,115
1,69,127
0,65,134
41,90,144
233,242,234
255,255,249
215,216,217
20,61,104
1,88,154
2,96,151
1,100,159
3,100,162
0,100,164
13,98,154
173,205,217
255,255,250
229,231,229
38,70,93
1,88,148
31,111,168
211,230,230
255,255,253
152,155,167
0,68,100
50,126,174
194,207,219
31,68,104
22,99,141
198,227,235
255,255,251
201,201,199
21,53,89
5,75,140
154,183,205
255,255,255
234,234,227
43,57,92
0,45,117
106,138,176
252,255,247
253,253,253
95,98,126
0,39,93
1,62,118
129,158,180
253,255,253
253,252,247
89,102,119
0,65,126
21,96,153
198,217,220
255,255,255
207,214,221
24,54,87
5,83,148
10,92,147
8,91,142
2,86,140
1,82,144
2,79,140
6,69,130
53,70,111
138,157,178
157,198,215
119,189,210
85,165,199
67,147,183
60,142,178
71,146,183
91,156,190
114,170,199
130,179,202
137,182,206
138,182,206
135,177,202
130,172,197
120,163,189
103,149,178
194,213,222
255,255,252
254,255,254
255,255,255
255,255,255
255,255,255
255,255,255
255,255,255
255,255,255
255,255,255
255,255,255
255,255,255
255,255,255
255,255,255
255,255,255
255,255,255
255,255,255
255,255,255
255,255,255
255,255,255
255,255,255
255,255,255
255,255,255
255,255,255
255,255,255
255,255,255
255,255,255
255,255,255
255,255,255
255,255,255
255,255,255
255,255,255
255,255,255
255,255,255
255,255,255
255,255,255
255,255,255
255,255,255
255,255,255
255,255,255
255,255,255
255,255,255
255,255,255
255,255,255
255,255,255
255,255,255
255,255,255
255,255,255
255,255,255
255,255,255
255,255,255
255,255,255
255,255,255
255,255,255
255,255,255
255,255,255
255,255,255
255,255,255
255,255,255
255,255,255
255,255,255
255,255,255
255,255,255
255,255,255
255,255,255
255,255,255
255,255,255
255,255,255
255,255,255
255,255,255
255,255,255
255,255,255
255,255,255
255,255,255
255,255,255
255,255,255
255,255,255
255,255,255
255,255,255
255,255,255
255,255,255
255,255,255
255,255,255
255,255,255
255,255,255
255,255,255
255,255,255
255,255,255
255,255,255
255,255,255
255,255,255
255,255,255
255,255,255
255,255,255
255,255,255
254,255,255
253,255,253
254,255,253
255,255,254
202,219,225
116,158,179
126,170,195
136,177,200
142,181,202
145,182,206
138,183,208
124,176,203
100,162,190
68,149,182
36,135,178
16,125,174
4,123,174
0,129,180
16,140,187
79,159,199
112,147,188
102,117,150
233,237,239
255,253,248
251,253,252
255,255,254
165,174,187
3,49,106
5,72,128
1,68,141
39,89,144
230,240,233
255,255,250
198,200,203
17,62,110
3,94,162
2,98,153
1,101,161
1,99,168
4,92,152
133,172,195
252,254,255
255,255,255
151,160,168
5,64,100
0,99,166
118,163,193
251,255,253
243,242,238
61,85,109
4,87,141
151,184,211
109,127,144
0,71,118
107,157,193
251,254,252
254,254,251
101,113,125
0,58,108
46,108,163
230,243,245
255,255,255
154,158,165
2,31,82
23,70,127
206,219,220
255,255,252
199,202,205
16,38,80
0,52,123
69,105,148
237,242,245
255,255,253
195,199,197
13,53,92
2,78,136
118,159,190
252,254,244
252,254,253
115,126,142
0,61,112
10,89,147
107,153,181
27,94,143
4,82,144
6,79,140
3,72,140
6,61,126
56,72,111
94,138,173
57,150,191
9,133,178
0,126,179
13,126,175
34,134,178
63,147,183
94,164,194
119,176,202
134,183,204
142,183,206
145,181,205
139,175,200
131,172,197
118,162,189
100,148,178
196,215,223
255,255,252
254,255,254
255,255,255
255,255,255
255,255,255
255,255,255
255,255,255
255,255,255
255,255,255
255,255,255
255,255,255
255,255,255
255,255,255
255,255,255
255,255,255
255,255,255
255,255,255
255,255,255
255,255,255
255,255,255
255,255,255
255,255,255
255,255,255
255,255,255
255,255,255
255,255,255
255,255,255
255,255,255
255,255,255
255,255,255
255,255,255
255,255,255
255,255,255
255,255,255
255,255,255
255,255,255
255,255,255
255,255,255
255,255,255
255,255,255
255,255,255
255,255,255
255,255,255
255,255,255
255,255,255
255,255,255
255,255,255
255,255,255
255,255,255
255,255,255
255,255,255
255,255,255
255,255,255
255,255,255
255,255,255
255,255,255
255,255,255
255,255,255
255,255,255
255,255,255
255,255,255
255,255,255
255,255,255
255,255,255
255,255,255
255,255,255
255,255,255
255,255,255
255,255,255
255,255,255
255,255,255
255,255,255
255,255,255
255,255,255
255,255,255
255,255,255
255,255,255
255,255,255
255,255,255
255,255,255
255,255,255
255,255,255
255,255,255
255,255,255
255,255,255
255,255,255
255,255,255
255,255,255
255,255,255
255,255,255
255,255,255
255,255,255
255,255,255
255,255,255
254,255,255
253,255,254
255,255,254
255,255,254
204,220,225
115,157,178
127,171,194
135,176,199
141,182,202
142,183,205
139,182,207
126,177,206
104,165,199
73,151,188
40,138,179
20,128,173
10,124,173
5,128,180
21,142,189
81,164,202
119,160,192
88,114,141
192,204,209
255,254,249
251,253,253
254,254,252
220,226,228
31,68,113
5,70,130
1,78,141
16,79,133
202,216,224
255,255,255
229,232,233
42,83,114
0,89,154
0,99,162
0,94,156
10,91,147
119,167,193
207,212,211
229,229,234
255,255,255
87,105,136
0,77,131
41,120,159
221,233,234
255,255,252
167,173,187
1,59,102
67,134,171
174,191,201
17,65,107
22,105,152
198,225,229
255,255,252
206,211,215
20,55,90
3,70,125
143,176,195
255,255,252
238,239,240
55,64,100
0,45,104
114,142,169
253,255,247
250,249,248
93,96,122
0,37,86
43,86,135
203,214,225
253,252,250
252,252,249
93,107,126
0,51,109
66,117,153
219,225,231
255,255,251
212,216,213
24,55,89
0,75,138
94,139,173
119,135,157
10,61,114
8,81,140
7,73,140
5,71,140
3,65,113
64,85,110
99,147,182
58,155,205
15,137,185
7,130,183
17,130,179
38,138,176
67,153,181
96,169,193
120,180,203
134,186,204
140,185,204
140,184,204
134,179,199
129,172,194
118,161,187
99,148,177
199,217,225
255,255,253
253,254,254
255,255,255
255,255,255
255,255,255
255,255,255
255,255,255
255,255,255
255,255,255
255,255,255
255,255,255
255,255,255
255,255,255
255,255,255
255,255,255
255,255,255
255,255,255
255,255,255
255,255,255
255,255,255
255,255,255
255,255,255
255,255,255
255,255,255
255,255,255
255,255,255
255,255,255
255,255,255
255,255,255
255,255,255
255,255,255
255,255,255
255,255,255
255,255,255
255,255,255
255,255,255
255,255,255
255,255,255
255,255,255
255,255,255
255,255,255
255,255,255
255,255,255
255,255,255
255,255,255
255,255,255
255,255,255
255,255,255
255,255,255
255,255,255
255,255,255
255,255,255
255,255,255
255,255,255
255,255,255
255,255,255
255,255,255
255,255,255
255,255,255
255,255,255
255,255,255
255,255,255
255,255,255
255,255,255
255,255,255
255,255,255
255,255,255
255,255,255
255,255,255
255,255,255
255,255,255
255,255,255
255,255,255
255,255,255
255,255,255
255,255,255
255,255,255
255,255,255
255,255,255
255,255,255
255,255,255
255,255,255
255,255,255
255,255,255
255,255,255
255,255,255
255,255,255
255,255,255
255,255,255
255,255,255
255,255,255
255,255,255
255,255,255
255,255,255
254,254,254
253,255,254
254,255,254
255,255,254
207,221,226
114,155,176
128,169,192
135,176,199
140,182,201
141,185,205
136,185,207
129,179,202
112,168,192
81,153,184
49,138,181
24,127,179
9,125,178
2,130,181
14,143,191
72,161,206
121,163,204
97,122,154
143,158,170
255,255,253
250,252,249
251,253,249
253,254,252
122,139,166
2,63,122
3,81,146
4,78,136
104,134,156
250,252,252
255,255,255
170,193,207
49,112,156
30,105,153
60,125,169
159,197,211
179,193,201
62,75,93
222,226,233
255,255,251
145,165,180
68,125,158
175,205,216
234,236,235
252,255,252
86,109,132
36,93,142
168,202,209
63,100,120
2,79,125
110,162,195
250,255,252
255,255,253
98,116,135
0,52,111
53,103,145
234,245,240
255,255,253
157,160,172
2,29,87
18,70,124
209,223,232
255,255,255
212,218,217
29,36,68
64,98,134
177,194,205
166,168,172
252,255,254
227,233,232
37,53,82
67,106,148
163,182,198
139,146,150
255,255,255
165,171,170
12,53,91
85,140,174
141,161,178
32,59,96
85,114,164
64,100,151
9,71,142
5,69,137
12,59,98
87,105,127
103,153,193
52,153,201
9,138,180
6,132,177
20,132,177
45,137,180
76,153,186
107,167,198
127,177,208
140,184,209
143,184,209
142,183,208
134,178,202
128,171,194
118,161,187
100,148,175
203,218,226
255,255,254
252,254,254
255,255,255
255,255,255
255,255,255
255,255,255
255,255,255
255,255,255
255,255,255
255,255,255
255,255,255
255,255,255
255,255,255
255,255,255
255,255,255
255,255,255
255,255,255
255,255,255
255,255,255
255,255,255
255,255,255
255,255,255
255,255,255
255,255,255
255,255,255
255,255,255
255,255,255
255,255,255
255,255,255
255,255,255
255,255,255
255,255,255
255,255,255
255,255,255
255,255,255
255,255,255
255,255,255
255,255,255
255,255,255
255,255,255
255,255,255
255,255,255
255,255,255
255,255,255
255,255,255
255,255,255
255,255,255
255,255,255
255,255,255
255,255,255
255,255,255
255,255,255
255,255,255
255,255,255
255,255,255
255,255,255
255,255,255
255,255,255
255,255,255
255,255,255
255,255,255
255,255,255
255,255,255
255,255,255
255,255,255
255,255,255
255,255,255
255,255,255
255,255,255
255,255,255
255,255,255
255,255,255
255,255,255
255,255,255
255,255,255
255,255,255
255,255,255
255,255,255
255,255,255
255,255,255
255,255,255
255,255,255
255,255,255
255,255,255
255,255,255
255,255,255
255,255,255
255,255,255
255,255,255
255,255,255
255,255,255
255,255,255
255,255,255
255,255,255
254,254,254
252,254,254
252,255,255
255,255,254
212,223,227
114,154,172
126,167,190
132,176,197
138,181,201
145,184,203
140,184,207
129,182,204
113,171,191
84,156,186
53,141,182
25,130,179
9,127,178
2,130,180
9,139,189
56,158,206
111,166,208
115,145,174
93,109,127
229,231,235
254,255,253
253,254,253
255,255,255
228,229,233
40,88,125
3,80,148
6,86,150
11,77,123
109,132,156
215,219,221
248,253,250
237,245,241
213,226,227
184,199,207
110,125,144
16,56,89
13,67,112
145,175,195
247,250,244
249,251,246
207,213,218
92,107,121
125,143,155
248,250,250
200,210,213
169,188,197
85,107,131
0,72,126
23,106,155
174,206,218
227,227,231
192,189,196
23,51,94
4,66,136
120,155,179
228,229,230
218,214,220
56,62,96
2,49,117
14,66,120
161,177,191
248,248,247
240,244,246
182,186,193
161,167,182
61,67,96
75,81,111
233,240,240
247,250,248
188,191,201
154,163,177
46,68,105
49,77,110
219,229,235
238,241,242
185,189,200
129,145,164
21,51,89
26,70,121
86,115,160
69,94,138
8,65,128
8,63,124
33,67,103
106,129,162
97,158,200
38,150,194
4,137,180
9,131,179
25,131,177
47,142,181
78,157,187
109,169,198
128,179,206
140,185,208
143,185,207
142,183,205
135,177,201
129,170,193
120,161,187
101,146,174
205,219,226
255,255,253
253,254,254
255,255,255
255,255,255
255,255,255
255,255,255
255,255,255
255,255,255
255,255,255
255,255,255
255,255,255
255,255,255
255,255,255
255,255,255
255,255,255
255,255,255
255,255,255
255,255,255
255,255,255
255,255,255
255,255,255
255,255,255
255,255,255
255,255,255
255,255,255
255,255,255
255,255,255
255,255,255
255,255,255
255,255,255
255,255,255
255,255,255
255,255,255
255,255,255
255,255,255
255,255,255
255,255,255
255,255,255
255,255,255
255,255,255
255,255,255
255,255,255
255,255,255
255,255,255
255,255,255
255,255,255
255,255,255
255,255,255
255,255,255
255,255,255
255,255,255
255,255,255
255,255,255
255,255,255
255,255,255
255,255,255
255,255,255
255,255,255
255,255,255
255,255,255
255,255,255
255,255,255
255,255,255
255,255,255
255,255,255
255,255,255
255,255,255
255,255,255
255,255,255
255,255,255
255,255,255
255,255,255
255,255,255
255,255,255
255,255,255
255,255,255
255,255,255
255,255,255
255,255,255
255,255,255
255,255,255
255,255,255
255,255,255
255,255,255
255,255,255
255,255,255
255,255,255
255,255,255
255,255,255
255,255,255
255,255,255
255,255,255
255,255,255
255,255,255
254,255,255
253,255,254
253,255,254
253,254,252
238,243,245
144,171,183
125,166,187
130,176,199
137,181,203
144,183,202
142,184,207
133,183,206
116,173,196
88,158,189
56,143,183
28,131,178
11,127,176
4,130,180
2,136,185
34,152,197
98,168,208
126,163,196
93,110,139
148,150,165
255,255,255
254,254,255
254,254,252
255,255,255
166,183,194
13,77,124
4,86,152
6,91,151
2,74,132
23,72,113
67,94,120
81,101,115
56,80,102
18,52,93
0,57,112
4,89,144
4,102,156
14,83,128
64,94,127
75,95,121
27,61,97
5,65,115
21,82,131
61,100,131
78,105,128
32,74,104
4,72,114
5,107,162
11,108,162
30,83,133
25,56,95
16,53,89
8,64,115
10,77,139
24,69,118
21,48,91
21,40,87
5,41,97
6,63,132
5,63,129
13,53,104
63,77,109
80,87,113
52,65,93
8,32,81
3,41,110
10,53,116
48,72,104
82,89,115
61,74,109
9,39,87
2,53,115
8,66,122
41,76,112
83,93,129
53,64,101
7,36,85
4,60,125
7,73,133
18,72,129
15,64,118
6,70,117
19,54,96
74,95,125
115,151,183
80,161,202
20,148,195
1,136,183
10,130,177
26,132,177
50,145,183
82,161,188
112,172,199
131,183,206
140,186,209
143,185,207
143,183,206
136,177,201
130,171,193
119,159,185
103,147,175
207,222,228
255,255,252
254,254,254
255,255,255
255,255,255
255,255,255
255,255,255
255,255,255
255,255,255
255,255,255
255,255,255
255,255,255
255,255,255
255,255,255
255,255,255
255,255,255
255,255,255
255,255,255
255,255,255
255,255,255
255,255,255
255,255,255
255,255,255
255,255,255
255,255,255
255,255,255
255,255,255
255,255,255
255,255,255
255,255,255
255,255,255
255,255,255
255,255,255
255,255,255
255,255,255
255,255,255
255,255,255
255,255,255
255,255,255
255,255,255
255,255,255
255,255,255
255,255,255
255,255,255
255,255,255
255,255,255
255,255,255
255,255,255
255,255,255
255,255,255
255,255,255
255,255,255
255,255,255
255,255,255
255,255,255
255,255,255
255,255,255
255,255,255
255,255,255
255,255,255
255,255,255
255,255,255
255,255,255
255,255,255
255,255,255
255,255,255
255,255,255
255,255,255
255,255,255
255,255,255
255,255,255
255,255,255
255,255,255
255,255,255
255,255,255
255,255,255
255,255,255
255,255,255
255,255,255
255,255,255
255,255,255
255,255,255
255,255,255
255,255,255
255,255,255
255,255,255
255,255,255
255,255,255
255,255,255
255,255,255
255,255,255
255,255,255
255,255,255
255,255,255
255,255,255
255,255,255
254,255,254
254,254,254
253,254,252
252,254,254
200,214,220
127,165,182
130,175,200
138,182,205
144,184,205
142,184,206
135,182,205
119,174,197
91,160,192
59,146,185
32,133,179
13,127,173
5,127,177
0,133,184
16,144,191
73,164,204
119,171,211
121,147,177
85,94,112
198,200,206
255,255,255
253,251,251
251,250,250
253,254,251
134,154,177
8,82,135
4,95,156
5,95,157
0,90,151
0,81,135
0,76,127
0,80,134
3,90,150
5,95,160
3,97,161
3,95,158
6,93,155
0,84,141
0,81,139
3,92,153
3,105,166
1,104,167
0,91,153
0,84,142
5,94,153
4,105,165
2,105,166
4,104,162
4,95,155
4,85,144
1,83,145
1,81,144
2,77,137
2,68,132
3,59,128
1,60,123
1,66,129
3,67,130
2,66,132
2,63,136
0,52,121
0,46,113
0,51,116
4,59,128
4,65,138
3,66,138
0,57,122
0,49,112
0,51,121
2,64,132
2,71,134
3,73,130
2,65,118
0,56,110
0,61,119
1,72,136
2,72,139
2,71,134
0,71,136
7,71,136
13,59,109
50,68,103
109,133,162
107,163,198
55,158,201
9,141,194
2,134,184
12,131,178
30,133,179
55,147,186
87,162,189
117,173,200
133,183,207
142,186,209
144,185,208
142,182,205
137,175,201
130,171,195
121,160,187
105,149,177
208,222,230
255,255,255
254,255,254
255,255,255
255,255,255
255,255,255
255,255,255
255,255,255
255,255,255
255,255,255
255,255,255
255,255,255
255,255,255
255,255,255
255,255,255
255,255,255
255,255,255
255,255,255
255,255,255
255,255,255
255,255,255
255,255,255
255,255,255
255,255,255
255,255,255
255,255,255
255,255,255
255,255,255
255,255,255
255,255,255
255,255,255
255,255,255
255,255,255
255,255,255
255,255,255
255,255,255
255,255,255
255,255,255
255,255,255
255,255,255
255,255,255
255,255,255
255,255,255
255,255,255
255,255,255
255,255,255
255,255,255
255,255,255
255,255,255
255,255,255
255,255,255
255,255,255
255,255,255
255,255,255
255,255,255
255,255,255
255,255,255
255,255,255
255,255,255
255,255,255
255,255,255
255,255,255
255,255,255
255,255,255
255,255,255
255,255,255
255,255,255
255,255,255
255,255,255
255,255,255
255,255,255
255,255,255
255,255,255
255,255,255
255,255,255
255,255,255
255,255,255
255,255,255
255,255,255
255,255,255
255,255,255
255,255,255
255,255,255
255,255,255
255,255,255
255,255,255
255,255,255
255,255,255
255,255,255
255,255,255
255,255,255
255,255,255
255,255,255
255,255,255
255,255,255
255,255,255
254,255,255
253,254,255
253,255,254
223,229,228
213,223,225
154,182,197
133,172,197
140,181,204
144,185,206
143,185,207
136,183,205
122,175,198
94,162,192
62,147,186
34,134,180
14,128,173
7,126,175
1,130,184
2,139,187
39,156,200
95,171,218
123,167,202
106,128,158
90,98,115
218,222,225
254,254,252
248,251,243
252,252,245
246,250,243
118,153,174
7,80,147
6,89,151
2,93,153
0,95,157
2,95,160
1,95,159
4,94,156
3,91,153
1,92,152
0,93,153
1,93,157
1,95,160
1,100,161
1,102,159
2,104,158
2,104,160
3,104,164
3,103,168
2,103,171
2,103,170
5,100,171
7,98,163
5,95,150
2,89,152
1,81,152
4,73,145
5,69,138
3,67,137
2,65,136
1,66,130
1,66,128
1,67,130
1,66,130
1,65,127
1,66,128
1,67,130
2,66,132
4,63,126
6,63,122
5,63,124
2,64,130
0,65,132
2,66,132
3,66,127
3,66,132
0,67,137
1,67,134
5,67,132
5,67,133
4,71,134
1,73,136
3,70,138
4,74,138
9,64,119
32,55,97
94,112,145
115,158,193
81,164,208
25,149,196
1,137,188
4,131,182
14,130,180
35,133,181
59,148,186
91,163,191
119,174,201
134,183,208
142,185,210
146,184,208
143,180,205
138,175,202
129,171,196
121,161,189
107,152,180
209,223,231
255,255,254
254,255,255
255,255,255
255,255,255
255,255,255
255,255,255
255,255,255
255,255,255
255,255,255
255,255,255
255,255,255
255,255,255
255,255,255
255,255,255
255,255,255
255,255,255
255,255,255
255,255,255
255,255,255
255,255,255
255,255,255
255,255,255
255,255,255
255,255,255
255,255,255
255,255,255
255,255,255
255,255,255
255,255,255
255,255,255
255,255,255
255,255,255
255,255,255
255,255,255
255,255,255
255,255,255
255,255,255
255,255,255
255,255,255
255,255,255
255,255,255
255,255,255
255,255,255
255,255,255
255,255,255
255,255,255
255,255,255
255,255,255
255,255,255
255,255,255
255,255,255
255,255,255
255,255,255
255,255,255
255,255,255
255,255,255
255,255,255
255,255,255
255,255,255
255,255,255
255,255,255
255,255,255
255,255,255
255,255,255
255,255,255
255,255,255
255,255,255
255,255,255
255,255,255
255,255,255
255,255,255
255,255,255
255,255,255
255,255,255
255,255,255
255,255,255
255,255,255
255,255,255
255,255,255
255,255,255
255,255,255
255,255,255
255,255,255
255,255,255
255,255,255
255,255,255
255,255,255
255,255,255
255,255,255
255,255,255
255,255,255
255,255,255
255,255,255
255,255,255
255,255,255
253,255,254
253,255,254
253,255,254
214,223,225
164,180,184
190,209,218
139,171,194
140,182,204
146,183,205
145,185,208
137,184,206
123,177,200
96,164,194
64,149,185
36,135,179
16,128,172
7,125,173
2,128,182
0,136,185
13,144,192
60,160,208
109,172,213
128,161,202
97,112,143
94,103,116
225,226,227
254,255,254
251,250,251
251,254,249
246,250,244
139,165,183
11,91,148
0,90,154
3,93,153
2,93,158
2,92,156
4,88,151
2,86,149
1,87,148
0,88,147
0,88,151
1,91,155
1,96,156
0,99,160
1,101,167
2,102,169
1,103,167
1,103,167
1,105,166
2,105,162
4,102,163
3,98,161
3,93,153
1,86,144
0,78,141
3,71,140
4,66,138
2,67,135
1,67,133
2,66,128
2,65,128
2,66,133
1,66,132
1,65,126
1,65,127
1,65,130
1,65,133
1,64,132
2,65,130
2,64,128
2,64,129
0,64,130
1,66,129
2,65,134
2,64,130
0,66,129
2,65,134
4,66,137
3,70,134
6,71,134
4,74,137
1,79,144
10,66,121
28,52,85
82,102,124
112,154,180
97,167,208
44,156,207
5,141,189
0,135,183
3,129,179
16,129,179
38,134,181
62,149,187
94,165,194
123,175,203
136,184,207
142,186,209
146,185,209
143,181,205
137,175,201
131,170,194
122,161,191
109,154,185
211,224,232
255,255,253
254,255,255
255,255,255
255,255,255
255,255,255
255,255,255
255,255,255
255,255,255
255,255,255
255,255,255
255,255,255
255,255,255
255,255,255
255,255,255
255,255,255
255,255,255
255,255,255
255,255,255
255,255,255
255,255,255
255,255,255
255,255,255
255,255,255
255,255,255
255,255,255
255,255,255
255,255,255
255,255,255
255,255,255
255,255,255
255,255,255
255,255,255
255,255,255
255,255,255
255,255,255
255,255,255
255,255,255
255,255,255
255,255,255
255,255,255
255,255,255
255,255,255
255,255,255
255,255,255
255,255,255
255,255,255
255,255,255
255,255,255
255,255,255
255,255,255
255,255,255
255,255,255
255,255,255
255,255,255
255,255,255
255,255,255
255,255,255
255,255,255
255,255,255
255,255,255
255,255,255
255,255,255
255,255,255
255,255,255
255,255,255
255,255,255
255,255,255
255,255,255
255,255,255
255,255,255
255,255,255
255,255,255
255,255,255
255,255,255
255,255,255
255,255,255
255,255,255
255,255,255
255,255,255
255,255,255
255,255,255
255,255,255
255,255,255
255,255,255
255,255,255
255,255,255
255,255,255
255,255,255
255,255,255
255,255,255
255,255,255
255,255,255
255,255,255
255,255,255
254,254,254
252,255,254
252,254,253
254,255,252
219,232,237
130,155,176
196,206,214
151,174,194
139,182,204
147,183,206
147,185,208
139,186,209
126,178,201
99,166,192
69,151,186
42,136,180
18,128,173
7,125,174
2,127,180
0,134,183
3,140,188
22,152,198
76,167,216
115,176,215
126,160,188
92,110,136
92,98,118
211,213,218
255,255,255
252,253,251
253,255,250
255,254,253
172,197,213
40,105,141
0,85,140
2,93,155
4,92,151
6,86,148
3,83,146
1,83,147
2,83,146
2,84,147
4,89,153
1,93,154
0,97,159
0,101,165
0,103,167
0,103,168
0,103,168
1,105,166
1,104,161
1,101,160
0,96,157
1,88,152
1,81,142
0,75,138
1,69,135
1,66,132
1,66,132
1,66,131
2,64,129
3,64,130
2,65,133
2,65,134
2,64,131
2,65,131
2,65,133
1,64,133
1,64,132
1,64,133
0,64,132
0,64,132
1,64,131
1,66,130
1,66,135
1,65,129
1,67,128
1,69,132
5,71,138
4,73,140
6,73,143
5,77,140
7,69,116
31,51,92
86,92,128
115,150,176
102,169,206
53,164,207
9,149,197
0,139,188
2,133,182
5,129,179
19,129,178
40,135,179
65,151,187
96,166,196
125,176,204
137,183,206
143,186,208
144,185,207
143,182,205
138,177,202
134,170,194
124,165,195
111,159,191
211,227,235
255,254,252
253,255,254
255,255,255
255,255,255
255,255,255
255,255,255
255,255,255
255,255,255
255,255,255
255,255,255
255,255,255
255,255,255
255,255,255
255,255,255
255,255,255
255,255,255
255,255,255
255,255,255
255,255,255
255,255,255
255,255,255
255,255,255
255,255,255
255,255,255
255,255,255
255,255,255
255,255,255
255,255,255
255,255,255
255,255,255
255,255,255
255,255,255
255,255,255
255,255,255
255,255,255
255,255,255
255,255,255
255,255,255
255,255,255
255,255,255
255,255,255
255,255,255
255,255,255
255,255,255
255,255,255
255,255,255
255,255,255
255,255,255
255,255,255
255,255,255
255,255,255
255,255,255
255,255,255
255,255,255
255,255,255
255,255,255
255,255,255
255,255,255
255,255,255
255,255,255
255,255,255
255,255,255
255,255,255
255,255,255
255,255,255
255,255,255
255,255,255
255,255,255
255,255,255
255,255,255
255,255,255
255,255,255
255,255,255
255,255,255
255,255,255
255,255,255
255,255,255
255,255,255
255,255,255
255,255,255
255,255,255
255,255,255
255,255,255
255,255,255
255,255,255
255,255,255
255,255,255
255,255,255
255,255,255
255,255,255
255,255,255
255,255,255
255,255,255
255,255,255
254,254,254
253,254,254
252,255,253
255,255,252
221,236,240
124,161,184
170,187,198
164,187,207
137,180,202
148,182,205
147,184,208
139,186,209
128,178,201
104,168,193
73,152,186
44,137,181
20,127,174
8,125,173
3,126,177
0,131,181
0,136,186
5,143,193
26,158,210
75,173,218
122,175,213
129,158,192
93,115,141
76,87,104
175,181,188
249,253,251
254,255,254
251,253,251
254,255,255
221,229,236
102,143,175
14,85,140
0,80,144
3,81,147
3,80,143
3,77,142
5,75,143
4,80,143
3,87,147
1,92,154
1,96,159
1,101,161
1,103,164
1,104,166
0,104,166
1,104,165
1,102,162
1,98,159
1,93,155
1,85,149
1,78,144
1,73,140
1,68,137
1,65,134
2,65,133
1,66,132
2,65,132
2,65,132
2,65,132
2,65,132
2,65,132
1,64,131
1,64,131
1,64,131
1,64,132
1,64,133
0,64,134
0,64,132
0,65,128
2,64,127
3,66,127
3,65,133
2,68,138
2,71,136
3,74,137
1,75,142
9,78,140
11,61,107
33,54,90
90,99,134
115,150,184
101,172,207
63,167,209
20,152,197
1,142,195
0,135,188
2,130,180
5,128,177
20,129,178
42,136,179
68,151,187
100,168,198
127,178,203
139,184,207
145,186,209
145,185,207
143,181,205
138,177,202
135,170,196
125,167,197
111,162,193
213,229,238
255,255,252
253,255,254
255,255,255
255,255,255
255,255,255
255,255,255
255,255,255
255,255,255
255,255,255
255,255,255
255,255,255
255,255,255
255,255,255
255,255,255
255,255,255
255,255,255
255,255,255
255,255,255
255,255,255
255,255,255
255,255,255
255,255,255
255,255,255
255,255,255
255,255,255
255,255,255
255,255,255
255,255,255
255,255,255
255,255,255
255,255,255
255,255,255
255,255,255
255,255,255
255,255,255
255,255,255
255,255,255
255,255,255
255,255,255
255,255,255
255,255,255
255,255,255
255,255,255
255,255,255
255,255,255
255,255,255
255,255,255
255,255,255
255,255,255
255,255,255
255,255,255
255,255,255
255,255,255
255,255,255
255,255,255
255,255,255
255,255,255
255,255,255
255,255,255
255,255,255
255,255,255
255,255,255
255,255,255
255,255,255
255,255,255
255,255,255
255,255,255
255,255,255
255,255,255
255,255,255
255,255,255
255,255,255
255,255,255
255,255,255
255,255,255
255,255,255
255,255,255
255,255,255
255,255,255
255,255,255
255,255,255
255,255,255
255,255,255
255,255,255
255,255,255
255,255,255
255,255,255
255,255,255
255,255,255
255,255,255
255,255,255
255,255,255
255,255,255
255,255,255
254,254,253
254,254,253
253,255,253
255,255,252
222,236,240
130,166,192
147,171,186
173,197,213
137,179,199
147,182,204
147,185,208
139,186,208
130,179,201
108,169,194
77,152,186
48,137,182
23,127,175
9,124,173
4,124,177
0,126,182
0,132,187
0,139,193
2,148,201
29,159,203
78,172,216
118,179,218
132,166,194
108,125,154
69,81,109
125,129,143
229,228,231
255,255,255
249,254,252
255,255,253
251,251,251
182,203,215
76,121,157
8,70,131
0,65,134
0,71,138
2,76,138
2,81,146
2,87,155
1,92,158
2,96,159
1,101,160
1,103,162
0,103,165
0,103,164
2,103,165
3,100,161
2,96,158
0,90,153
0,82,147
1,77,142
0,72,139
0,68,135
1,65,133
2,65,132
2,65,132
2,65,132
2,65,132
2,65,132
2,65,132
2,65,132
1,64,131
1,64,131
1,64,131
1,64,131
0,64,133
0,64,133
1,64,132
1,66,129
2,67,129
2,66,135
5,70,134
0,72,135
0,72,137
15,81,141
48,95,140
45,67,108
53,63,100
94,118,141
118,160,185
104,175,210
64,168,214
16,153,199
3,142,193
1,137,192
0,131,186
1,128,179
6,126,175
21,129,176
45,138,180
72,154,189
103,169,199
128,178,203
140,184,208
146,186,210
147,184,207
144,180,205
139,175,201
136,170,195
125,166,195
111,163,194
214,230,239
255,255,252
254,254,254
255,255,255
255,255,255
255,255,255
255,255,255
255,255,255
255,255,255
255,255,255
255,255,255
255,255,255
255,255,255
255,255,255
255,255,255
255,255,255
255,255,255
255,255,255
255,255,255
255,255,255
255,255,255
255,255,255
255,255,255
255,255,255
255,255,255
255,255,255
255,255,255
255,255,255
255,255,255
255,255,255
255,255,255
255,255,255
255,255,255
255,255,255
255,255,255
255,255,255
255,255,255
255,255,255
255,255,255
255,255,255
255,255,255
255,255,255
255,255,255
255,255,255
255,255,255
255,255,255
255,255,255
255,255,255
255,255,255
255,255,255
255,255,255
255,255,255
255,255,255
255,255,255
255,255,255
255,255,255
255,255,255
255,255,255
255,255,255
255,255,255
255,255,255
255,255,255
255,255,255
255,255,255
255,255,255
255,255,255
255,255,255
255,255,255
255,255,255
255,255,255
255,255,255
255,255,255
255,255,255
255,255,255
255,255,255
255,255,255
255,255,255
255,255,255
255,255,255
255,255,255
255,255,255
255,255,255
255,255,255
255,255,255
255,255,255
255,255,255
255,255,255
255,255,255
255,255,255
255,255,255
255,255,255
255,255,255
255,255,255
255,255,255
255,255,255
255,255,253
255,254,252
254,254,253
255,255,252
224,237,242
132,169,198
137,167,190
173,196,210
140,180,196
145,181,205
147,183,206
140,185,206
132,178,201
110,169,195
81,155,188
51,138,182
26,127,174
11,123,171
5,122,176
1,125,183
1,130,187
0,135,193
2,140,196
6,147,194
24,161,204
72,176,220
123,179,218
135,171,206
118,146,183
85,95,127
83,85,103
161,162,174
239,241,244
255,255,255
253,255,252
253,255,255
243,248,250
182,193,210
84,119,155
22,72,128
0,65,135
0,75,144
4,84,143
3,91,148
2,96,157
1,99,159
1,101,161
0,101,162
0,102,162
1,101,163
2,98,160
2,94,156
0,87,151
1,79,146
1,75,141
0,70,137
1,66,133
2,65,132
2,65,132
2,65,132
2,65,132
2,65,132
1,64,131
1,64,131
1,64,131
1,64,131
1,64,131
1,64,131
1,64,131
0,63,130
1,64,131
1,64,132
2,66,133
1,67,132
1,64,131
2,69,127
27,90,137
73,114,156
83,104,140
62,72,97
79,85,113
113,133,166
120,167,196
108,177,212
63,168,212
16,153,203
0,147,198
2,138,193
1,133,187
0,129,183
2,126,179
7,125,174
23,129,174
49,140,181
76,156,190
107,171,199
129,179,203
141,184,207
148,185,208
148,184,208
144,180,204
139,174,200
137,169,195
125,166,194
111,164,194
216,232,240
254,254,251
254,254,254
255,255,255
255,255,255
255,255,255
255,255,255
255,255,255
255,255,255
255,255,255
255,255,255
255,255,255
255,255,255
255,255,255
255,255,255
255,255,255
255,255,255
255,255,255
255,255,255
255,255,255
255,255,255
255,255,255
255,255,255
255,255,255
255,255,255
255,255,255
255,255,255
255,255,255
255,255,255
255,255,255
255,255,255
255,255,255
255,255,255
255,255,255
255,255,255
255,255,255
255,255,255
255,255,255
255,255,255
255,255,255
255,255,255
255,255,255
255,255,255
255,255,255
255,255,255
255,255,255
255,255,255
255,255,255
255,255,255
255,255,255
255,255,255
255,255,255
255,255,255
255,255,255
255,255,255
255,255,255
255,255,255
255,255,255
255,255,255
255,255,255
255,255,255
255,255,255
255,255,255
255,255,255
255,255,255
255,255,255
255,255,255
255,255,255
255,255,255
255,255,255
255,255,255
255,255,255
255,255,255
255,255,255
255,255,255
255,255,255
255,255,255
255,255,255
255,255,255
255,255,255
255,255,255
255,255,255
255,255,255
255,255,255
255,255,255
255,255,255
255,255,255
255,255,255
255,255,255
255,255,255
255,255,255
255,255,255
255,255,255
255,255,255
255,255,255
255,255,255
255,254,254
254,255,254
255,255,253
224,238,242
130,169,199
134,169,198
167,188,205
145,181,195
145,181,205
147,184,208
141,184,205
133,178,200
113,170,196
83,156,187
53,141,182
28,128,173
13,122,168
5,121,172
1,124,180
1,128,184
1,130,188
2,134,192
1,142,195
1,152,203
22,159,211
70,173,218
110,183,217
133,181,213
131,164,197
111,128,160
73,84,112
87,95,115
162,166,175
226,229,230
254,255,255
255,255,253
255,255,248
249,254,250
203,214,218
124,149,178
56,101,149
12,83,139
0,84,143
0,90,152
0,97,158
0,102,161
0,102,162
0,102,162
0,100,162
1,97,159
0,92,154
0,85,149
1,77,144
1,72,139
1,68,137
2,66,135
2,65,132
2,65,132
1,64,131
1,64,130
1,64,131
1,64,131
1,64,131
1,64,131
1,64,131
1,64,131
1,64,131
0,64,131
0,63,131
0,62,130
0,60,128
0,61,128
26,75,130
69,111,149
104,140,163
106,129,150
75,79,103
67,71,97
98,113,146
121,155,187
125,175,210
100,178,222
52,168,216
14,156,205
4,148,200
2,142,195
2,134,189
2,129,185
2,127,181
2,124,177
8,124,176
25,129,177
51,140,181
78,157,189
109,171,197
131,180,203
142,185,208
148,184,208
146,182,206
143,179,204
139,175,202
136,171,195
123,164,194
112,163,194
217,233,240
254,254,252
254,254,254
255,255,255
255,255,255
255,255,255
255,255,255
255,255,255
255,255,255
255,255,255
255,255,255
255,255,255
255,255,255
255,255,255
255,255,255
255,255,255
255,255,255
255,255,255
255,255,255
255,255,255
255,255,255
255,255,255
255,255,255
255,255,255
255,255,255
255,255,255
255,255,255
255,255,255
255,255,255
255,255,255
255,255,255
255,255,255
255,255,255
255,255,255
255,255,255
255,255,255
255,255,255
255,255,255
255,255,255
255,255,255
255,255,255
255,255,255
255,255,255
255,255,255
255,255,255
255,255,255
255,255,255
255,255,255
255,255,255
255,255,255
255,255,255
255,255,255
255,255,255
255,255,255
255,255,255
255,255,255
255,255,255
255,255,255
255,255,255
255,255,255
255,255,255
255,255,255
255,255,255
255,255,255
255,255,255
255,255,255
255,255,255
255,255,255
255,255,255
255,255,255
255,255,255
255,255,255
255,255,255
255,255,255
255,255,255
255,255,255
255,255,255
255,255,255
255,255,255
255,255,255
255,255,255
255,255,255
255,255,255
255,255,255
255,255,255
255,255,255
255,255,255
255,255,255
255,255,255
255,255,255
255,255,255
255,255,255
255,255,255
255,255,255
255,255,255
255,255,254
255,255,254
255,255,254
255,255,253
225,239,243
129,168,198
132,170,201
158,185,206
148,183,200
145,181,205
146,184,207
142,184,203
132,179,200
115,170,195
88,157,189
57,142,184
30,128,173
13,121,170
5,120,172
0,123,177
1,127,181
1,129,184
1,133,189
1,139,194
1,144,201
3,150,204
14,159,207
54,170,214
96,184,222
124,188,221
140,180,208
135,160,192
105,123,155
72,84,113
76,81,106
138,140,153
207,209,208
244,247,245
255,255,255
255,255,253
255,255,253
237,246,244
191,212,223
124,162,190
70,126,161
34,104,149
6,96,150
0,94,154
0,95,155
0,95,159
0,94,156
0,88,154
1,81,149
2,75,144
1,69,139
2,66,136
3,66,137
2,65,134
1,65,129
1,65,129
1,65,129
1,64,131
1,65,131
0,64,129
1,63,129
0,61,128
0,61,125
0,59,122
0,59,117
10,64,124
37,84,139
79,121,160
132,159,186
161,174,188
119,132,143
68,71,95
64,71,96
95,109,133
124,149,177
130,174,206
116,182,217
88,178,226
43,165,215
7,157,205
1,152,203
5,140,197
3,135,192
1,131,187
2,129,181
1,125,179
2,123,176
9,123,175
27,128,176
55,141,179
82,158,190
111,173,196
133,181,204
143,185,209
146,185,209
146,183,207
143,179,204
139,174,201
136,171,196
121,165,193
114,159,193
218,232,239
253,254,254
254,254,254
255,255,255
255,255,255
255,255,255
255,255,255
255,255,255
255,255,255
255,255,255
255,255,255
255,255,255
255,255,255
255,255,255
255,255,255
255,255,255
255,255,255
255,255,255
255,255,255
255,255,255
255,255,255
255,255,255
255,255,255
255,255,255
255,255,255
255,255,255
255,255,255
255,255,255
255,255,255
255,255,255
255,255,255
255,255,255
255,255,255
255,255,255
255,255,255
255,255,255
255,255,255
255,255,255
255,255,255
255,255,255
255,255,255
255,255,255
255,255,255
255,255,255
255,255,255
255,255,255
255,255,255
255,255,255
255,255,255
255,255,255
255,255,255
255,255,255
255,255,255
255,255,255
255,255,255
255,255,255
255,255,255
255,255,255
255,255,255
255,255,255
255,255,255
255,255,255
255,255,255
255,255,255
255,255,255
255,255,255
255,255,255
255,255,255
255,255,255
255,255,255
255,255,255
255,255,255
255,255,255
255,255,255
255,255,255
255,255,255
255,255,255
255,255,255
255,255,255
255,255,255
255,255,255
255,255,255
255,255,255
255,255,255
255,255,255
255,255,255
255,255,255
255,255,255
255,255,255
255,255,255
255,255,255
255,255,255
255,255,255
255,255,255
255,255,255
255,255,253
255,255,253
255,255,254
255,255,253
226,239,243
129,167,199
129,170,202
149,183,205
150,184,204
144,180,204
146,184,206
144,183,203
135,179,201
118,171,194
93,157,189
61,142,184
32,127,174
14,120,171
5,119,172
1,122,174
0,125,178
1,128,182
1,132,187
1,136,192
2,141,195
1,147,200
0,153,206
9,157,209
34,168,215
72,182,222
112,190,225
137,187,221
143,177,208
138,158,190
115,128,160
83,93,122
68,78,99
90,94,110
145,149,162
203,208,215
236,241,243
255,255,255
255,255,255
255,255,255
249,252,251
220,233,238
181,207,220
142,179,199
97,147,175
57,125,168
34,105,153
22,90,148
12,78,139
4,69,129
0,63,125
0,58,124
0,58,123
0,58,123
0,57,122
0,57,125
0,56,127
0,56,123
1,59,122
7,64,125
16,70,130
32,80,135
63,102,154
106,134,172
157,172,200
187,195,209
189,196,206
149,153,159
95,93,106
68,65,90
70,77,120
98,114,150
124,153,177
135,172,201
126,182,218
96,186,225
59,177,217
23,164,211
5,155,205
1,151,203
2,144,199
1,137,193
1,133,190
1,130,185
1,127,179
0,124,176
2,121,174
10,123,173
30,128,174
58,140,178
84,158,189
113,173,196
136,181,204
143,185,208
145,186,208
144,185,207
142,180,203
140,173,200
135,171,193
119,166,194
117,156,193
219,232,240
252,255,255
254,254,254
255,255,255
255,255,255
255,255,255
255,255,255
255,255,255
255,255,255
255,255,255
255,255,255
255,255,255
255,255,255
255,255,255
255,255,255
255,255,255
255,255,255
255,255,255
255,255,255
255,255,255
255,255,255
255,255,255
255,255,255
255,255,255
255,255,255
255,255,255
255,255,255
255,255,255
255,255,255
255,255,255
255,255,255
255,255,255
255,255,255
255,255,255
255,255,255
255,255,255
255,255,255
255,255,255
255,255,255
255,255,255
255,255,255
255,255,255
255,255,255
255,255,255
255,255,255
255,255,255
255,255,255
255,255,255
255,255,255
255,255,255
255,255,255
255,255,255
255,255,255
255,255,255
255,255,255
255,255,255
255,255,255
255,255,255
255,255,255
255,255,255
255,255,255
255,255,255
255,255,255
255,255,255
255,255,255
255,255,255
255,255,255
255,255,255
255,255,255
255,255,255
255,255,255
255,255,255
255,255,255
255,255,255
255,255,255
255,255,255
255,255,255
255,255,255
255,255,255
255,255,255
255,255,255
255,255,255
255,255,255
255,255,255
255,255,255
255,255,255
255,255,255
255,255,255
255,255,255
255,255,255
255,255,255
255,255,255
255,255,255
255,255,255
255,255,255
255,255,255
255,255,253
255,255,253
255,255,253
225,240,243
127,167,198
128,169,202
144,179,202
147,182,201
143,179,202
146,183,206
144,183,204
136,181,203
121,172,194
95,157,185
64,142,181
33,128,173
14,119,168
4,117,168
1,120,173
0,124,176
1,126,180
2,128,185
1,133,189
1,138,192
1,143,196
0,147,200
2,154,206
5,159,210
15,162,213
45,173,221
82,187,225
112,192,226
132,190,225
141,182,212
142,168,196
127,146,175
103,116,150
78,88,122
68,77,105
80,86,104
114,118,132
160,162,173
194,199,200
228,231,230
247,252,251
255,255,255
255,255,255
255,255,255
247,252,250
232,239,242
215,228,238
198,215,228
180,200,214
161,186,207
146,171,194
143,167,189
141,165,188
142,164,190
144,164,192
151,169,196
165,181,204
179,195,214
195,209,226
207,220,228
212,224,218
203,208,210
179,182,191
129,139,149
84,95,105
64,69,92
68,73,100
92,103,129
113,134,159
127,163,187
132,180,208
123,186,222
103,188,227
66,182,225
28,171,220
6,163,212
2,157,205
3,150,205
1,144,203
0,139,196
0,135,191
1,132,188
1,128,183
1,124,177
1,121,174
2,119,170
11,122,170
32,129,174
60,141,179
86,158,191
117,173,198
138,180,205
144,185,208
146,185,208
144,183,205
140,178,201
139,172,197
133,171,192
118,165,193
116,156,194
219,234,241
249,255,255
254,253,254
255,255,255
255,255,255
255,255,255
255,255,255
255,255,255
255,255,255
255,255,255
255,255,255
255,255,255
255,255,255
255,255,255
255,255,255
255,255,255
255,255,255
255,255,255
255,255,255
255,255,255
255,255,255
255,255,255
255,255,255
255,255,255
255,255,255
255,255,255
255,255,255
255,255,255
255,255,255
255,255,255
255,255,255
255,255,255
255,255,255
255,255,255
255,255,255
255,255,255
255,255,255
255,255,255
255,255,255
255,255,255
255,255,255
255,255,255
255,255,255
255,255,255
255,255,255
255,255,255
255,255,255
255,255,255
255,255,255
255,255,255
255,255,255
255,255,255
255,255,255
255,255,255
255,255,255
255,255,255
255,255,255
255,255,255
255,255,255
255,255,255
255,255,255
255,255,255
255,255,255
255,255,255
255,255,255
255,255,255
255,255,255
255,255,255
255,255,255
255,255,255
255,255,255
255,255,255
255,255,255
255,255,255
255,255,255
255,255,255
255,255,255
255,255,255
255,255,255
255,255,255
255,255,255
255,255,255
255,255,255
255,255,255
255,255,255
255,255,255
255,255,255
255,255,255
255,255,255
255,255,255
255,255,255
255,255,255
255,255,255
255,255,255
255,255,255
255,255,254
255,255,252
255,255,252
255,255,251
225,239,243
126,165,194
126,170,202
143,177,200
147,180,200
143,179,202
146,182,206
146,183,207
138,181,205
122,172,195
98,157,186
64,142,181
34,127,171
14,118,165
5,116,166
0,118,171
0,122,175
0,124,177
1,127,183
1,130,188
0,134,190
1,138,194
0,142,195
0,146,197
1,151,202
1,155,212
6,158,215
20,166,217
46,178,224
73,186,228
105,191,228
128,193,223
141,190,218
145,179,210
141,167,198
125,150,180
112,126,156
94,101,133
77,82,114
64,75,106
68,80,106
89,97,117
109,115,130
132,138,150
155,159,169
178,181,185
195,196,198
209,210,214
220,221,222
227,229,227
234,235,232
241,241,237
236,236,237
227,226,231
219,220,223
208,211,214
194,197,200
179,180,187
155,157,165
130,132,143
103,106,123
80,84,112
65,69,97
64,71,99
76,89,116
96,113,143
112,140,165
126,161,187
135,174,212
136,182,222
125,189,223
102,188,229
65,182,225
31,176,215
13,164,211
4,156,212
2,153,211
2,149,206
2,144,202
1,140,198
0,136,193
0,133,189
1,130,185
1,127,179
2,123,175
1,120,171
3,118,167
11,120,167
33,128,173
63,142,181
90,159,190
118,172,197
139,179,204
145,183,206
147,182,205
144,181,203
140,177,198
139,171,193
134,170,194
119,165,193
115,155,194
219,234,242
251,255,255
254,254,255
255,255,255
255,255,255
255,255,255
255,255,255
255,255,255
255,255,255
255,255,255
255,255,255
255,255,255
255,255,255
255,255,255
255,255,255
255,255,255
255,255,255
255,255,255
255,255,255
255,255,255
255,255,255
255,255,255
255,255,255
255,255,255
255,255,255
255,255,255
255,255,255
255,255,255
255,255,255
255,255,255
255,255,255
255,255,255
255,255,255
255,255,255
255,255,255
255,255,255
255,255,255
255,255,255
255,255,255
255,255,255
255,255,255
255,255,255
255,255,255
255,255,255
255,255,255
255,255,255
255,255,255
255,255,255
255,255,255
255,255,255
255,255,255
255,255,255
255,255,255
255,255,255
255,255,255
255,255,255
255,255,255
255,255,255
255,255,255
255,255,255
255,255,255
255,255,255
255,255,255
255,255,255
255,255,255
255,255,255
255,255,255
255,255,255
255,255,255
255,255,255
255,255,255
255,255,255
255,255,255
255,255,255
255,255,255
255,255,255
255,255,255
255,255,255
255,255,255
255,255,255
255,255,255
255,255,255
255,255,255
255,255,255
255,255,255
255,255,255
255,255,255
255,255,255
255,255,255
255,255,255
255,255,255
255,255,255
255,255,255
255,255,255
255,255,255
255,255,254
255,255,253
255,255,254
255,255,251
226,240,243
127,166,194
125,170,200
142,175,199
147,179,201
144,178,201
146,180,204
147,182,206
140,181,205
124,172,196
99,158,188
65,143,180
36,128,167
16,118,161
6,114,164
0,116,169
0,120,173
0,122,175
1,125,179
2,129,185
1,131,188
0,134,190
0,138,192
1,140,196
1,144,198
0,150,207
1,152,212
2,158,213
6,162,216
16,166,218
35,175,224
56,186,228
85,194,232
113,195,231
127,195,228
133,193,224
141,185,218
142,176,212
135,166,199
129,151,185
120,136,168
104,121,149
93,108,134
80,93,120
70,83,111
65,78,103
63,76,98
67,73,96
65,73,92
65,75,92
70,79,98
73,82,100
67,77,96
65,73,94
63,72,93
62,71,95
60,71,100
59,74,104
67,83,115
78,94,130
92,109,145
105,123,155
120,141,172
129,158,189
137,171,203
139,179,213
132,187,225
120,191,230
104,191,232
85,186,232
60,178,230
35,171,224
12,164,216
2,162,214
1,156,209
1,149,205
2,146,204
1,143,202
0,140,198
0,137,194
1,133,191
1,130,187
0,127,183
0,124,179
0,121,174
2,117,170
4,116,165
12,118,165
35,127,171
66,142,179
94,160,190
119,172,195
139,180,203
146,182,206
145,181,205
144,180,202
140,177,198
137,171,193
138,172,196
119,165,193
113,155,193
220,234,241
252,255,255
254,254,254
255,255,255
255,255,255
255,255,255
255,255,255
255,255,255
255,255,255
255,255,255
255,255,255
255,255,255
255,255,255
255,255,255
255,255,255
255,255,255
255,255,255
255,255,255
255,255,255
255,255,255
255,255,255
255,255,255
255,255,255
255,255,255
255,255,255
255,255,255
255,255,255
255,255,255
255,255,255
255,255,255
255,255,255
255,255,255
255,255,255
255,255,255
255,255,255
255,255,255
255,255,255
255,255,255
255,255,255
255,255,255
255,255,255
255,255,255
255,255,255
255,255,255
255,255,255
255,255,255
255,255,255
255,255,255
255,255,255
255,255,255
255,255,255
255,255,255
255,255,255
255,255,255
255,255,255
255,255,255
255,255,255
255,255,255
255,255,255
255,255,255
255,255,255
255,255,255
255,255,255
255,255,255
255,255,255
255,255,255
255,255,255
255,255,255
255,255,255
255,255,255
255,255,255
255,255,255
255,255,255
255,255,255
255,255,255
255,255,255
255,255,255
255,255,255
255,255,255
255,255,255
255,255,255
255,255,255
255,255,255
255,255,255
255,255,255
255,255,255
255,255,255
255,255,255
255,255,255
255,255,255
255,255,255
255,255,255
255,255,255
255,255,255
255,255,255
255,254,254
253,254,253
252,255,253
254,255,251
227,241,244
127,167,194
122,168,200
138,173,199
144,176,200
144,178,199
146,181,201
147,181,205
141,180,205
126,172,197
101,158,189
67,143,180
38,128,167
18,117,162
6,112,163
1,114,167
0,118,171
1,121,172
2,124,174
2,126,181
2,130,187
4,129,194
3,134,194
1,141,190
2,142,203
3,144,201
3,148,200
1,151,207
1,159,204
5,161,211
4,165,221
3,169,223
20,174,222
42,176,231
61,185,233
79,192,229
99,198,230
121,196,230
132,195,222
133,195,225
135,189,224
137,185,214
135,178,208
135,174,206
134,167,201
136,156,193
130,153,187
124,148,178
119,142,173
116,141,172
114,137,169
111,135,165
113,137,166
116,140,169
120,144,171
123,146,176
127,152,186
129,160,193
129,168,198
132,176,206
134,181,213
136,183,217
130,187,225
120,192,230
107,194,233
94,193,232
76,189,237
53,183,230
32,177,219
14,171,218
4,169,221
3,165,219
3,158,217
3,152,213
2,149,206
1,146,200
1,145,199
1,141,198
1,139,194
1,135,191
2,131,187
2,127,184
1,124,181
1,121,176
1,118,172
2,115,168
5,114,164
15,118,163
37,127,170
68,142,178
97,161,189
120,173,194
139,180,202
146,182,206
145,181,205
144,180,204
141,177,200
136,170,194
141,173,198
118,164,193
113,156,194
221,234,241
252,255,254
253,254,254
255,255,255
255,255,255
255,255,255
255,255,255
255,255,255
255,255,255
255,255,255
255,255,255
255,255,255
255,255,255
255,255,255
255,255,255
255,255,255
255,255,255
255,255,255
255,255,255
255,255,255
255,255,255
255,255,255
255,255,255
255,255,255
255,255,255
255,255,255
255,255,255
255,255,255
255,255,255
255,255,255
255,255,255
255,255,255
255,255,255
255,255,255
255,255,255
255,255,255
255,255,255
255,255,255
255,255,255
255,255,255
255,255,255
255,255,255
255,255,255
255,255,255
255,255,255
255,255,255
255,255,255
255,255,255
255,255,255
255,255,255
255,255,255
255,255,255
255,255,255
255,255,255
255,255,255
255,255,255
255,255,255
255,255,255
255,255,255
255,255,255
255,255,255
255,255,255
255,255,255
255,255,255
255,255,255
255,255,255
255,255,255
255,255,255
255,255,255
255,255,255
255,255,255
255,255,255
255,255,255
255,255,255
255,255,255
255,255,255
255,255,255
255,255,255
255,255,255
255,255,255
255,255,255
255,255,255
255,255,255
255,255,255
255,255,255
255,255,255
255,255,255
255,255,255
255,255,255
255,255,255
255,255,255
255,255,255
255,255,255
255,255,255
255,255,255
254,254,255
251,253,255
248,254,251
253,255,251
228,242,246
126,169,195
121,168,201
136,172,201
143,176,199
143,179,197
147,183,202
146,181,203
141,179,203
127,172,198
103,159,191
70,143,181
41,127,168
20,116,163
8,110,162
1,112,166
0,115,169
2,118,170
3,121,173
4,122,187
3,129,177
5,131,183
4,132,188
12,133,197
5,138,201
1,143,199
3,142,204
2,143,208
1,145,208
1,153,214
0,157,222
2,159,222
5,160,215
4,167,220
8,169,225
13,175,226
25,180,222
41,181,233
57,181,228
88,187,226
114,199,234
136,203,231
141,200,228
134,194,226
118,190,226
115,191,234
120,193,230
120,195,221
128,185,228
126,186,223
123,190,223
123,189,224
122,189,223
121,189,223
121,190,223
121,191,226
119,191,230
116,191,231
108,192,232
99,194,232
94,192,231
85,190,233
70,187,235
53,187,233
36,181,227
22,177,225
13,173,225
6,169,220
3,165,216
0,161,216
0,160,216
0,155,213
1,151,211
1,148,207
0,145,202
0,143,199
1,141,198
1,138,196
0,135,191
0,132,188
2,130,185
2,125,181
0,122,177
1,118,172
1,117,168
1,113,165
5,113,161
16,117,162
40,128,169
70,142,178
99,160,190
123,172,196
139,180,202
146,181,207
146,181,205
144,179,204
141,175,200
134,169,194
144,176,201
119,163,195
112,159,195
222,235,242
254,255,251
253,254,254
255,255,255
255,255,255
255,255,255
255,255,255
255,255,255
255,255,255
255,255,255
255,255,255
255,255,255
255,255,255
255,255,255
255,255,255
255,255,255
255,255,255
255,255,255
255,255,255
255,255,255
255,255,255
255,255,255
255,255,255
255,255,255
255,255,255
255,255,255
255,255,255
255,255,255
255,255,255
255,255,255
255,255,255
255,255,255
255,255,255
255,255,255
255,255,255
255,255,255
255,255,255
255,255,255
255,255,255
255,255,255
255,255,255
255,255,255
255,255,255
255,255,255
255,255,255
255,255,255
255,255,255
255,255,255
255,255,255
255,255,255
255,255,255
255,255,255
255,255,255
255,255,255
255,255,255
255,255,255
255,255,255
255,255,255
255,255,255
255,255,255
255,255,255
255,255,255
255,255,255
255,255,255
255,255,255
255,255,255
255,255,255
255,255,255
255,255,255
255,255,255
255,255,255
255,255,255
255,255,255
255,255,255
255,255,255
255,255,255
255,255,255
255,255,255
255,255,255
255,255,255
255,255,255
255,255,255
255,255,255
255,255,255
255,255,255
255,255,255
255,255,255
255,255,255
255,255,255
255,255,255
255,255,255
255,255,255
255,255,255
255,255,255
255,255,255
254,254,254
251,253,254
248,254,251
252,255,249
227,243,245
127,170,197
121,167,201
136,172,201
144,176,198
144,178,197
148,182,202
147,180,202
141,177,203
129,172,198
105,159,191
74,143,179
43,127,165
22,115,159
9,108,160
2,109,163
1,111,166
1,116,164
3,118,172
6,117,181
4,123,173
1,129,181
1,135,188
1,133,184
26,139,164
73,154,146
107,167,123
128,175,105
131,175,104
107,166,128
68,160,154
21,154,196
7,150,221
4,158,214
3,165,215
3,164,220
1,162,223
30,174,223
112,202,227
175,220,234
198,234,241
213,235,244
217,239,248
211,240,246
180,225,232
108,198,224
56,182,226
52,189,234
62,186,238
66,186,236
61,188,236
61,187,235
60,186,234
59,186,234
56,186,234
52,187,234
47,188,235
41,185,233
34,183,231
28,181,229
22,178,228
12,176,228
7,172,226
3,170,223
2,170,222
3,169,222
1,163,219
1,160,216
1,157,215
0,156,214
0,153,211
0,149,209
1,147,206
0,145,202
0,143,200
0,140,198
0,138,195
0,135,192
0,132,189
1,129,185
0,126,181
1,123,178
0,120,175
1,116,170
1,114,167
2,111,163
7,111,160
19,115,161
43,127,170
73,142,179
101,160,190
125,171,196
140,180,201
146,180,205
145,180,203
144,178,201
141,174,197
135,168,191
150,176,201
122,162,193
110,159,191
225,235,242
255,255,251
252,254,254
255,255,255
255,255,255
255,255,255
255,255,255
255,255,255
255,255,255
255,255,255
255,255,255
255,255,255
255,255,255
255,255,255
255,255,255
255,255,255
255,255,255
255,255,255
255,255,255
255,255,255
255,255,255
255,255,255
255,255,255
255,255,255
255,255,255
255,255,255
255,255,255
255,255,255
255,255,255
255,255,255
255,255,255
255,255,255
255,255,255
255,255,255
255,255,255
255,255,255
255,255,255
255,255,255
255,255,255
255,255,255
255,255,255
255,255,255
255,255,255
255,255,255
255,255,255
255,255,255
255,255,255
255,255,255
255,255,255
255,255,255
255,255,255
255,255,255
255,255,255
255,255,255
255,255,255
255,255,255
255,255,255
255,255,255
255,255,255
255,255,255
255,255,255
255,255,255
255,255,255
255,255,255
255,255,255
255,255,255
255,255,255
255,255,255
255,255,255
255,255,255
255,255,255
255,255,255
255,255,255
255,255,255
255,255,255
255,255,255
255,255,255
255,255,255
255,255,255
255,255,255
255,255,255
255,255,255
255,255,255
255,255,255
255,255,255
255,255,255
255,255,255
255,255,255
255,255,255
255,255,255
255,255,255
255,255,255
255,255,255
255,255,255
255,255,255
254,254,253
251,253,252
248,253,251
253,255,249
227,243,244
128,173,199
122,169,202
136,172,200
143,175,198
144,178,197
147,181,201
147,179,203
142,176,203
130,171,197
107,160,190
78,143,178
45,127,165
22,114,157
10,106,157
2,107,160
0,111,160
1,113,166
1,116,169
3,120,161
4,120,174
0,126,185
17,124,173
102,158,111
192,194,61
235,202,39
242,207,41
232,213,52
234,210,65
240,207,60
232,205,63
184,194,71
96,171,134
19,148,204
4,150,213
3,150,214
69,170,219
187,231,236
203,232,236
196,222,243
192,220,245
187,221,245
186,222,242
197,226,241
224,242,248
228,247,247
118,207,227
12,168,225
6,173,224
10,176,229
6,175,232
4,175,230
3,175,230
4,175,230
4,174,230
2,174,230
2,172,230
1,172,230
0,171,230
0,171,229
0,169,229
0,167,229
0,163,226
1,163,223
1,161,221
2,159,218
2,158,217
1,156,214
1,154,214
1,152,212
1,149,209
1,146,206
1,144,204
1,143,201
1,141,196
0,138,194
0,135,192
1,133,189
1,130,187
0,127,181
0,124,177
1,121,175
0,118,171
1,114,168
1,112,164
2,110,159
9,110,157
21,114,159
45,127,170
75,141,179
103,159,191
128,171,197
142,179,199
145,180,202
145,180,202
144,177,198
143,175,196
136,168,189
154,178,201
129,163,193
113,158,189
223,235,241
254,255,248
253,254,254
255,255,255
255,255,255
255,255,255
255,255,255
255,255,255
255,255,255
255,255,255
255,255,255
255,255,255
255,255,255
255,255,255
255,255,255
255,255,255
255,255,255
255,255,255
255,255,255
255,255,255
255,255,255
255,255,255
255,255,255
255,255,255
255,255,255
255,255,255
255,255,255
255,255,255
255,255,255
255,255,255
255,255,255
255,255,255
255,255,255
255,255,255
255,255,255
255,255,255
255,255,255
255,255,255
255,255,255
255,255,255
255,255,255
255,255,255
255,255,255
255,255,255
255,255,255
255,255,255
255,255,255
255,255,255
255,255,255
255,255,255
255,255,255
255,255,255
255,255,255
255,255,255
255,255,255
255,255,255
255,255,255
255,255,255
255,255,255
255,255,255
255,255,255
255,255,255
255,255,255
255,255,255
255,255,255
255,255,255
255,255,255
255,255,255
255,255,255
255,255,255
255,255,255
255,255,255
255,255,255
255,255,255
255,255,255
255,255,255
255,255,255
255,255,255
255,255,255
255,255,255
255,255,255
255,255,255
255,255,255
255,255,255
255,255,255
255,255,255
255,255,255
255,255,255
255,255,255
255,255,255
255,255,255
255,255,255
255,255,255
255,255,255
255,255,255
254,254,254
251,253,253
248,253,250
253,255,250
229,242,247
129,173,199
124,170,203
136,173,200
142,174,197
142,178,197
145,180,201
147,179,202
142,176,201
130,171,196
108,160,187
78,144,176
47,126,165
23,112,155
10,104,153
1,105,155
0,108,156
2,109,163
4,112,168
2,120,164
0,118,178
18,122,162
141,172,93
247,210,32
243,210,65
214,207,134
206,212,179
201,221,214
193,222,231
192,228,222
181,184,166
228,188,100
235,205,58
162,189,102
29,152,184
46,163,209
209,236,243
208,231,243
191,220,244
186,226,247
188,224,248
192,222,247
192,222,247
187,222,241
186,223,240
219,235,234
241,253,239
117,200,226
9,161,216
2,170,226
2,168,228
1,168,226
0,169,226
1,169,226
1,168,227
1,166,227
2,164,227
2,163,226
1,163,225
2,162,225
1,162,223
0,161,223
1,159,221
1,158,218
1,156,216
1,154,214
2,154,213
0,152,212
1,150,212
1,149,211
1,147,207
0,144,204
0,142,202
1,140,198
1,137,193
0,135,191
0,134,189
1,131,187
1,128,183
0,125,178
0,122,174
1,119,172
0,116,168
0,113,163
1,110,159
2,107,155
8,108,153
22,112,157
47,126,169
76,141,179
106,159,191
130,171,197
142,179,199
145,182,202
145,182,202
144,177,198
143,174,196
136,167,188
151,174,195
137,165,192
116,158,187
221,237,242
252,255,250
254,253,254
255,255,255
255,255,255
255,255,255
255,255,255
255,255,255
255,255,255
255,255,255
255,255,255
255,255,255
255,255,255
255,255,255
255,255,255
255,255,255
255,255,255
255,255,255
255,255,255
255,255,255
255,255,255
255,255,255
255,255,255
255,255,255
255,255,255
255,255,255
255,255,255
255,255,255
255,255,255
255,255,255
255,255,255
255,255,255
255,255,255
255,255,255
255,255,255
255,255,255
255,255,255
255,255,255
255,255,255
255,255,255
255,255,255
255,255,255
255,255,255
255,255,255
255,255,255
255,255,255
255,255,255
255,255,255
255,255,255
255,255,255
255,255,255
255,255,255
255,255,255
255,255,255
255,255,255
255,255,255
255,255,255
255,255,255
255,255,255
255,255,255
255,255,255
255,255,255
255,255,255
255,255,255
255,255,255
255,255,255
255,255,255
255,255,255
255,255,255
255,255,255
255,255,255
255,255,255
255,255,255
255,255,255
255,255,255
255,255,255
255,255,255
255,255,255
255,255,255
255,255,255
255,255,255
255,255,255
255,255,255
255,255,255
255,255,255
255,255,255
255,255,255
255,255,255
255,255,255
255,255,255
255,255,255
255,255,255
255,255,255
255,255,255
255,255,255
254,254,254
251,253,253
249,253,250
253,255,251
228,243,246
129,173,198
125,171,203
137,172,199
143,173,196
143,177,195
146,179,199
147,179,202
142,177,201
131,171,197
109,160,187
78,144,175
48,126,163
25,111,153
10,104,151
1,103,152
0,105,154
1,108,154
5,112,159
1,118,163
13,112,159
143,161,86
248,212,29
190,167,60
129,118,100
90,92,105
88,94,110
138,150,174
201,219,234
198,194,205
177,160,152
191,160,150
214,176,133
220,180,56
181,188,88
183,216,215
227,240,241
188,221,238
195,219,229
191,225,243
191,226,248
185,226,246
188,226,249
193,224,243
204,222,238
201,223,238
226,243,243
225,246,244
55,171,211
1,161,222
2,161,223
1,160,224
1,160,225
1,160,224
1,160,225
1,160,223
1,160,222
0,160,221
1,159,220
2,159,220
2,157,219
1,155,217
1,154,216
3,153,216
2,152,215
1,151,212
1,150,210
0,148,207
1,147,206
1,146,205
0,144,204
1,142,201
1,140,199
1,138,194
0,135,190
0,132,188
0,131,187
1,129,184
1,125,180
0,122,175
0,120,171
1,116,168
0,113,164
0,109,159
0,106,155
2,105,153
6,105,151
20,112,156
47,126,166
77,141,176
108,159,189
131,171,195
141,179,198
144,181,200
145,179,199
145,177,198
143,174,195
136,168,188
145,169,188
153,175,194
115,156,181
219,239,243
253,255,251
255,253,253
255,255,255
255,255,255
255,255,255
255,255,255
255,255,255
255,255,255
255,255,255
255,255,255
255,255,255
255,255,255
255,255,255
255,255,255
255,255,255
255,255,255
255,255,255
255,255,255
255,255,255
255,255,255
255,255,255
255,255,255
255,255,255
255,255,255
255,255,255
255,255,255
255,255,255
255,255,255
255,255,255
255,255,255
255,255,255
255,255,255
255,255,255
255,255,255
255,255,255
255,255,255
255,255,255
255,255,255
255,255,255
255,255,255
255,255,255
255,255,255
255,255,255
255,255,255
255,255,255
255,255,255
255,255,255
255,255,255
255,255,255
255,255,255
255,255,255
255,255,255
255,255,255
255,255,255
255,255,255
255,255,255
255,255,255
255,255,255
255,255,255
255,255,255
255,255,255
255,255,255
255,255,255
255,255,255
255,255,255
255,255,255
255,255,255
255,255,255
255,255,255
255,255,255
255,255,255
255,255,255
255,255,255
255,255,255
255,255,255
255,255,255
255,255,255
255,255,255
255,255,255
255,255,255
255,255,255
255,255,255
255,255,255
255,255,255
255,255,255
255,255,255
255,255,255
255,255,255
255,255,255
255,255,255
255,255,255
255,255,255
255,255,255
255,255,255
255,255,255
252,253,253
250,253,249
251,255,251
228,243,246
129,173,197
124,171,202
137,170,196
143,171,193
145,175,194
146,178,198
147,178,200
144,177,203
133,171,199
111,159,187
81,144,176
51,125,161
28,110,151
11,102,148
2,101,150
1,103,150
0,105,153
6,105,160
3,108,159
76,138,120
240,209,40
183,148,48
74,65,65
57,48,58
53,40,44
90,70,79
101,86,96
99,90,95
105,79,75
122,89,71
163,118,99
217,160,145
198,153,110
243,210,112
242,255,229
190,194,209
138,134,153
180,173,181
202,197,200
200,211,223
191,229,245
195,232,247
199,210,226
189,177,183
202,204,215
205,230,237
251,252,244
128,201,224
0,155,212
2,157,217
2,157,222
2,157,222
2,157,222
2,157,221
1,157,220
1,157,218
1,156,217
1,156,216
2,156,214
1,154,213
1,153,214
1,152,213
2,150,213
2,149,213
1,149,210
2,147,207
2,146,204
1,144,202
0,143,200
1,142,197
1,139,196
1,137,195
0,135,192
1,132,188
1,129,186
1,127,183
1,125,180
1,122,177
1,119,173
1,116,168
1,113,164
1,110,160
0,107,156
1,105,153
3,103,150
7,103,149
22,110,154
50,126,163
79,141,174
110,160,187
132,172,195
143,179,199
147,179,201
146,177,198
144,175,196
141,173,194
136,167,189
139,163,182
175,189,202
122,153,178
220,240,244
253,255,250
255,255,253
255,255,255
255,255,255
255,255,255
255,255,255
255,255,255
255,255,255
255,255,255
255,255,255
255,255,255
255,255,255
255,255,255
255,255,255
255,255,255
255,255,255
255,255,255
255,255,255
255,255,255
255,255,255
255,255,255
255,255,255
255,255,255
255,255,255
255,255,255
255,255,255
255,255,255
255,255,255
255,255,255
255,255,255
255,255,255
255,255,255
255,255,255
255,255,255
255,255,255
255,255,255
255,255,255
255,255,255
255,255,255
255,255,255
255,255,255
255,255,255
255,255,255
255,255,255
255,255,255
255,255,255
255,255,255
255,255,255
255,255,255
255,255,255
255,255,255
255,255,255
255,255,255
255,255,255
255,255,255
255,255,255
255,255,255
255,255,255
255,255,255
255,255,255
255,255,255
255,255,255
255,255,255
255,255,255
255,255,255
255,255,255
255,255,255
255,255,255
255,255,255
255,255,255
255,255,255
255,255,255
255,255,255
255,255,255
255,255,255
255,255,255
255,255,255
255,255,255
255,255,255
255,255,255
255,255,255
255,255,255
255,255,255
255,255,255
255,255,255
255,255,255
255,255,255
255,255,255
255,255,255
255,255,255
255,255,255
255,255,255
255,255,255
255,255,255
255,255,255
252,253,253
249,253,247
252,255,251
229,243,246
129,173,196
126,170,197
138,168,194
143,169,192
145,172,193
146,176,197
147,178,199
144,178,201
135,171,197
113,159,187
83,145,175
53,125,160
30,109,149
12,99,146
2,98,145
0,100,149
0,102,151
2,105,156
15,105,150
172,182,69
211,180,46
53,43,36
48,30,37
86,56,60
175,144,148
237,224,225
236,231,234
122,107,115
59,33,33
140,95,87
146,100,83
183,125,114
170,129,109
230,208,174
178,177,175
84,65,69
120,85,81
201,171,165
217,196,192
193,184,184
210,215,219
213,216,223
208,199,204
231,215,214
222,219,224
215,225,222
250,251,246
178,230,243
9,155,210
0,155,214
1,156,216
1,156,215
0,156,214
1,156,214
0,155,214
0,154,214
0,154,213
0,153,211
1,152,210
1,151,210
0,150,210
0,149,208
2,148,206
2,146,206
2,146,205
3,145,205
2,143,203
1,142,202
0,141,198
0,139,194
0,137,192
0,133,190
0,132,189
1,129,185
1,126,181
2,124,179
2,121,176
1,118,173
0,116,168
0,113,164
1,110,162
1,107,158
0,104,153
1,103,150
2,101,146
8,101,148
25,109,154
51,125,161
80,142,173
111,160,187
132,171,195
144,177,201
148,179,201
146,177,198
144,175,196
143,172,194
136,165,189
132,156,181
175,188,201
140,157,173
226,236,242
254,255,252
254,255,252
255,255,255
255,255,255
255,255,255
255,255,255
255,255,255
255,255,255
255,255,255
255,255,255
255,255,255
255,255,255
255,255,255
255,255,255
255,255,255
255,255,255
255,255,255
255,255,255
255,255,255
255,255,255
255,255,255
255,255,255
255,255,255
255,255,255
255,255,255
255,255,255
255,255,255
255,255,255
255,255,255
255,255,255
255,255,255
255,255,255
255,255,255
255,255,255
255,255,255
255,255,255
255,255,255
255,255,255
255,255,255
255,255,255
255,255,255
255,255,255
255,255,255
255,255,255
255,255,255
255,255,255
255,255,255
255,255,255
255,255,255
255,255,255
255,255,255
255,255,255
255,255,255
255,255,255
255,255,255
255,255,255
255,255,255
255,255,255
255,255,255
255,255,255
255,255,255
255,255,255
255,255,255
255,255,255
255,255,255
255,255,255
255,255,255
255,255,255
255,255,255
255,255,255
255,255,255
255,255,255
255,255,255
255,255,255
255,255,255
255,255,255
255,255,255
255,255,255
255,255,255
255,255,255
255,255,255
255,255,255
255,255,255
255,255,255
255,255,255
255,255,255
255,255,255
255,255,255
255,255,255
255,255,255
255,255,255
255,255,255
255,255,255
255,255,255
255,255,255
252,253,253
249,254,247
252,255,250
229,243,245
128,171,194
130,168,195
139,166,192
143,168,192
145,172,194
147,175,196
147,177,198
145,177,199
137,171,197
115,160,186
85,144,173
54,124,159
30,108,148
13,98,145
2,96,143
0,98,146
2,99,147
1,101,152
49,122,123
232,205,47
134,123,65
28,25,38
121,91,96
196,142,148
243,194,197
248,236,232
255,255,253
170,156,158
80,42,41
207,149,141
182,133,118
139,88,76
111,72,55
133,97,79
92,59,61
154,112,115
208,160,156
236,201,197
253,234,230
240,220,212
203,180,175
166,143,141
172,151,148
163,144,138
200,189,185
206,194,189
239,237,235
204,239,242
20,153,206
0,152,212
0,152,212
0,153,211
0,154,211
0,154,211
0,153,211
0,152,211
0,152,210
0,151,209
1,150,208
2,149,208
0,147,206
0,147,204
1,146,202
1,145,203
2,143,202
2,143,201
1,141,198
0,139,196
0,138,193
0,136,191
0,133,190
0,130,186
1,128,183
1,125,179
1,123,175
1,121,174
1,118,172
1,115,169
0,113,164
0,110,160
0,107,157
0,105,155
1,101,151
1,98,146
1,97,143
9,98,146
27,107,154
52,122,160
83,141,173
113,159,187
133,170,195
143,177,200
147,178,200
146,177,198
146,174,196
144,170,193
139,165,189
131,156,184
156,171,187
182,189,193
227,228,230
254,255,252
253,255,253
255,255,255
255,255,255
255,255,255
255,255,255
255,255,255
255,255,255
255,255,255
255,255,255
255,255,255
255,255,255
255,255,255
255,255,255
255,255,255
255,255,255
255,255,255
255,255,255
255,255,255
255,255,255
255,255,255
255,255,255
255,255,255
255,255,255
255,255,255
255,255,255
255,255,255
255,255,255
255,255,255
255,255,255
255,255,255
255,255,255
255,255,255
255,255,255
255,255,255
255,255,255
255,255,255
255,255,255
255,255,255
255,255,255
255,255,255
255,255,255
255,255,255
255,255,255
255,255,255
255,255,255
255,255,255
255,255,255
255,255,255
255,255,255
255,255,255
255,255,255
255,255,255
255,255,255
255,255,255
255,255,255
255,255,255
255,255,255
255,255,255
255,255,255
255,255,255
255,255,255
255,255,255
255,255,255
255,255,255
255,255,255
255,255,255
255,255,255
255,255,255
255,255,255
255,255,255
255,255,255
255,255,255
255,255,255
255,255,255
255,255,255
255,255,255
255,255,255
255,255,255
255,255,255
255,255,255
255,255,255
255,255,255
255,255,255
255,255,255
255,255,255
255,255,255
255,255,255
255,255,255
255,255,255
255,255,255
255,255,255
255,255,255
255,255,255
255,255,253
252,254,252
249,254,248
253,254,250
228,242,245
126,168,190
132,164,192
142,165,191
146,169,193
146,173,195
147,175,196
148,176,197
145,176,198
140,171,197
118,160,188
89,142,174
56,123,160
31,107,148
14,96,144
3,94,141
0,95,143
4,97,148
4,95,154
101,142,97
237,215,67
174,189,175
66,62,79
149,122,117
207,159,160
239,191,192
238,217,211
242,235,229
206,193,188
132,80,77
174,101,94
198,144,132
162,120,108
75,39,24
69,32,19
113,73,71
188,145,157
207,152,154
224,171,156
247,217,205
243,217,209
114,82,75
119,87,79
180,150,140
129,103,92
131,100,92
186,159,154
236,229,228
205,239,242
22,151,207
0,149,210
1,151,209
1,151,209
0,151,208
0,151,208
0,150,208
1,148,207
1,148,206
1,147,204
1,147,204
1,146,202
0,145,201
0,144,200
0,144,199
1,143,198
2,141,196
1,139,194
1,138,193
1,135,191
0,134,190
0,133,189
1,131,186
1,128,182
1,124,180
1,122,177
1,120,172
1,118,169
0,116,168
1,111,164
1,109,161
1,107,156
1,104,153
1,101,152
2,99,148
1,96,143
1,95,140
10,97,143
27,104,151
54,120,160
85,139,172
115,158,187
135,170,194
143,178,199
146,178,198
147,176,198
147,173,196
146,170,194
142,163,187
133,156,185
131,150,176
216,220,225
246,246,246
250,253,252
254,254,253
255,255,255
255,255,255
255,255,255
255,255,255
255,255,255
255,255,255
255,255,255
255,255,255
255,255,255
255,255,255
255,255,255
255,255,255
255,255,255
255,255,255
255,255,255
255,255,255
255,255,255
255,255,255
255,255,255
255,255,255
255,255,255
255,255,255
255,255,255
255,255,255
255,255,255
255,255,255
255,255,255
255,255,255
255,255,255
255,255,255
255,255,255
255,255,255
255,255,255
255,255,255
255,255,255
255,255,255
255,255,255
255,255,255
255,255,255
255,255,255
255,255,255
255,255,255
255,255,255
255,255,255
255,255,255
255,255,255
255,255,255
255,255,255
255,255,255
255,255,255
255,255,255
255,255,255
255,255,255
255,255,255
255,255,255
255,255,255
255,255,255
255,255,255
255,255,255
255,255,255
255,255,255
255,255,255
255,255,255
255,255,255
255,255,255
255,255,255
255,255,255
255,255,255
255,255,255
255,255,255
255,255,255
255,255,255
255,255,255
255,255,255
255,255,255
255,255,255
255,255,255
255,255,255
255,255,255
255,255,255
255,255,255
255,255,255
255,255,255
255,255,255
255,255,255
255,255,255
255,255,255
255,255,255
255,255,255
255,255,255
255,255,255
255,255,255
255,255,253
252,254,252
249,254,250
253,254,249
228,242,245
128,164,186
133,160,188
143,162,189
147,167,193
147,172,196
148,175,196
148,176,197
146,175,197
139,171,195
119,160,186
91,142,174
59,122,160
31,106,146
13,94,140
2,92,138
0,92,139
2,93,145
2,93,143
141,155,73
240,215,99
212,244,243
124,131,147
136,110,108
164,129,123
180,143,136
199,161,157
152,120,117
227,208,202
186,143,135
191,120,109
134,87,74
104,67,61
69,47,39
69,37,27
139,97,88
125,87,86
152,103,92
172,123,106
192,163,149
225,198,187
82,47,37
124,85,69
166,121,105
161,122,107
157,115,106
175,146,137
241,231,227
183,227,235
8,146,200
1,147,206
2,147,203
2,148,203
1,147,203
1,147,204
1,147,204
1,145,204
1,145,203
1,145,201
0,144,199
0,144,199
0,143,198
0,142,198
0,141,196
2,139,193
2,137,191
1,135,190
1,134,189
1,131,188
1,130,187
1,129,184
0,127,181
1,124,177
1,121,174
1,120,170
0,118,167
0,115,166
0,112,163
1,108,160
0,107,157
2,105,153
2,102,151
1,98,149
1,96,146
0,95,142
4,93,139
11,94,139
30,102,147
57,119,159
86,139,173
116,158,187
135,170,194
144,177,200
147,177,198
148,175,198
148,172,197
149,170,194
146,161,185
137,157,185
118,144,177
174,185,196
250,255,255
250,253,253
253,252,252
255,255,255
255,255,255
255,255,255
255,255,255
255,255,255
255,255,255
255,255,255
255,255,255
255,255,255
255,255,255
255,255,255
255,255,255
255,255,255
255,255,255
255,255,255
255,255,255
255,255,255
255,255,255
255,255,255
255,255,255
255,255,255
255,255,255
255,255,255
255,255,255
255,255,255
255,255,255
255,255,255
255,255,255
255,255,255
255,255,255
255,255,255
255,255,255
255,255,255
255,255,255
255,255,255
255,255,255
255,255,255
255,255,255
255,255,255
255,255,255
255,255,255
255,255,255
255,255,255
255,255,255
255,255,255
255,255,255
255,255,255
255,255,255
255,255,255
255,255,255
255,255,255
255,255,255
255,255,255
255,255,255
255,255,255
255,255,255
255,255,255
255,255,255
255,255,255
255,255,255
255,255,255
255,255,255
255,255,255
255,255,255
255,255,255
255,255,255
255,255,255
255,255,255
255,255,255
255,255,255
255,255,255
255,255,255
255,255,255
255,255,255
255,255,255
255,255,255
255,255,255
255,255,255
255,255,255
255,255,255
255,255,255
255,255,255
255,255,255
255,255,255
255,255,255
255,255,255
255,255,255
255,255,255
255,255,255
255,255,255
255,255,255
255,255,255
255,255,254
253,254,253
251,255,252
254,255,251
231,242,245
135,161,183
134,156,184
143,161,187
148,167,193
149,171,195
149,175,196
149,176,197
148,175,197
139,171,193
119,159,184
92,141,176
62,121,161
33,104,145
14,93,139
3,90,135
1,89,138
1,91,139
0,92,137
150,158,66
243,218,123
209,247,248
192,208,213
134,108,107
123,88,81
127,87,85
217,193,188
222,205,197
251,233,225
155,137,133
120,80,79
113,92,92
79,68,82
91,76,84
105,78,90
163,119,109
152,104,97
162,121,111
168,132,124
141,108,100
195,165,152
89,51,37
119,77,62
145,101,87
153,115,102
151,113,103
172,157,138
242,239,233
124,190,211
0,141,200
2,143,203
2,145,200
3,146,200
2,146,199
3,145,200
3,144,201
2,143,202
1,142,200
0,142,197
1,142,196
1,141,196
0,141,194
0,139,194
1,137,193
2,135,189
3,133,187
3,132,188
3,130,186
2,128,183
2,126,181
3,124,177
1,122,176
1,119,174
1,117,170
1,116,167
1,114,166
1,111,164
1,108,160
1,105,158
0,103,153
2,101,150
2,99,148
1,95,146
0,93,143
1,92,139
5,91,138
13,93,139
32,102,145
59,120,159
88,139,172
118,158,186
137,169,193
145,176,197
148,176,197
149,175,197
149,171,195
148,169,193
145,162,183
136,157,182
119,148,180
132,148,166
234,240,244
254,255,254
254,254,253
255,255,255
255,255,255
255,255,255
255,255,255
255,255,255
255,255,255
255,255,255
255,255,255
255,255,255
255,255,255
255,255,255
255,255,255
255,255,255
255,255,255
255,255,255
255,255,255
255,255,255
255,255,255
255,255,255
255,255,255
255,255,255
255,255,255
255,255,255
255,255,255
255,255,255
255,255,255
255,255,255
255,255,255
255,255,255
255,255,255
255,255,255
255,255,255
255,255,255
255,255,255
255,255,255
255,255,255
255,255,255
255,255,255
255,255,255
255,255,255
255,255,255
255,255,255
255,255,255
255,255,255
255,255,255
255,255,255
255,255,255
255,255,255
255,255,255
255,255,255
255,255,255
255,255,255
255,255,255
255,255,255
255,255,255
255,255,255
255,255,255
255,255,255
255,255,255
255,255,255
255,255,255
255,255,255
255,255,255
255,255,255
255,255,255
255,255,255
255,255,255
255,255,255
255,255,255
255,255,255
255,255,255
255,255,255
255,255,255
255,255,255
255,255,255
255,255,255
255,255,255
255,255,255
255,255,255
255,255,255
255,255,255
255,255,255
255,255,255
255,255,255
255,255,255
255,255,255
255,255,255
255,255,255
255,255,255
255,255,255
255,255,255
255,255,255
255,255,255
254,254,254
254,254,252
255,255,252
233,242,244
138,158,178
135,153,180
144,160,186
147,167,191
149,171,195
151,174,197
150,175,198
149,174,197
140,170,191
120,158,183
93,141,177
65,119,159
35,102,142
14,91,137
4,86,135
2,86,136
4,88,137
0,87,135
136,156,73
240,226,128
223,244,244
211,229,242
144,131,144
186,144,138
176,122,116
211,182,179
225,205,199
180,140,131
125,109,106
73,64,78
88,92,104
111,126,145
114,120,136
124,123,144
164,127,125
158,103,91
204,164,154
218,183,176
214,167,158
173,141,132
103,68,59
130,80,70
156,109,96
126,92,88
156,115,116
228,205,201
215,235,239
39,147,179
0,133,194
0,136,194
0,138,193
0,137,193
0,138,193
0,138,195
0,138,193
0,139,194
0,138,193
0,137,195
0,136,195
3,136,192
3,136,189
3,136,189
1,135,189
0,133,188
1,131,186
1,128,182
2,126,179
3,124,182
2,122,182
2,120,178
0,120,173
0,117,170
0,114,165
1,111,163
2,109,163
1,108,160
1,105,156
1,102,154
1,99,150
1,97,147
1,95,146
0,92,143
1,90,140
2,88,136
5,88,136
14,90,136
33,100,143
60,119,157
89,138,169
120,157,185
139,169,192
147,175,196
149,176,197
148,175,196
149,170,194
148,167,191
144,162,185
136,157,181
121,147,177
128,145,169
232,237,243
255,255,254
255,255,254
255,255,255
255,255,255
255,255,255
255,255,255
255,255,255
255,255,255
255,255,255
255,255,255
255,255,255
255,255,255
255,255,255
255,255,255
255,255,255
255,255,255
255,255,255
255,255,255
255,255,255
255,255,255
255,255,255
255,255,255
255,255,255
255,255,255
255,255,255
255,255,255
255,255,255
255,255,255
255,255,255
255,255,255
255,255,255
255,255,255
255,255,255
255,255,255
255,255,255
255,255,255
255,255,255
255,255,255
255,255,255
255,255,255
255,255,255
255,255,255
255,255,255
255,255,255
255,255,255
255,255,255
255,255,255
255,255,255
255,255,255
255,255,255
255,255,255
255,255,255
255,255,255
255,255,255
255,255,255
255,255,255
255,255,255
255,255,255
255,255,255
255,255,255
255,255,255
255,255,255
255,255,255
255,255,255
255,255,255
255,255,255
255,255,255
255,255,255
255,255,255
255,255,255
255,255,255
255,255,255
255,255,255
255,255,255
255,255,255
255,255,255
255,255,255
255,255,255
255,255,255
255,255,255
255,255,255
255,255,255
255,255,255
255,255,255
255,255,255
255,255,255
255,255,255
255,255,255
255,255,255
255,255,255
255,255,255
255,255,255
255,255,255
255,255,255
255,255,255
254,254,254
254,254,252
255,254,252
234,242,244
138,156,176
134,152,178
143,160,185
147,167,191
151,171,195
153,173,196
151,174,198
149,173,196
140,169,190
122,157,183
95,140,175
66,119,157
37,102,141
14,88,135
3,84,134
1,83,134
3,84,134
0,82,133
104,135,81
237,226,126
229,242,245
168,201,229
110,130,161
126,104,98
114,75,55
144,103,100
205,164,166
188,151,135
121,111,106
40,55,77
41,52,72
115,125,150
125,139,168
111,124,153
157,128,138
140,88,71
165,117,106
172,128,121
170,121,109
113,88,88
88,68,71
142,88,79
193,140,127
169,128,129
216,183,181
250,241,235
196,220,223
109,176,193
110,180,207
109,178,204
108,176,203
103,172,202
96,168,198
84,164,194
75,159,194
64,155,197
49,150,197
32,141,189
19,135,185
12,131,184
7,127,183
3,124,178
0,123,179
0,124,180
0,123,178
7,121,175
4,121,173
3,122,173
2,120,171
3,116,166
2,115,167
1,113,165
0,110,160
1,108,159
1,105,155
0,103,153
0,102,152
1,99,149
1,96,147
0,94,144
0,92,142
0,90,140
0,86,136
2,85,134
6,85,133
16,89,134
34,99,141
60,118,155
90,136,169
120,156,185
140,168,192
148,173,196
149,176,197
149,174,196
150,170,194
150,167,192
144,161,186
138,156,181
124,145,174
128,144,171
233,237,244
255,255,252
254,254,252
255,255,255
255,255,255
255,255,255
255,255,255
255,255,255
255,255,255
255,255,255
255,255,255
255,255,255
255,255,255
255,255,255
255,255,255
255,255,255
255,255,255
255,255,255
255,255,255
255,255,255
255,255,255
255,255,255
255,255,255
255,255,255
255,255,255
255,255,255
255,255,255
255,255,255
255,255,255
255,255,255
255,255,255
255,255,255
255,255,255
255,255,255
255,255,255
255,255,255
255,255,255
255,255,255
255,255,255
255,255,255
255,255,255
255,255,255
255,255,255
255,255,255
255,255,255
255,255,255
255,255,255
255,255,255
255,255,255
255,255,255
255,255,255
255,255,255
255,255,255
255,255,255
255,255,255
255,255,255
255,255,255
255,255,255
255,255,255
255,255,255
255,255,255
255,255,255
255,255,255
255,255,255
255,255,255
255,255,255
255,255,255
255,255,255
255,255,255
255,255,255
255,255,255
255,255,255
255,255,255
255,255,255
255,255,255
255,255,255
255,255,255
255,255,255
255,255,255
255,255,255
255,255,255
255,255,255
255,255,255
255,255,255
255,255,255
255,255,255
255,255,255
255,255,255
255,255,255
255,255,255
255,255,255
255,255,255
255,255,255
255,255,255
255,255,255
255,255,255
255,255,254
254,254,252
255,254,252
236,242,244
138,155,175
134,152,178
143,160,184
147,165,189
152,170,194
155,171,194
154,173,196
151,173,195
142,169,189
125,158,184
98,141,175
68,118,157
37,99,141
16,87,134
3,83,132
1,82,130
3,81,130
0,82,136
59,108,98
228,211,102
170,201,216
114,139,178
98,126,152
74,69,76
92,67,53
144,106,99
219,171,172
217,183,179
110,120,135
43,74,104
17,29,51
109,107,135
141,147,177
118,131,163
119,100,127
159,114,110
181,131,125
215,166,161
157,115,101
69,60,60
84,87,96
112,76,74
138,91,88
158,117,127
228,218,220
246,251,246
231,231,234
237,235,238
240,241,239
238,238,233
240,237,234
238,234,234
235,234,234
236,240,239
236,237,238
230,235,238
221,233,238
208,229,232
196,224,230
178,213,219
155,198,209
129,180,201
94,162,189
62,143,183
38,128,176
16,118,174
2,113,164
0,113,160
2,114,162
4,112,162
4,112,162
2,109,157
2,106,156
2,103,155
2,101,151
1,100,149
1,98,149
1,95,145
0,94,143
0,91,139
1,89,137
2,87,137
1,84,133
1,82,131
5,82,130
16,87,133
35,98,141
62,117,155
94,138,172
121,157,185
139,168,191
148,173,196
151,174,197
151,173,196
150,170,194
150,166,191
146,161,186
140,155,181
126,144,174
130,141,169
234,239,243
255,255,253
254,254,253
255,255,255
255,255,255
255,255,255
255,255,255
255,255,255
255,255,255
255,255,255
255,255,255
255,255,255
255,255,255
255,255,255
255,255,255
255,255,255
255,255,255
255,255,255
255,255,255
255,255,255
255,255,255
255,255,255
255,255,255
255,255,255
255,255,255
255,255,255
255,255,255
255,255,255
255,255,255
255,255,255
255,255,255
255,255,255
255,255,255
255,255,255
255,255,255
255,255,255
255,255,255
255,255,255
255,255,255
255,255,255
255,255,255
255,255,255
255,255,255
255,255,255
255,255,255
255,255,255
255,255,255
255,255,255
255,255,255
255,255,255
255,255,255
255,255,255
255,255,255
255,255,255
255,255,255
255,255,255
255,255,255
255,255,255
255,255,255
255,255,255
255,255,255
255,255,255
255,255,255
255,255,255
255,255,255
255,255,255
255,255,255
255,255,255
255,255,255
255,255,255
255,255,255
255,255,255
255,255,255
255,255,255
255,255,255
255,255,255
255,255,255
255,255,255
255,255,255
255,255,255
255,255,255
255,255,255
255,255,255
255,255,255
255,255,255
255,255,255
255,255,255
255,255,255
255,255,255
255,255,255
255,255,255
255,255,255
255,255,255
255,255,255
255,255,255
255,255,255
255,255,254
254,254,252
255,255,253
237,241,244
141,154,175
135,153,178
143,159,183
148,164,187
153,169,193
155,171,193
156,173,193
154,172,194
144,168,189
127,157,182
101,140,172
69,116,156
39,99,141
17,86,130
4,81,129
1,80,127
2,79,131
1,83,132
18,82,117
181,174,78
148,175,163
119,138,181
92,111,133
38,42,60
55,35,42
128,84,76
193,142,133
161,128,135
102,133,156
43,80,101
15,29,48
98,102,139
153,168,200
134,153,181
100,101,125
134,112,131
168,130,130
170,124,112
129,86,74
71,59,58
143,160,170
128,132,144
117,103,110
180,166,174
229,230,232
201,196,193
195,189,189
181,180,179
142,135,132
110,108,102
142,137,130
149,140,134
104,99,95
116,116,111
156,150,146
180,171,167
180,172,166
196,187,182
207,194,192
218,207,203
225,217,212
234,229,226
236,237,231
230,235,238
211,224,232
177,207,222
141,184,199
93,153,177
45,125,171
14,109,164
3,101,153
0,101,152
0,102,153
0,102,153
1,99,148
0,96,145
1,95,145
1,92,141
0,90,137
1,88,136
2,86,133
2,84,132
2,82,130
2,80,128
6,81,128
16,85,129
37,97,140
64,116,155
96,138,172
123,157,184
141,169,190
149,173,195
152,173,196
153,173,197
153,170,195
150,165,191
147,160,185
141,154,183
127,144,176
131,141,168
234,239,243
254,255,254
254,254,254
255,255,255
255,255,255
255,255,255
255,255,255
255,255,255
255,255,255
255,255,255
255,255,255
255,255,255
255,255,255
255,255,255
255,255,255
255,255,255
255,255,255
255,255,255
255,255,255
255,255,255
255,255,255
255,255,255
255,255,255
255,255,255
255,255,255
255,255,255
255,255,255
255,255,255
255,255,255
255,255,255
255,255,255
255,255,255
255,255,255
255,255,255
255,255,255
255,255,255
255,255,255
255,255,255
255,255,255
255,255,255
255,255,255
255,255,255
255,255,255
255,255,255
255,255,255
255,255,255
255,255,255
255,255,255
255,255,255
255,255,255
255,255,255
255,255,255
255,255,255
255,255,255
255,255,255
255,255,255
255,255,255
255,255,255
255,255,255
255,255,255
255,255,255
255,255,255
255,255,255
255,255,255
255,255,255
255,255,255
255,255,255
255,255,255
255,255,255
255,255,255
255,255,255
255,255,255
255,255,255
255,255,255
255,255,255
255,255,255
255,255,255
255,255,255
255,255,255
255,255,255
255,255,255
255,255,255
255,255,255
255,255,255
255,255,255
255,255,255
255,255,255
255,255,255
255,255,255
255,255,255
255,255,255
255,255,255
255,255,255
255,255,255
255,255,255
255,255,255
255,255,254
254,254,252
255,255,253
238,241,245
141,153,175
135,152,178
143,160,183
148,165,188
152,168,191
154,171,192
155,172,193
155,171,194
145,166,191
128,156,182
103,140,169
72,116,155
41,97,139
18,83,127
6,78,126
2,77,127
2,79,124
3,82,122
0,76,130
97,126,82
185,185,115
121,136,173
65,84,99
17,36,56
43,44,60
108,89,88
116,90,82
89,73,81
49,75,95
50,69,79
62,67,75
133,138,163
174,188,214
160,177,211
132,153,182
111,105,123
129,95,90
105,55,48
89,39,36
70,41,42
148,159,169
152,183,199
202,219,227
206,208,208
122,118,113
127,117,110
103,92,88
84,85,79
17,15,12
14,12,9
48,42,39
103,91,90
41,30,30
15,9,8
67,61,61
26,21,20
17,15,12
104,101,98
98,92,89
71,61,57
110,93,90
124,103,96
141,125,118
153,141,134
180,172,165
219,210,203
239,232,229
239,237,236
220,229,234
180,204,217
120,172,192
64,132,165
21,99,144
2,90,138
0,91,141
2,92,145
2,93,142
1,90,137
0,89,138
1,86,139
2,82,131
2,81,128
2,80,128
3,78,126
5,79,125
17,84,127
38,96,138
66,116,154
97,138,169
123,156,181
142,168,189
150,172,194
154,173,194
155,172,196
153,169,194
150,165,190
147,160,185
140,152,182
126,143,175
131,141,166
234,238,244
254,255,255
254,254,254
255,255,255
255,255,255
255,255,255
255,255,255
255,255,255
255,255,255
255,255,255
255,255,255
255,255,255
255,255,255
255,255,255
255,255,255
255,255,255
255,255,255
255,255,255
255,255,255
255,255,255
255,255,255
255,255,255
255,255,255
255,255,255
255,255,255
255,255,255
255,255,255
255,255,255
255,255,255
255,255,255
255,255,255
255,255,255
255,255,255
255,255,255
255,255,255
255,255,255
255,255,255
255,255,255
255,255,255
255,255,255
255,255,255
255,255,255
255,255,255
255,255,255
255,255,255
255,255,255
255,255,255
255,255,255
255,255,255
255,255,255
255,255,255
255,255,255
255,255,255
255,255,255
255,255,255
255,255,255
255,255,255
255,255,255
255,255,255
255,255,255
255,255,255
255,255,255
255,255,255
255,255,255
255,255,255
255,255,255
255,255,255
255,255,255
255,255,255
255,255,255
255,255,255
255,255,255
255,255,255
255,255,255
255,255,255
255,255,255
255,255,255
255,255,255
255,255,255
255,255,255
255,255,255
255,255,255
255,255,255
255,255,255
255,255,255
255,255,255
255,255,255
255,255,255
255,255,255
255,255,255
255,255,255
255,255,255
255,255,255
255,255,255
255,255,255
255,255,255
254,254,254
255,255,253
255,255,253
239,242,246
141,152,175
136,151,177
145,160,186
148,164,189
152,167,190
154,169,192
154,170,193
153,171,195
144,167,192
130,156,184
105,139,168
74,116,153
46,95,137
21,82,126
8,74,124
3,74,125
4,75,128
4,75,133
0,81,129
17,82,108
155,162,87
162,138,86
88,74,91
66,61,67
39,33,52
112,113,139
170,172,198
86,85,95
123,107,107
178,153,150
200,165,160
210,168,164
195,160,163
182,163,171
125,137,132
44,56,56
98,69,65
165,113,99
162,110,96
177,120,124
137,113,124
197,203,210
185,180,183
89,75,77
12,8,8
25,21,20
54,51,49
38,37,33
40,39,35
17,14,11
40,37,35
27,22,22
46,41,41
40,36,36
33,31,30
1,2,0
1,3,0
33,31,29
31,25,21
48,24,21
154,99,102
125,73,71
130,101,94
131,116,107
121,107,99
103,91,85
130,119,115
139,130,127
174,165,161
224,220,216
242,241,237
228,233,235
187,205,219
119,163,185
48,116,150
9,85,133
0,85,137
2,87,133
4,85,130
3,83,130
2,80,129
1,79,127
2,77,127
3,76,125
7,77,123
19,84,127
40,95,136
68,115,153
100,136,167
126,154,180
145,166,190
151,171,194
153,171,193
154,169,193
152,167,191
150,164,188
147,160,183
139,153,180
125,143,173
130,141,164
235,238,244
255,255,254
255,255,254
255,255,255
255,255,255
255,255,255
255,255,255
255,255,255
255,255,255
255,255,255
255,255,255
255,255,255
255,255,255
255,255,255
255,255,255
255,255,255
255,255,255
255,255,255
255,255,255
255,255,255
255,255,255
255,255,255
255,255,255
255,255,255
255,255,255
255,255,255
255,255,255
255,255,255
255,255,255
255,255,255
255,255,255
255,255,255
255,255,255
255,255,255
255,255,255
255,255,255
255,255,255
255,255,255
255,255,255
255,255,255
255,255,255
255,255,255
255,255,255
255,255,255
255,255,255
255,255,255
255,255,255
255,255,255
255,255,255
255,255,255
255,255,255
255,255,255
255,255,255
255,255,255
255,255,255
255,255,255
255,255,255
255,255,255
255,255,255
255,255,255
255,255,255
255,255,255
255,255,255
255,255,255
255,255,255
255,255,255
255,255,255
255,255,255
255,255,255
255,255,255
255,255,255
255,255,255
255,255,255
255,255,255
255,255,255
255,255,255
255,255,255
255,255,255
255,255,255
255,255,255
255,255,255
255,255,255
255,255,255
255,255,255
255,255,255
255,255,255
255,255,255
255,255,255
255,255,255
255,255,255
255,255,255
255,255,255
255,255,255
255,255,255
255,255,255
255,255,255
254,254,254
254,254,252
255,255,253
239,242,246
139,153,174
136,150,177
146,159,185
149,163,188
152,167,190
154,169,192
154,170,193
154,170,194
147,168,192
132,157,183
108,138,168
77,116,151
47,95,134
22,81,123
11,73,122
5,71,124
5,70,128
6,73,126
3,79,121
1,74,134
43,88,107
189,173,69
189,138,76
204,157,147
188,153,150
184,155,150
217,188,183
200,163,153
196,145,126
183,136,119
196,148,131
216,166,152
238,183,179
228,169,158
85,69,65
22,36,38
48,54,47
84,58,41
107,70,49
175,154,139
229,226,222
156,158,158
74,73,70
44,36,36
12,10,9
21,20,18
22,20,19
39,35,34
46,40,38
46,36,34
106,96,94
33,28,26
16,12,12
22,17,16
44,34,35
36,27,28
49,43,41
63,57,54
55,48,44
96,77,73
114,73,73
98,61,60
78,48,46
124,108,103
134,119,114
62,48,45
67,56,53
90,78,76
53,40,39
85,72,67
157,141,129
222,211,201
237,241,235
234,243,246
213,225,229
155,179,191
60,116,149
3,79,125
1,79,124
4,79,120
4,77,125
2,75,124
2,73,123
4,73,124
9,74,122
22,81,126
43,93,136
72,114,152
103,135,166
129,154,181
148,165,189
154,170,194
154,170,193
155,169,192
154,166,190
152,164,188
148,160,184
139,153,180
125,143,172
129,141,164
237,238,244
255,255,254
254,255,254
255,255,255
255,255,255
255,255,255
255,255,255
255,255,255
255,255,255
255,255,255
255,255,255
255,255,255
255,255,255
255,255,255
255,255,255
255,255,255
255,255,255
255,255,255
255,255,255
255,255,255
255,255,255
255,255,255
255,255,255
255,255,255
255,255,255
255,255,255
255,255,255
255,255,255
255,255,255
255,255,255
255,255,255
255,255,255
255,255,255
255,255,255
255,255,255
255,255,255
255,255,255
255,255,255
255,255,255
255,255,255
255,255,255
255,255,255
255,255,255
255,255,255
255,255,255
255,255,255
255,255,255
255,255,255
255,255,255
255,255,255
255,255,255
255,255,255
255,255,255
255,255,255
255,255,255
255,255,255
255,255,255
255,255,255
255,255,255
255,255,255
255,255,255
255,255,255
255,255,255
255,255,255
255,255,255
255,255,255
255,255,255
255,255,255
255,255,255
255,255,255
255,255,255
255,255,255
255,255,255
255,255,255
255,255,255
255,255,255
255,255,255
255,255,255
255,255,255
255,255,255
255,255,255
255,255,255
255,255,255
255,255,255
255,255,255
255,255,255
255,255,255
255,255,255
255,255,255
255,255,255
255,255,255
255,255,255
255,255,255
255,255,255
255,255,255
255,255,255
254,255,254
254,254,252
255,254,251
239,242,246
140,152,174
135,150,176
145,158,184
150,163,188
152,167,190
154,169,192
155,170,193
154,169,193
148,166,191
133,156,182
109,138,169
79,116,153
50,95,135
25,78,122
14,71,119
7,69,118
4,70,121
4,72,120
7,74,117
7,75,119
0,70,115
77,111,104
234,197,87
237,190,83
244,199,152
247,200,176
239,186,164
232,169,161
213,150,137
179,127,110
188,139,121
197,149,128
165,121,104
124,105,96
37,41,57
25,33,40
61,64,49
63,45,22
104,68,58
215,209,202
149,143,142
46,36,39
57,49,48
37,27,28
45,42,42
27,24,24
15,13,13
32,27,26
49,39,39
43,27,28
88,74,73
53,45,43
10,6,5
18,13,15
49,38,40
35,21,22
47,34,33
74,63,62
81,74,71
65,61,55
71,69,61
27,22,17
59,51,47
60,50,49
21,10,9
51,42,40
61,52,50
46,37,36
65,56,53
118,108,102
105,92,85
76,64,60
134,125,117
198,190,183
241,235,227
239,237,227
216,222,222
129,165,189
23,87,134
0,73,123
6,75,119
5,71,118
4,70,119
6,71,120
12,72,119
25,79,124
46,92,134
75,115,153
105,135,167
131,153,180
148,164,188
153,169,193
154,170,193
156,169,193
155,167,191
152,164,188
147,158,183
139,153,180
124,144,171
130,141,164
239,238,244
255,254,254
254,255,254
255,255,255
255,255,255
255,255,255
255,255,255
255,255,255
255,255,255
255,255,255
255,255,255
255,255,255
255,255,255
255,255,255
255,255,255
255,255,255
255,255,255
255,255,255
255,255,255
255,255,255
255,255,255
255,255,255
255,255,255
255,255,255
255,255,255
255,255,255
255,255,255
255,255,255
255,255,255
255,255,255
255,255,255
255,255,255
255,255,255
255,255,255
255,255,255
255,255,255
255,255,255
255,255,255
255,255,255
255,255,255
255,255,255
255,255,255
255,255,255
255,255,255
255,255,255
255,255,255
255,255,255
255,255,255
255,255,255
255,255,255
255,255,255
255,255,255
255,255,255
255,255,255
255,255,255
255,255,255
255,255,255
255,255,255
255,255,255
255,255,255
255,255,255
255,255,255
255,255,255
255,255,255
255,255,255
255,255,255
255,255,255
255,255,255
255,255,255
255,255,255
255,255,255
255,255,255
255,255,255
255,255,255
255,255,255
255,255,255
255,255,255
255,255,255
255,255,255
255,255,255
255,255,255
255,255,255
255,255,255
255,255,255
255,255,255
255,255,255
255,255,255
255,255,255
255,255,255
255,255,255
255,255,255
255,255,255
255,255,255
255,255,255
255,255,255
255,255,255
254,254,254
254,254,252
255,254,252
237,242,246
140,153,173
135,150,175
145,158,184
151,162,188
153,166,190
154,169,192
156,170,193
155,169,192
149,165,190
135,155,181
111,138,169
81,116,153
53,94,135
29,77,120
16,69,116
9,68,116
6,68,116
4,70,121
4,73,120
0,69,119
40,94,135
184,190,204
208,209,192
215,200,113
239,200,49
249,195,52
233,183,68
204,162,57
187,144,62
154,122,68
114,94,66
54,51,41
12,26,39
16,44,59
13,31,36
28,42,48
83,84,83
75,63,51
198,186,181
177,169,169
40,27,29
62,58,58
83,78,77
75,64,64
53,45,45
35,29,29
26,20,21
32,24,24
25,21,18
45,37,35
89,74,73
65,46,45
36,24,20
28,24,20
22,21,18
16,8,8
27,18,17
54,45,44
93,86,84
78,69,68
40,28,27
34,22,21
68,59,58
83,77,78
61,56,54
50,45,42
73,68,66
88,82,80
100,92,90
133,125,121
52,46,43
7,1,2
15,8,8
82,77,73
150,147,138
234,232,225
240,231,228
238,228,222
172,191,204
34,90,129
2,67,120
7,70,120
6,69,117
9,69,117
13,71,117
27,77,120
49,90,133
77,114,151
106,135,166
132,152,179
148,163,187
154,170,190
155,170,191
157,169,192
156,167,192
154,163,189
148,157,183
140,153,179
123,144,172
130,142,166
239,239,244
254,254,253
254,254,254
255,255,255
255,255,255
255,255,255
255,255,255
255,255,255
255,255,255
255,255,255
255,255,255
255,255,255
255,255,255
255,255,255
255,255,255
255,255,255
255,255,255
255,255,255
255,255,255
255,255,255
255,255,255
255,255,255
255,255,255
255,255,255
255,255,255
255,255,255
255,255,255
255,255,255
255,255,255
255,255,255
255,255,255
255,255,255
255,255,255
255,255,255
255,255,255
255,255,255
255,255,255
255,255,255
255,255,255
255,255,255
255,255,255
255,255,255
255,255,255
255,255,255
255,255,255
255,255,255
255,255,255
255,255,255
255,255,255
255,255,255
255,255,255
255,255,255
255,255,255
255,255,255
255,255,255
255,255,255
255,255,255
255,255,255
255,255,255
255,255,255
255,255,255
255,255,255
255,255,255
255,255,255
255,255,255
255,255,255
255,255,255
255,255,255
255,255,255
255,255,255
255,255,255
255,255,255
255,255,255
255,255,255
255,255,255
255,255,255
255,255,255
255,255,255
255,255,255
255,255,255
255,255,255
255,255,255
255,255,255
255,255,255
255,255,255
255,255,255
255,255,255
255,255,255
255,255,255
255,255,255
255,255,255
255,255,255
255,255,255
255,255,255
255,255,255
254,255,255
253,255,253
254,254,253
253,255,254
238,242,245
148,151,169
138,148,170
144,156,181
149,162,186
152,166,190
154,168,193
158,170,193
158,170,190
152,166,189
137,155,182
113,138,168
83,115,151
56,93,133
31,76,119
18,68,113
11,67,112
10,67,112
8,67,117
3,68,123
19,74,119
174,186,197
210,211,207
189,194,190
189,186,186
145,133,104
138,116,39
193,164,52
207,176,37
220,185,25
228,190,34
224,190,45
200,176,42
162,148,46
100,104,56
36,43,34
25,38,47
84,108,105
171,186,183
230,218,217
102,59,65
71,41,44
45,41,36
47,34,32
69,53,51
35,22,22
15,7,7
18,12,12
32,26,25
22,15,12
62,40,40
140,92,95
134,67,72
149,92,93
109,71,69
19,7,6
24,20,20
41,35,32
20,15,13
67,62,61
82,78,77
47,41,41
61,52,53
108,99,100
60,53,54
21,16,16
21,16,14
48,43,41
41,35,33
43,36,34
117,109,106
86,77,75
48,38,40
46,38,36
39,35,31
57,55,47
137,134,127
229,227,223
238,231,223
232,229,225
162,182,198
27,73,117
6,67,116
7,69,116
11,68,115
16,69,115
29,77,117
50,90,133
77,114,153
107,136,167
133,153,179
149,164,187
154,169,192
156,168,193
157,168,194
155,167,193
151,164,189
145,157,182
135,152,177
124,141,167
134,141,163
236,240,244
253,255,254
254,254,254
255,255,255
255,255,255
255,255,255
255,255,255
255,255,255
255,255,255
255,255,255
255,255,255
255,255,255
255,255,255
255,255,255
255,255,255
255,255,255
255,255,255
255,255,255
255,255,255
255,255,255
255,255,255
255,255,255
255,255,255
255,255,255
255,255,255
255,255,255
255,255,255
255,255,255
255,255,255
255,255,255
255,255,255
255,255,255
255,255,255
255,255,255
255,255,255
255,255,255
255,255,255
255,255,255
255,255,255
255,255,255
255,255,255
255,255,255
255,255,255
255,255,255
255,255,255
255,255,255
255,255,255
255,255,255
255,255,255
255,255,255
255,255,255
255,255,255
255,255,255
255,255,255
255,255,255
255,255,255
255,255,255
255,255,255
255,255,255
255,255,255
255,255,255
255,255,255
255,255,255
255,255,255
255,255,255
255,255,255
255,255,255
255,255,255
255,255,255
255,255,255
255,255,255
255,255,255
255,255,255
255,255,255
255,255,255
255,255,255
255,255,255
255,255,255
255,255,255
255,255,255
255,255,255
255,255,255
255,255,255
255,255,255
255,255,255
255,255,255
255,255,255
255,255,255
255,255,255
255,255,255
255,255,255
255,255,255
255,255,255
255,255,255
255,255,255
254,255,254
251,254,253
252,253,254
252,255,255
245,240,240
211,157,162
200,155,167
189,161,179
181,163,181
171,166,183
162,168,187
160,167,187
158,167,186
150,164,187
135,153,183
112,136,170
83,113,150
58,92,132
35,73,120
23,66,117
14,65,114
14,64,113
11,66,110
3,61,111
103,136,163
225,213,212
192,193,193
185,189,191
135,133,130
79,71,78
78,67,69
76,66,62
86,71,62
63,44,30
74,55,26
83,62,21
104,82,22
145,119,32
194,169,49
193,168,48
128,130,86
120,136,132
241,245,241
111,92,93
56,25,28
66,47,46
60,44,44
58,42,43
74,59,58
51,40,41
40,31,32
36,28,31
25,22,21
22,15,12
62,38,39
113,65,69
104,36,43
118,57,61
76,40,39
68,50,52
66,57,58
57,51,49
60,53,52
78,70,71
67,63,63
0,1,0
22,18,17
64,53,55
60,52,52
28,23,23
26,24,21
35,30,27
19,12,12
10,5,5
37,34,32
33,30,28
13,8,8
13,9,7
32,26,26
28,21,19
46,39,32
153,143,136
248,237,232
227,228,231
221,226,223
107,133,157
3,61,112
9,67,117
12,66,114
18,65,115
32,73,122
55,88,135
81,111,150
111,137,166
134,154,179
148,164,185
153,167,190
156,167,191
160,166,190
160,164,186
164,162,180
166,158,173
171,155,170
186,145,159
195,150,163
237,241,242
251,254,253
254,254,254
255,255,255
255,255,255
255,255,255
255,255,255
255,255,255
255,255,255
255,255,255
255,255,255
255,255,255
255,255,255
255,255,255
255,255,255
255,255,255
255,255,255
255,255,255
255,255,255
255,255,255
255,255,255
255,255,255
255,255,255
255,255,255
255,255,255
255,255,255
255,255,255
255,255,255
255,255,255
255,255,255
255,255,255
255,255,255
255,255,255
255,255,255
255,255,255
255,255,255
255,255,255
255,255,255
255,255,255
255,255,255
255,255,255
255,255,255
255,255,255
255,255,255
255,255,255
255,255,255
255,255,255
255,255,255
255,255,255
255,255,255
255,255,255
255,255,255
255,255,255
255,255,255
255,255,255
255,255,255
255,255,255
255,255,255
255,255,255
255,255,255
255,255,255
255,255,255
255,255,255
255,255,255
255,255,255
255,255,255
255,255,255
255,255,255
255,255,255
255,255,255
255,255,255
255,255,255
255,255,255
255,255,255
255,255,255
255,255,255
255,255,255
255,255,255
255,255,255
255,255,255
255,255,255
255,255,255
255,255,255
255,255,255
255,255,255
255,255,255
255,255,255
255,255,255
255,255,255
255,255,255
255,255,255
255,255,255
255,255,255
255,255,255
255,255,255
254,255,255
250,254,255
251,254,255
252,254,255
246,240,240
229,162,157
239,159,151
242,171,164
239,178,170
236,181,177
228,181,180
217,178,183
204,177,184
187,171,186
164,159,179
134,141,161
95,113,143
61,88,135
36,70,119
23,62,116
12,59,114
8,61,114
11,60,120
19,55,112
173,183,201
210,212,209
192,188,192
168,168,172
88,81,80
83,73,72
59,48,47
57,45,47
71,60,61
55,45,47
66,56,61
65,54,62
54,37,42
60,43,40
98,92,77
146,132,80
187,162,64
217,217,178
198,201,193
52,41,39
69,58,56
41,37,34
29,24,22
65,60,59
88,82,82
37,30,30
31,22,22
31,24,24
15,13,13
54,49,48
82,71,69
50,29,28
44,12,13
51,25,25
45,32,30
45,35,35
14,7,7
10,4,3
57,51,48
66,57,55
51,43,43
12,8,8
24,20,19
29,23,21
66,61,58
27,22,19
62,50,44
94,88,80
30,28,24
31,24,24
66,57,57
68,63,60
35,31,28
23,20,18
37,32,32
73,68,66
91,82,78
85,73,68
213,206,201
227,237,232
225,224,212
172,178,189
19,68,111
13,62,109
17,60,111
19,61,112
28,71,118
51,85,129
84,109,146
116,133,162
146,152,176
166,166,183
181,172,184
193,175,181
203,177,179
215,177,179
231,172,176
242,165,170
246,159,160
245,148,142
235,151,151
241,241,233
251,253,253
254,254,254
255,255,255
255,255,255
255,255,255
255,255,255
255,255,255
255,255,255
255,255,255
255,255,255
255,255,255
255,255,255
255,255,255
255,255,255
255,255,255
255,255,255
255,255,255
255,255,255
255,255,255
255,255,255
255,255,255
255,255,255
255,255,255
255,255,255
255,255,255
255,255,255
255,255,255
255,255,255
255,255,255
255,255,255
255,255,255
255,255,255
255,255,255
255,255,255
255,255,255
255,255,255
255,255,255
255,255,255
255,255,255
255,255,255
255,255,255
255,255,255
255,255,255
255,255,255
255,255,255
255,255,255
255,255,255
255,255,255
255,255,255
255,255,255
255,255,255
255,255,255
255,255,255
255,255,255
255,255,255
255,255,255
255,255,255
255,255,255
255,255,255
255,255,255
255,255,255
255,255,255
255,255,255
255,255,255
255,255,255
255,255,255
255,255,255
255,255,255
255,255,255
255,255,255
255,255,255
255,255,255
255,255,255
255,255,255
255,255,255
255,255,255
255,255,255
255,255,255
255,255,255
255,255,255
255,255,255
255,255,255
255,255,255
255,255,255
255,255,255
255,255,255
255,255,255
255,255,255
255,255,255
255,255,255
255,255,255
255,255,255
255,255,255
255,255,255
254,255,255
250,253,255
252,253,255
253,255,255
246,241,237
231,163,157
242,160,150
244,170,160
244,179,169
243,184,177
243,187,178
244,190,173
245,191,171
246,186,172
242,176,166
237,162,149
218,140,131
193,115,111
166,97,96
135,84,98
105,75,99
85,68,95
63,65,102
50,69,94
193,203,205
205,214,208
195,195,188
141,136,133
97,91,89
54,44,44
76,64,64
114,102,102
108,97,97
107,98,97
117,108,108
75,63,71
54,42,51
101,93,97
98,95,91
41,29,35
47,37,35
226,225,209
175,167,174
56,43,49
50,42,41
28,25,23
14,11,11
11,8,9
22,16,16
45,36,34
82,72,68
35,29,26
25,23,21
43,40,39
66,57,57
29,21,20
53,44,43
68,59,59
27,23,22
23,19,19
15,9,10
10,4,2
59,50,49
90,80,79
74,64,64
41,35,35
32,28,26
31,26,23
77,61,60
137,106,105
181,110,109
111,62,57
39,21,18
56,51,49
61,59,55
44,40,37
56,52,49
87,83,81
80,76,75
53,49,47
57,54,50
85,79,74
154,145,142
236,238,234
217,224,216
183,187,193
56,70,118
48,56,101
72,63,97
93,70,98
117,82,102
152,103,112
183,129,130
207,149,148
228,170,163
236,181,170
245,181,174
248,180,177
247,179,175
247,178,170
246,173,163
243,168,158
236,162,154
232,150,142
230,150,153
243,240,236
251,253,254
253,254,254
255,255,255
255,255,255
255,255,255
255,255,255
255,255,255
255,255,255
255,255,255
255,255,255
255,255,255
255,255,255
255,255,255
255,255,255
255,255,255
255,255,255
255,255,255
255,255,255
255,255,255
255,255,255
255,255,255
255,255,255
255,255,255
255,255,255
255,255,255
255,255,255
255,255,255
255,255,255
255,255,255
255,255,255
255,255,255
255,255,255
255,255,255
255,255,255
255,255,255
255,255,255
255,255,255
255,255,255
255,255,255
255,255,255
255,255,255
255,255,255
255,255,255
255,255,255
255,255,255
255,255,255
255,255,255
255,255,255
255,255,255
255,255,255
255,255,255
255,255,255
255,255,255
255,255,255
255,255,255
255,255,255
255,255,255
255,255,255
255,255,255
255,255,255
255,255,255
255,255,255
255,255,255
255,255,255
255,255,255
255,255,255
255,255,255
255,255,255
255,255,255
255,255,255
255,255,255
255,255,255
255,255,255
255,255,255
255,255,255
255,255,255
255,255,255
255,255,255
255,255,255
255,255,255
255,255,255
255,255,255
255,255,255
255,255,255
255,255,255
255,255,255
255,255,255
255,255,255
255,255,255
255,255,255
255,255,255
255,255,255
255,255,255
255,255,255
254,254,255
251,253,255
252,253,255
252,255,255
245,241,234
235,166,158
244,164,155
247,173,164
248,179,170
249,182,172
249,185,175
249,187,176
249,187,177
249,183,174
250,175,162
245,164,142
243,145,124
246,126,104
248,111,90
250,101,81
245,101,78
240,100,76
226,97,77
205,90,77
224,194,185
216,225,225
199,195,201
126,124,122
50,44,40
19,13,12
51,42,40
80,69,66
69,58,57
62,52,51
50,40,39
70,59,59
35,26,25
54,47,46
81,67,79
54,42,51
4,6,5
177,173,176
92,91,88
12,6,5
20,9,8
58,50,50
43,37,39
52,46,47
90,81,83
75,64,63
112,100,95
18,12,10
15,13,11
50,47,45
15,8,8
16,11,9
73,68,65
118,112,110
22,15,15
7,3,3
14,9,10
24,16,14
36,27,25
30,19,19
39,29,29
28,22,22
21,17,15
65,58,54
132,110,105
182,137,135
144,70,71
78,25,23
56,27,25
82,70,67
64,54,54
59,52,51
20,14,14
53,47,48
20,16,17
35,33,33
57,58,53
73,73,68
136,126,124
234,228,228
204,216,224
176,168,163
198,92,75
215,90,74
224,93,77
230,97,78
238,105,85
241,118,97
245,135,114
247,152,137
248,169,158
247,176,170
248,179,173
244,180,174
243,178,172
244,176,169
242,172,165
239,166,161
239,156,154
239,144,140
231,148,146
244,240,230
252,253,249
253,254,251
255,255,255
255,255,255
255,255,255
255,255,255
255,255,255
255,255,255
255,255,255
255,255,255
255,255,255
255,255,255
255,255,255
255,255,255
255,255,255
255,255,255
255,255,255
255,255,255
255,255,255
255,255,255
255,255,255
255,255,255
255,255,255
255,255,255
255,255,255
255,255,255
255,255,255
255,255,255
255,255,255
255,255,255
255,255,255
255,255,255
255,255,255
255,255,255
255,255,255
255,255,255
255,255,255
255,255,255
255,255,255
255,255,255
255,255,255
255,255,255
255,255,255
255,255,255
255,255,255
255,255,255
255,255,255
255,255,255
255,255,255
255,255,255
255,255,255
255,255,255
255,255,255
255,255,255
255,255,255
255,255,255
255,255,255
255,255,255
255,255,255
255,255,255
255,255,255
255,255,255
255,255,255
255,255,255
255,255,255
255,255,255
255,255,255
255,255,255
255,255,255
255,255,255
255,255,255
255,255,255
255,255,255
255,255,255
255,255,255
255,255,255
255,255,255
255,255,255
255,255,255
255,255,255
255,255,255
255,255,255
255,255,255
255,255,255
255,255,255
255,255,255
255,255,255
255,255,255
255,255,255
255,255,255
255,255,255
255,255,255
255,255,255
255,255,255
254,255,255
250,254,255
252,253,254
252,255,254
245,242,234
235,168,159
246,167,153
246,176,161
246,183,167
247,186,173
247,186,176
249,188,178
249,188,178
250,183,174
248,176,163
244,164,140
242,145,122
240,126,104
240,111,85
243,100,74
241,100,69
237,100,67
235,97,69
235,89,61
225,149,136
233,241,245
214,208,220
160,157,156
77,73,72
57,53,51
64,58,54
43,33,28
44,36,33
24,16,14
25,15,14
46,36,35
59,52,50
67,60,60
85,73,78
41,36,29
9,7,8
25,18,23
58,54,50
71,65,61
54,45,43
82,73,72
81,74,74
18,12,12
43,35,35
71,59,58
40,28,24
10,3,2
9,7,5
31,27,25
35,26,24
19,12,9
31,23,21
24,15,14
14,6,5
18,14,13
59,53,52
88,82,81
84,76,77
66,57,57
68,59,57
45,37,37
38,34,32
66,61,57
39,28,23
59,42,38
71,46,45
56,40,37
59,52,49
55,47,47
60,47,51
45,39,40
7,3,2
52,48,47
52,49,48
14,13,12
34,31,30
56,54,49
154,154,150
220,222,216
187,187,195
186,135,125
227,90,66
237,88,65
239,90,65
234,94,66
233,101,74
239,113,95
244,132,117
247,149,139
245,166,156
245,176,162
245,179,168
243,179,172
241,178,170
241,175,167
239,170,164
237,165,160
233,158,152
234,145,137
229,148,142
244,240,230
251,253,250
253,254,252
255,255,255
255,255,255
255,255,255
255,255,255
255,255,255
255,255,255
255,255,255
255,255,255
255,255,255
255,255,255
255,255,255
255,255,255
255,255,255
255,255,255
255,255,255
255,255,255
255,255,255
255,255,255
255,255,255
255,255,255
255,255,255
255,255,255
255,255,255
255,255,255
255,255,255
255,255,255
255,255,255
255,255,255
255,255,255
255,255,255
255,255,255
255,255,255
255,255,255
255,255,255
255,255,255
255,255,255
255,255,255
255,255,255
255,255,255
255,255,255
255,255,255
255,255,255
255,255,255
255,255,255
255,255,255
255,255,255
255,255,255
255,255,255
255,255,255
255,255,255
255,255,255
255,255,255
255,255,255
255,255,255
255,255,255
255,255,255
255,255,255
255,255,255
255,255,255
255,255,255
255,255,255
255,255,255
255,255,255
255,255,255
255,255,255
255,255,255
255,255,255
255,255,255
255,255,255
255,255,255
255,255,255
255,255,255
255,255,255
255,255,255
255,255,255
255,255,255
255,255,255
255,255,255
255,255,255
255,255,255
255,255,255
255,255,255
255,255,255
255,255,255
255,255,255
255,255,255
255,255,255
255,255,255
255,255,255
255,255,255
255,255,255
255,255,255
254,254,255
251,253,255
252,254,252
251,254,251
246,243,234
236,169,159
246,168,160
248,175,167
250,181,172
250,185,175
248,187,175
247,189,175
248,189,176
249,184,173
246,178,163
246,162,144
245,143,121
241,126,100
242,112,84
242,100,77
240,98,74
242,95,77
236,92,76
237,89,64
223,93,70
230,201,186
233,244,236
209,205,204
109,104,104
53,46,46
71,64,63
68,58,57
60,53,51
58,50,48
77,69,67
73,64,62
68,61,57
98,89,89
76,64,63
43,33,29
55,38,41
39,26,27
37,26,24
37,24,24
36,28,26
27,22,19
26,20,18
35,28,25
55,45,44
60,40,41
42,21,23
33,25,26
35,34,35
66,60,61
68,56,57
48,40,38
51,42,41
47,33,34
54,45,44
56,52,52
49,44,44
45,39,39
77,71,71
41,35,35
68,61,60
25,19,19
23,19,18
52,48,47
33,28,27
46,41,41
37,30,32
66,60,61
45,43,43
19,20,20
5,5,7
10,9,9
22,18,17
37,32,31
24,21,20
11,11,8
10,6,9
65,62,60
182,186,183
189,198,199
183,161,152
213,102,84
237,85,64
237,87,66
237,89,69
235,93,72
234,100,78
239,114,95
241,133,113
243,151,138
240,166,159
242,177,168
243,179,171
244,178,172
243,177,169
242,174,164
242,168,160
241,163,158
236,155,151
235,142,137
229,145,146
246,239,237
252,253,255
253,255,254
255,255,255
255,255,255
255,255,255
255,255,255
255,255,255
255,255,255
255,255,255
255,255,255
255,255,255
255,255,255
255,255,255
255,255,255
255,255,255
255,255,255
255,255,255
255,255,255
255,255,255
255,255,255
255,255,255
255,255,255
255,255,255
255,255,255
255,255,255
255,255,255
255,255,255
255,255,255
255,255,255
255,255,255
255,255,255
255,255,255
255,255,255
255,255,255
255,255,255
255,255,255
255,255,255
255,255,255
255,255,255
255,255,255
255,255,255
255,255,255
255,255,255
255,255,255
255,255,255
255,255,255
255,255,255
255,255,255
255,255,255
255,255,255
255,255,255
255,255,255
255,255,255
255,255,255
255,255,255
255,255,255
255,255,255
255,255,255
255,255,255
255,255,255
255,255,255
255,255,255
255,255,255
255,255,255
255,255,255
255,255,255
255,255,255
255,255,255
255,255,255
255,255,255
255,255,255
255,255,255
255,255,255
255,255,255
255,255,255
255,255,255
255,255,255
255,255,255
255,255,255
255,255,255
255,255,255
255,255,255
255,255,255
255,255,255
255,255,255
255,255,255
255,255,255
255,255,255
255,255,255
255,255,255
255,255,255
255,255,255
255,255,255
255,255,255
254,254,255
252,253,255
252,254,251
251,254,249
247,243,236
238,171,159
247,170,158
250,176,167
250,182,173
248,185,175
248,188,175
248,190,176
248,189,175
250,183,172
248,176,164
247,161,144
247,142,122
244,125,103
244,111,87
241,100,77
238,97,73
240,93,71
236,91,68
237,85,63
222,80,59
206,95,90
235,213,207
240,247,244
221,219,222
157,156,156
70,67,66
13,11,9
29,22,20
76,66,66
87,77,77
56,43,42
30,13,13
69,44,44
150,113,115
195,135,140
130,70,75
70,31,31
42,27,24
49,39,37
34,28,25
38,33,31
68,63,60
43,38,35
59,57,53
53,48,46
37,30,28
35,36,30
56,50,41
97,76,67
73,53,50
46,34,33
34,26,24
39,28,27
74,64,63
59,54,54
44,38,37
5,0,0
23,18,17
55,49,49
34,28,28
42,37,37
48,45,44
57,51,51
54,43,44
33,23,24
12,2,4
37,31,29
54,50,48
15,12,13
13,12,13
26,22,23
55,49,49
64,58,59
5,2,2
20,20,19
101,99,99
193,188,194
194,197,192
178,170,166
207,108,108
223,86,64
234,87,64
234,89,65
235,90,67
236,92,72
236,100,81
239,112,94
241,131,110
244,150,137
241,166,157
243,176,166
245,178,172
245,178,173
243,175,169
242,173,167
241,168,162
240,163,159
237,154,150
234,142,135
229,146,145
245,240,236
253,253,255
253,255,254
255,255,255
255,255,255
255,255,255
255,255,255
255,255,255
255,255,255
255,255,255
255,255,255
255,255,255
255,255,255
255,255,255
255,255,255
255,255,255
255,255,255
255,255,255
255,255,255
255,255,255
255,255,255
255,255,255
255,255,255
255,255,255
255,255,255
255,255,255
255,255,255
255,255,255
255,255,255
255,255,255
255,255,255
255,255,255
255,255,255
255,255,255
255,255,255
255,255,255
255,255,255
255,255,255
255,255,255
255,255,255
255,255,255
255,255,255
255,255,255
255,255,255
255,255,255
255,255,255
255,255,255
255,255,255
255,255,255
255,255,255
255,255,255
255,255,255
255,255,255
255,255,255
255,255,255
255,255,255
255,255,255
255,255,255
255,255,255
255,255,255
255,255,255
255,255,255
255,255,255
255,255,255
255,255,255
255,255,255
255,255,255
255,255,255
255,255,255
255,255,255
255,255,255
255,255,255
255,255,255
255,255,255
255,255,255
255,255,255
255,255,255
255,255,255
255,255,255
255,255,255
255,255,255
255,255,255
255,255,255
255,255,255
255,255,255
255,255,255
255,255,255
255,255,255
255,255,255
255,255,255
255,255,255
255,255,255
255,255,255
255,255,255
255,255,255
254,254,255
252,253,254
253,254,251
252,254,249
247,243,236
237,173,162
249,171,160
250,176,167
250,182,173
247,186,175
247,188,175
249,189,176
247,189,177
249,184,173
248,177,165
246,161,145
246,142,123
245,124,103
245,110,87
240,99,77
236,95,71
239,89,67
239,85,65
235,82,62
217,78,59
182,61,49
201,91,87
234,219,210
245,250,252
235,239,238
195,195,194
87,93,89
34,25,25
25,15,15
35,24,23
29,14,14
59,39,40
106,68,71
117,67,70
102,54,50
73,34,28
61,41,36
60,54,50
65,60,57
39,33,31
37,30,28
68,62,59
69,63,61
41,36,33
20,14,14
11,4,4
84,63,59
164,115,102
147,72,60
83,26,21
59,29,30
45,33,31
42,33,31
63,53,51
61,52,51
34,26,24
37,30,28
62,54,53
75,66,67
56,48,48
28,22,22
13,8,8
52,45,45
63,54,55
47,38,40
42,34,34
40,34,31
51,48,45
16,13,12
6,4,1
9,5,3
42,36,36
81,76,77
81,79,80
162,164,163
205,204,203
193,187,198
172,167,162
204,107,93
230,80,71
235,85,63
236,87,62
234,89,65
234,90,66
234,92,70
236,99,79
237,111,92
240,131,111
243,149,138
241,164,156
242,174,166
244,177,170
243,176,170
241,174,168
240,171,167
239,166,161
239,160,157
236,152,150
235,140,135
228,146,144
245,240,236
254,253,255
253,255,255
255,255,255
255,255,255
255,255,255
255,255,255
255,255,255
255,255,255
255,255,255
255,255,255
255,255,255
255,255,255
255,255,255
255,255,255
255,255,255
255,255,255
255,255,255
255,255,255
255,255,255
255,255,255
255,255,255
255,255,255
255,255,255
255,255,255
255,255,255
255,255,255
255,255,255
255,255,255
255,255,255
255,255,255
255,255,255
255,255,255
255,255,255
255,255,255
255,255,255
255,255,255
255,255,255
255,255,255
255,255,255
255,255,255
255,255,255
255,255,255
255,255,255
255,255,255
255,255,255
255,255,255
255,255,255
255,255,255
255,255,255
255,255,255
255,255,255
255,255,255
255,255,255
255,255,255
255,255,255
255,255,255
255,255,255
255,255,255
255,255,255
255,255,255
255,255,255
255,255,255
255,255,255
255,255,255
255,255,255
255,255,255
255,255,255
255,255,255
255,255,255
255,255,255
255,255,255
255,255,255
255,255,255
255,255,255
255,255,255
255,255,255
255,255,255
255,255,255
255,255,255
255,255,255
255,255,255
255,255,255
255,255,255
255,255,255
255,255,255
255,255,255
255,255,255
255,255,255
255,255,255
255,255,255
255,255,255
255,255,255
255,255,255
255,255,255
254,254,254
252,254,253
253,254,252
253,254,251
248,244,238
238,174,163
247,169,158
249,176,167
250,182,173
247,185,175
247,188,175
249,189,176
247,188,177
248,184,173
247,177,164
245,160,144
247,141,122
245,123,103
244,108,84
240,98,75
236,94,69
238,86,64
231,85,62
231,80,60
224,75,60
190,64,47
189,53,41
213,137,129
229,235,230
243,242,243
247,251,250
240,248,244
214,205,206
152,143,143
86,78,77
64,55,54
84,74,73
66,54,51
44,30,25
37,21,16
58,40,36
55,49,45
19,18,16
25,20,18
39,31,29
46,36,35
29,19,18
60,51,50
68,59,59
42,34,35
30,20,20
134,97,96
219,148,139
201,109,99
116,28,29
72,18,24
67,49,47
72,62,59
53,42,40
43,32,32
58,48,47
71,62,60
25,16,14
12,2,1
30,21,20
58,50,51
32,23,24
24,15,16
20,12,12
42,33,34
62,55,55
46,41,40
8,4,2
13,9,6
33,29,26
66,62,59
123,118,118
169,168,167
206,207,206
196,199,198
169,177,174
151,163,163
191,119,115
236,78,57
238,83,60
234,87,64
234,86,63
234,88,64
234,90,66
233,92,69
235,98,77
235,108,90
238,129,109
242,146,136
240,162,155
241,172,165
243,176,169
241,174,168
239,173,168
239,169,166
239,167,161
239,161,157
235,153,148
234,141,135
228,145,145
245,240,236
253,252,255
253,255,254
255,255,255
255,255,255
255,255,255
255,255,255
255,255,255
255,255,255
255,255,255
255,255,255
255,255,255
255,255,255
255,255,255
255,255,255
255,255,255
255,255,255
255,255,255
255,255,255
255,255,255
255,255,255
255,255,255
255,255,255
255,255,255
255,255,255
255,255,255
255,255,255
255,255,255
255,255,255
255,255,255
255,255,255
255,255,255
255,255,255
255,255,255
255,255,255
255,255,255
255,255,255
255,255,255
255,255,255
255,255,255
255,255,255
255,255,255
255,255,255
255,255,255
255,255,255
255,255,255
255,255,255
255,255,255
255,255,255
255,255,255
255,255,255
255,255,255
255,255,255
255,255,255
255,255,255
255,255,255
255,255,255
255,255,255
255,255,255
255,255,255
255,255,255
255,255,255
255,255,255
255,255,255
255,255,255
255,255,255
255,255,255
255,255,255
255,255,255
255,255,255
255,255,255
255,255,255
255,255,255
255,255,255
255,255,255
255,255,255
255,255,255
255,255,255
255,255,255
255,255,255
255,255,255
255,255,255
255,255,255
255,255,255
255,255,255
255,255,255
255,255,255
255,255,255
255,255,255
255,255,255
255,255,255
255,255,255
255,255,255
255,255,255
255,255,255
254,254,255
251,254,254
252,254,251
252,255,251
248,244,237
237,174,162
247,169,157
249,176,166
250,182,172
248,185,175
247,188,174
248,190,175
247,188,176
248,184,172
247,177,164
245,160,144
246,141,122
243,123,102
242,106,82
238,95,72
236,92,67
233,86,63
226,83,61
225,77,57
231,67,55
214,63,53
187,51,40
194,76,69
231,207,199
227,231,229
235,231,229
238,244,240
252,249,251
255,253,254
244,243,243
220,220,218
195,195,194
118,118,116
65,67,63
61,49,49
62,44,47
77,64,64
37,31,28
22,16,14
24,15,14
41,30,30
42,30,29
40,30,29
48,43,43
46,46,42
13,11,9
67,40,39
157,107,99
170,112,99
125,61,52
79,41,39
67,53,50
63,53,49
43,32,30
28,18,16
21,11,9
46,36,34
54,44,43
66,57,56
82,72,71
81,74,74
28,23,23
35,30,30
61,54,54
56,51,51
32,29,29
58,57,57
92,91,90
121,120,116
173,172,168
204,204,200
207,208,207
193,195,194
175,177,177
159,161,162
147,156,158
168,142,137
222,90,75
236,80,57
236,84,59
233,87,65
233,87,65
234,88,64
233,89,65
231,90,68
233,96,77
234,107,91
237,126,111
240,144,135
240,161,155
240,170,166
241,175,169
241,174,168
239,171,168
239,169,165
237,166,160
237,160,158
234,153,149
233,140,134
228,145,144
245,240,236
253,252,255
253,255,254
255,255,255
255,255,255
255,255,255
255,255,255
255,255,255
255,255,255
255,255,255
255,255,255
255,255,255
255,255,255
255,255,255
255,255,255
255,255,255
255,255,255
255,255,255
255,255,255
255,255,255
255,255,255
255,255,255
255,255,255
255,255,255
255,255,255
255,255,255
255,255,255
255,255,255
255,255,255
255,255,255
255,255,255
255,255,255
255,255,255
255,255,255
255,255,255
255,255,255
255,255,255
255,255,255
255,255,255
255,255,255
255,255,255
255,255,255
255,255,255
255,255,255
255,255,255
255,255,255
255,255,255
255,255,255
255,255,255
255,255,255
255,255,255
255,255,255
255,255,255
255,255,255
255,255,255
255,255,255
255,255,255
255,255,255
255,255,255
255,255,255
255,255,255
255,255,255
255,255,255
255,255,255
255,255,255
255,255,255
255,255,255
255,255,255
255,255,255
255,255,255
255,255,255
255,255,255
255,255,255
255,255,255
255,255,255
255,255,255
255,255,255
255,255,255
255,255,255
255,255,255
255,255,255
255,255,255
255,255,255
255,255,255
255,255,255
255,255,255
255,255,255
255,255,255
255,255,255
255,255,255
255,255,255
255,255,255
255,255,255
255,255,255
255,255,255
254,255,254
250,254,254
251,255,251
252,255,250
248,244,236
238,173,162
247,169,158
250,176,166
250,182,171
249,185,172
247,189,175
248,190,176
247,188,176
248,184,172
247,177,164
247,159,144
244,141,122
241,122,101
240,104,82
237,92,72
233,88,66
230,83,62
230,76,60
230,70,55
222,69,53
219,65,57
196,54,49
195,48,45
212,139,140
240,241,236
235,232,230
221,228,227
229,229,231
232,235,237
241,242,244
247,248,249
249,250,249
254,253,253
244,243,242
222,220,220
191,192,190
169,171,167
137,134,130
98,93,90
88,81,80
84,76,76
46,38,37
19,11,11
6,0,0
10,2,2
60,48,49
70,47,48
60,27,23
66,32,25
75,51,39
90,76,70
86,75,73
69,56,55
44,32,30
43,32,31
67,58,56
74,65,63
85,77,75
63,57,55
56,48,48
86,81,80
71,68,68
108,106,105
145,142,141
169,168,166
182,182,180
198,200,200
213,215,215
213,214,213
200,201,200
182,183,182
163,170,170
155,162,162
155,160,159
156,162,164
163,156,158
203,108,97
230,82,60
231,84,63
229,87,65
234,86,69
235,86,65
235,87,64
233,88,66
230,89,69
232,94,76
234,105,90
237,124,111
239,141,135
239,159,154
239,169,165
240,174,168
241,173,168
239,170,168
238,169,164
237,166,159
238,159,157
234,152,149
232,140,134
227,144,143
247,240,236
253,253,255
253,255,254
255,255,255
255,255,255
255,255,255
255,255,255
255,255,255
255,255,255
255,255,255
255,255,255
255,255,255
255,255,255
255,255,255
255,255,255
255,255,255
255,255,255
255,255,255
255,255,255
255,255,255
255,255,255
255,255,255
255,255,255
255,255,255
255,255,255
255,255,255
255,255,255
255,255,255
255,255,255
255,255,255
255,255,255
255,255,255
255,255,255
255,255,255
255,255,255
255,255,255
255,255,255
255,255,255
255,255,255
255,255,255
255,255,255
255,255,255
255,255,255
255,255,255
255,255,255
255,255,255
255,255,255
255,255,255
255,255,255
255,255,255
255,255,255
255,255,255
255,255,255
255,255,255
255,255,255
255,255,255
255,255,255
255,255,255
255,255,255
255,255,255
255,255,255
255,255,255
255,255,255
255,255,255
255,255,255
255,255,255
255,255,255
255,255,255
255,255,255
255,255,255
255,255,255
255,255,255
255,255,255
255,255,255
255,255,255
255,255,255
255,255,255
255,255,255
255,255,255
255,255,255
255,255,255
255,255,255
255,255,255
255,255,255
255,255,255
255,255,255
255,255,255
255,255,255
255,255,255
255,255,255
255,255,255
255,255,255
255,255,255
255,255,255
255,255,255
254,255,255
250,254,254
250,254,250
252,254,250
248,243,235
240,173,160
247,169,156
250,177,164
250,182,171
248,184,172
247,189,176
249,189,176
248,188,176
245,184,171
248,176,163
249,158,143
243,141,121
239,120,100
239,102,81
235,90,71
231,84,64
229,78,60
227,73,58
228,69,55
224,67,54
221,63,54
207,58,48
185,42,37
194,63,66
235,205,200
236,248,246
238,241,245
237,234,237
228,231,230
225,227,226
225,227,227
230,232,231
236,238,237
241,243,242
247,248,248
250,253,251
251,254,252
253,253,251
250,249,248
240,237,237
225,222,223
211,208,208
190,188,188
171,167,167
155,151,151
166,161,161
155,148,145
146,136,131
142,129,127
138,128,126
144,136,136
150,144,143
134,127,125
134,127,125
140,134,134
171,166,165
180,176,174
176,172,171
187,181,181
200,197,197
206,204,204
219,218,219
224,224,224
217,217,217
211,211,211
202,205,204
190,195,195
177,182,183
170,174,175
166,168,169
166,165,168
157,171,169
170,168,172
169,168,170
157,164,162
181,132,124
222,84,66
237,79,65
234,83,64
229,87,65
234,86,66
235,85,64
234,85,63
232,85,65
231,87,69
232,91,74
233,103,88
237,121,108
239,140,133
238,159,153
238,170,163
241,173,167
241,172,168
238,169,166
237,168,163
239,166,160
238,159,155
234,152,148
232,140,133
228,144,145
248,239,237
254,254,255
253,255,254
255,255,255
255,255,255
255,255,255
255,255,255
255,255,255
255,255,255
255,255,255
255,255,255
255,255,255
255,255,255
255,255,255
255,255,255
255,255,255
255,255,255
255,255,255
255,255,255
255,255,255
255,255,255
255,255,255
255,255,255
255,255,255
255,255,255
255,255,255
255,255,255
255,255,255
255,255,255
255,255,255
255,255,255
255,255,255
255,255,255
255,255,255
255,255,255
255,255,255
255,255,255
255,255,255
255,255,255
255,255,255
255,255,255
255,255,255
255,255,255
255,255,255
255,255,255
255,255,255
255,255,255
255,255,255
255,255,255
255,255,255
255,255,255
255,255,255
255,255,255
255,255,255
255,255,255
255,255,255
255,255,255
255,255,255
255,255,255
255,255,255
255,255,255
255,255,255
255,255,255
255,255,255
255,255,255
255,255,255
255,255,255
255,255,255
255,255,255
255,255,255
255,255,255
255,255,255
255,255,255
255,255,255
255,255,255
255,255,255
255,255,255
255,255,255
255,255,255
255,255,255
255,255,255
255,255,255
255,255,255
255,255,255
255,255,255
255,255,255
255,255,255
255,255,255
255,255,255
255,255,255
255,255,255
255,255,255
255,255,255
255,255,255
255,255,255
254,255,255
250,254,253
251,254,249
253,254,250
250,242,234
241,173,159
246,169,156
250,177,164
250,182,169
248,184,172
247,189,176
249,189,176
250,187,176
246,184,172
249,176,163
248,156,142
241,139,119
238,119,100
238,100,80
233,87,69
229,80,62
227,73,58
226,70,55
224,67,52
223,63,51
220,60,49
214,58,48
189,45,45
191,36,35
207,121,121
243,241,244
242,243,246
244,244,243
241,242,241
237,239,238
232,234,233
227,229,228
224,226,225
223,225,224
222,224,223
223,225,224
227,229,228
230,232,231
234,236,235
240,240,240
242,241,241
242,242,242
244,244,244
247,247,246
246,247,246
241,245,243
239,244,242
240,243,241
240,240,239
241,241,239
239,240,238
238,239,237
237,240,235
236,237,234
234,235,234
229,230,229
225,225,224
222,223,222
218,218,218
211,212,211
204,205,205
197,197,197
190,190,190
182,182,182
176,178,177
174,177,176
171,175,176
171,175,176
174,177,178
177,179,182
176,179,182
172,179,176
172,172,176
166,164,174
168,148,137
205,93,78
229,79,63
234,81,64
233,85,60
232,87,62
236,85,66
236,83,64
234,84,64
233,84,65
229,84,67
230,89,72
232,101,86
235,120,105
237,138,129
238,158,151
240,168,162
241,171,166
240,171,168
238,169,165
238,168,162
240,166,160
238,159,155
234,151,146
233,140,134
229,144,147
247,240,239
253,254,255
253,255,254
255,255,255
255,255,255
255,255,255
255,255,255
255,255,255
255,255,255
255,255,255
255,255,255
255,255,255
255,255,255
255,255,255
255,255,255
255,255,255
255,255,255
255,255,255
255,255,255
255,255,255
255,255,255
255,255,255
255,255,255
255,255,255
255,255,255
255,255,255
255,255,255
255,255,255
255,255,255
255,255,255
255,255,255
255,255,255
255,255,255
255,255,255
255,255,255
255,255,255
255,255,255
255,255,255
255,255,255
255,255,255
255,255,255
255,255,255
255,255,255
255,255,255
255,255,255
255,255,255
255,255,255
255,255,255
255,255,255
255,255,255
255,255,255
255,255,255
255,255,255
255,255,255
255,255,255
255,255,255
255,255,255
255,255,255
255,255,255
255,255,255
255,255,255
255,255,255
255,255,255
255,255,255
255,255,255
255,255,255
255,255,255
255,255,255
255,255,255
255,255,255
255,255,255
255,255,255
255,255,255
255,255,255
255,255,255
255,255,255
255,255,255
255,255,255
255,255,255
255,255,255
255,255,255
255,255,255
255,255,255
255,255,255
255,255,255
255,255,255
255,255,255
255,255,255
255,255,255
255,255,255
255,255,255
255,255,255
255,255,255
255,255,255
255,255,255
254,255,255
250,254,253
251,254,251
252,254,250
249,241,233
241,171,159
247,169,157
249,177,164
250,182,169
248,184,172
246,189,176
250,189,176
251,187,176
249,184,173
248,174,162
247,155,140
239,136,117
237,116,97
237,96,79
231,84,67
226,76,61
227,70,56
225,66,54
224,62,51
221,57,49
221,55,50
220,52,50
207,48,49
181,38,34
195,47,54
228,190,191
240,249,248
246,243,243
245,244,245
244,245,244
245,245,245
244,245,244
242,243,242
238,239,238
232,233,232
227,227,227
223,224,223
220,220,220
217,218,217
216,216,216
216,217,217
216,216,216
216,216,216
215,216,215
215,216,216
214,215,215
213,216,216
212,215,216
210,214,215
213,214,216
213,212,214
210,210,211
207,207,207
202,203,202
198,199,199
196,197,197
192,195,194
188,192,191
186,190,190
185,187,187
185,187,186
185,185,185
184,185,184
186,187,187
189,190,191
191,193,193
191,192,195
191,191,195
189,190,191
184,185,186
176,182,182
177,175,174
161,171,171
155,160,165
194,103,97
227,73,57
233,76,61
234,80,61
232,84,60
233,85,62
236,83,66
235,82,66
233,83,64
232,82,64
229,82,65
230,87,70
231,99,84
233,118,101
236,137,127
239,155,149
240,166,161
240,169,167
239,171,169
237,169,166
238,168,162
240,165,160
239,159,154
234,152,145
233,141,134
227,144,148
246,239,239
253,253,255
254,255,254
255,255,255
255,255,255
255,255,255
255,255,255
255,255,255
255,255,255
255,255,255
255,255,255
255,255,255
255,255,255
255,255,255
255,255,255
255,255,255
255,255,255
255,255,255
255,255,255
255,255,255
255,255,255
255,255,255
255,255,255
255,255,255
255,255,255
255,255,255
255,255,255
255,255,255
255,255,255
255,255,255
255,255,255
255,255,255
255,255,255
255,255,255
255,255,255
255,255,255
255,255,255
255,255,255
255,255,255
255,255,255
255,255,255
255,255,255
255,255,255
255,255,255
255,255,255
255,255,255
255,255,255
255,255,255
255,255,255
255,255,255
255,255,255
255,255,255
255,255,255
255,255,255
255,255,255
255,255,255
255,255,255
255,255,255
255,255,255
255,255,255
255,255,255
255,255,255
255,255,255
255,255,255
255,255,255
255,255,255
255,255,255
255,255,255
255,255,255
255,255,255
255,255,255
255,255,255
255,255,255
255,255,255
255,255,255
255,255,255
255,255,255
255,255,255
255,255,255
255,255,255
255,255,255
255,255,255
255,255,255
255,255,255
255,255,255
255,255,255
255,255,255
255,255,255
255,255,255
255,255,255
255,255,255
255,255,255
255,255,255
255,255,255
255,255,255
254,255,255
250,254,254
251,255,251
252,254,250
249,241,232
241,170,158
248,169,157
249,176,164
249,181,168
248,184,171
247,189,175
250,189,176
251,188,176
247,185,172
247,173,160
247,154,139
238,136,115
235,114,95
235,93,76
229,78,63
225,72,59
225,66,55
224,63,52
222,59,50
219,56,49
219,52,51
218,49,50
216,48,48
186,41,43
185,31,37
200,93,96
237,232,232
244,243,243
245,245,246
246,246,246
246,247,246
246,246,246
246,246,246
245,245,245
244,244,244
242,242,242
240,240,240
237,236,236
234,233,233
231,231,231
227,229,228
226,226,226
223,223,223
220,221,220
215,217,216
215,214,215
214,211,213
211,211,212
209,210,211
209,209,210
208,207,208
206,206,206
204,204,204
203,203,204
203,204,205
202,203,205
202,203,205
202,203,205
202,203,205
202,204,203
201,203,202
202,203,202
201,203,202
200,202,201
200,200,200
198,197,201
195,194,199
191,191,196
187,188,191
181,181,181
175,176,175
170,169,173
161,162,160
174,121,113
218,68,65
229,72,58
231,75,61
231,79,61
233,81,61
234,82,63
234,83,65
233,82,65
232,81,63
231,79,61
228,80,63
229,85,69
230,96,82
231,115,99
233,135,127
237,153,149
239,164,161
239,168,166
239,170,169
238,169,166
238,168,162
240,165,160
240,159,154
234,154,145
233,141,134
224,140,147
247,239,236
253,254,254
253,255,254
255,255,255
255,255,255
255,255,255
255,255,255
255,255,255
255,255,255
255,255,255
255,255,255
255,255,255
255,255,255
255,255,255
255,255,255
255,255,255
255,255,255
255,255,255
255,255,255
255,255,255
255,255,255
255,255,255
255,255,255
255,255,255
255,255,255
255,255,255
255,255,255
255,255,255
255,255,255
255,255,255
255,255,255
255,255,255
255,255,255
255,255,255
255,255,255
255,255,255
255,255,255
255,255,255
255,255,255
255,255,255
255,255,255
255,255,255
255,255,255
255,255,255
255,255,255
255,255,255
255,255,255
255,255,255
255,255,255
255,255,255
255,255,255
255,255,255
255,255,255
255,255,255
255,255,255
255,255,255
255,255,255
255,255,255
255,255,255
255,255,255
255,255,255
255,255,255
255,255,255
255,255,255
255,255,255
255,255,255
255,255,255
255,255,255
255,255,255
255,255,255
255,255,255
255,255,255
255,255,255
255,255,255
255,255,255
255,255,255
255,255,255
255,255,255
255,255,255
255,255,255
255,255,255
255,255,255
255,255,255
255,255,255
255,255,255
255,255,255
255,255,255
255,255,255
255,255,255
255,255,255
255,255,255
255,255,255
255,255,255
255,255,255
255,255,255
254,255,255
250,253,254
250,255,251
252,254,252
248,241,232
240,171,155
247,169,156
249,176,164
249,182,169
247,185,171
246,189,174
250,189,176
251,187,177
247,184,173
245,173,161
246,153,139
238,133,115
234,111,93
232,89,73
228,75,61
224,70,58
223,63,53
223,60,52
220,57,50
218,54,50
217,51,50
216,47,48
215,45,46
205,43,52
179,35,42
186,31,37
217,145,144
240,244,245
244,242,246
247,244,246
246,246,245
246,246,245
246,246,246
246,246,246
246,245,246
245,245,245
245,244,245
244,244,244
242,242,242
241,241,241
240,240,240
240,240,240
238,238,238
234,237,236
231,234,233
232,232,232
232,231,230
229,230,227
226,228,224
224,226,223
223,224,223
222,223,222
220,220,220
217,219,219
216,217,219
216,217,219
216,217,219
214,215,217
212,213,215
210,212,213
208,210,210
207,209,208
206,207,207
204,206,206
200,202,203
196,197,199
192,192,195
189,186,189
184,182,183
176,178,177
169,171,171
154,167,166
170,131,132
214,63,61
230,60,55
218,73,64
225,75,64
230,77,65
234,79,63
236,81,63
233,82,63
231,81,63
230,79,60
229,78,59
226,78,61
228,82,68
231,94,81
232,113,98
231,133,126
234,152,148
237,163,159
238,168,164
239,170,168
238,169,165
238,169,163
241,166,161
241,161,156
236,155,147
233,140,133
222,136,143
247,238,235
253,254,254
253,255,254
255,255,255
255,255,255
255,255,255
255,255,255
255,255,255
255,255,255
255,255,255
255,255,255
255,255,255
255,255,255
255,255,255
255,255,255
255,255,255
255,255,255
255,255,255
255,255,255
255,255,255
255,255,255
255,255,255
255,255,255
255,255,255
255,255,255
255,255,255
255,255,255
255,255,255
255,255,255
255,255,255
255,255,255
255,255,255
255,255,255
255,255,255
255,255,255
255,255,255
255,255,255
255,255,255
255,255,255
255,255,255
255,255,255
255,255,255
255,255,255
255,255,255
255,255,255
255,255,255
255,255,255
255,255,255
255,255,255
255,255,255
255,255,255
255,255,255
255,255,255
255,255,255
255,255,255
255,255,255
255,255,255
255,255,255
255,255,255
255,255,255
255,255,255
255,255,255
255,255,255
255,255,255
255,255,255
255,255,255
255,255,255
255,255,255
255,255,255
255,255,255
255,255,255
255,255,255
255,255,255
255,255,255
255,255,255
255,255,255
255,255,255
255,255,255
255,255,255
255,255,255
255,255,255
255,255,255
255,255,255
255,255,255
255,255,255
255,255,255
255,255,255
255,255,255
255,255,255
255,255,255
255,255,255
255,255,255
255,255,255
255,255,255
255,255,255
254,255,255
251,254,254
250,254,253
251,254,254
247,241,232
240,171,158
248,169,156
250,175,164
248,182,171
247,187,174
247,189,175
249,189,178
251,186,178
248,180,172
244,170,160
243,152,139
238,129,111
234,106,91
230,86,72
225,74,60
220,67,54
222,61,51
222,58,52
219,55,52
217,51,50
217,49,49
216,46,47
215,44,48
217,40,52
194,40,51
185,30,41
187,48,59
224,181,183
244,245,246
242,243,244
242,243,242
245,245,244
247,244,246
245,244,247
245,244,245
245,243,244
244,242,243
244,243,243
243,243,243
243,243,243
241,241,241
241,241,241
240,240,240
237,239,238
234,237,236
233,236,235
233,235,233
233,234,233
231,233,232
228,230,229
226,229,227
226,228,227
225,227,226
222,224,223
219,221,221
218,220,219
217,218,218
214,216,216
214,215,215
211,213,214
211,212,214
209,210,211
207,209,211
203,205,207
196,200,201
190,194,194
187,186,188
181,181,182
178,179,177
171,172,175
161,165,167
160,139,138
198,64,75
224,50,51
219,61,55
221,68,62
227,73,63
230,76,65
233,79,65
235,80,63
232,80,62
229,79,62
229,78,60
227,76,57
226,75,61
226,79,67
229,90,79
232,111,97
233,134,126
235,150,148
239,163,159
240,169,166
240,171,167
240,171,166
238,170,163
240,167,160
240,161,156
237,156,149
235,141,132
222,136,139
247,237,238
252,253,254
253,255,254
255,255,255
255,255,255
255,255,255
255,255,255
255,255,255
255,255,255
255,255,255
255,255,255
255,255,255
255,255,255
255,255,255
255,255,255
255,255,255
255,255,255
255,255,255
255,255,255
255,255,255
255,255,255
255,255,255
255,255,255
255,255,255
255,255,255
255,255,255
255,255,255
255,255,255
255,255,255
255,255,255
255,255,255
255,255,255
255,255,255
255,255,255
255,255,255
255,255,255
255,255,255
255,255,255
255,255,255
255,255,255
255,255,255
255,255,255
255,255,255
255,255,255
255,255,255
255,255,255
255,255,255
255,255,255
255,255,255
255,255,255
255,255,255
255,255,255
255,255,255
255,255,255
255,255,255
255,255,255
255,255,255
255,255,255
255,255,255
255,255,255
255,255,255
255,255,255
255,255,255
255,255,255
255,255,255
255,255,255
255,255,255
255,255,255
255,255,255
255,255,255
255,255,255
255,255,255
255,255,255
255,255,255
255,255,255
255,255,255
255,255,255
255,255,255
255,255,255
255,255,255
255,255,255
255,255,255
255,255,255
255,255,255
255,255,255
255,255,255
255,255,255
255,255,255
255,255,255
255,255,255
255,255,255
255,255,255
255,255,255
255,255,255
255,255,255
254,255,255
253,254,254
251,255,255
251,255,254
248,241,234
237,166,162
248,166,157
250,174,165
248,182,172
247,186,175
247,188,176
248,189,178
251,185,177
249,179,170
243,169,159
239,150,138
236,125,107
232,102,88
228,83,69
223,70,56
219,64,52
221,58,50
221,56,50
219,54,49
217,50,48
217,48,48
215,45,46
216,42,48
222,38,50
211,40,50
185,41,46
180,32,44
186,63,77
228,197,197
241,247,240
237,245,240
241,244,245
246,243,247
245,244,246
244,244,245
244,243,243
244,243,241
244,242,242
243,243,243
243,243,243
241,241,241
241,241,241
240,240,240
238,239,238
234,237,236
234,236,235
233,235,234
233,235,234
232,234,233
231,232,232
229,231,230
226,228,227
225,227,226
223,225,224
221,223,222
218,220,219
217,219,218
214,216,215
212,214,213
210,212,212
210,211,213
208,209,211
205,205,207
197,199,200
190,196,197
183,189,189
178,182,183
166,181,181
159,176,177
159,167,166
168,135,133
198,61,79
214,47,59
210,58,53
217,61,57
222,67,63
228,73,64
231,76,64
233,80,65
232,79,61
231,78,60
228,76,61
227,75,59
226,73,56
225,72,58
225,76,66
227,86,78
231,109,97
233,132,124
235,149,147
240,163,159
240,170,167
240,171,167
240,170,167
240,170,165
240,167,161
240,161,157
236,157,151
237,145,134
226,141,141
246,238,239
252,253,255
252,254,254
255,255,255
255,255,255
255,255,255
255,255,255
255,255,255
255,255,255
255,255,255
255,255,255
255,255,255
255,255,255
255,255,255
255,255,255
255,255,255
255,255,255
255,255,255
255,255,255
255,255,255
255,255,255
255,255,255
255,255,255
255,255,255
255,255,255
255,255,255
255,255,255
255,255,255
255,255,255
255,255,255
255,255,255
255,255,255
255,255,255
255,255,255
255,255,255
255,255,255
255,255,255
255,255,255
255,255,255
255,255,255
255,255,255
255,255,255
255,255,255
255,255,255
255,255,255
255,255,255
255,255,255
255,255,255
255,255,255
255,255,255
255,255,255
255,255,255
255,255,255
255,255,255
255,255,255
255,255,255
255,255,255
255,255,255
255,255,255
255,255,255
255,255,255
255,255,255
255,255,255
255,255,255
255,255,255
255,255,255
255,255,255
255,255,255
255,255,255
255,255,255
255,255,255
255,255,255
255,255,255
255,255,255
255,255,255
255,255,255
255,255,255
255,255,255
255,255,255
255,255,255
255,255,255
255,255,255
255,255,255
255,255,255
255,255,255
255,255,255
255,255,255
255,255,255
255,255,255
255,255,255
255,255,255
255,255,255
255,255,255
255,255,255
255,255,255
255,255,255
253,254,254
253,255,254
251,255,255
247,240,236
225,155,154
245,159,154
249,174,167
248,182,172
249,186,176
249,188,177
248,187,177
250,184,176
249,178,169
243,168,158
239,147,135
235,121,104
230,98,84
228,77,65
224,67,55
219,62,51
222,57,50
221,55,49
217,52,47
216,49,46
216,47,46
215,44,46
215,42,47
209,43,47
214,41,48
217,39,51
196,34,47
177,27,41
188,61,77
228,186,187
239,244,242
241,240,244
237,245,244
241,246,244
244,244,242
243,243,241
244,243,241
244,243,242
243,243,242
243,243,243
241,241,241
240,240,240
240,240,240
237,238,238
234,236,235
234,236,235
233,235,234
233,235,234
232,234,233
229,231,230
226,228,227
225,227,226
224,226,225
221,223,222
219,221,220
218,220,219
215,217,216
213,215,214
211,213,211
208,210,210
206,207,209
202,203,205
197,198,200
195,196,198
192,191,194
183,182,188
172,177,183
164,173,177
162,163,163
172,120,123
192,57,67
217,41,54
214,51,52
218,54,53
222,58,58
222,68,62
227,73,62
230,76,62
231,79,63
230,79,61
230,77,60
229,74,60
228,73,58
226,71,56
224,70,58
226,72,64
227,84,78
229,106,95
232,130,122
236,149,147
240,163,159
240,170,167
240,172,167
239,171,168
240,170,166
241,168,162
240,163,159
236,159,152
236,146,134
227,144,144
245,238,239
253,253,254
253,254,254
255,255,255
255,255,255
255,255,255
255,255,255
255,255,255
255,255,255
255,255,255
255,255,255
255,255,255
255,255,255
255,255,255
255,255,255
255,255,255
255,255,255
255,255,255
255,255,255
255,255,255
255,255,255
255,255,255
255,255,255
255,255,255
255,255,255
255,255,255
255,255,255
255,255,255
255,255,255
255,255,255
255,255,255
255,255,255
255,255,255
255,255,255
255,255,255
255,255,255
255,255,255
255,255,255
255,255,255
255,255,255
255,255,255
255,255,255
255,255,255
255,255,255
255,255,255
255,255,255
255,255,255
255,255,255
255,255,255
255,255,255
255,255,255
255,255,255
255,255,255
255,255,255
255,255,255
255,255,255
255,255,255
255,255,255
255,255,255
255,255,255
255,255,255
255,255,255
255,255,255
255,255,255
255,255,255
255,255,255
255,255,255
255,255,255
255,255,255
255,255,255
255,255,255
255,255,255
255,255,255
255,255,255
255,255,255
255,255,255
255,255,255
255,255,255
255,255,255
255,255,255
255,255,255
255,255,255
255,255,255
255,255,255
255,255,255
255,255,255
255,255,255
255,255,255
255,255,255
255,255,255
255,255,255
255,255,255
255,255,255
255,255,255
255,255,255
255,255,255
253,254,254
251,253,253
248,253,253
250,250,249
226,180,183
234,152,150
250,173,164
248,181,170
250,186,175
250,187,178
249,187,178
249,184,177
247,176,169
242,165,156
237,144,133
233,117,100
229,93,81
227,74,63
222,65,53
216,60,49
221,55,47
219,53,47
215,51,46
214,48,45
215,47,46
215,45,46
217,43,46
210,45,47
207,47,49
215,42,50
213,40,53
191,38,50
168,31,40
180,49,67
209,141,155
234,227,226
237,246,241
240,243,241
243,243,240
242,243,240
242,242,242
243,242,244
241,241,241
240,241,241
240,240,241
239,240,240
239,239,240
237,237,237
234,236,235
234,235,235
232,235,234
231,233,232
228,230,229
227,229,228
225,227,226
222,224,223
220,222,222
218,221,220
217,219,218
214,217,215
212,214,213
211,213,212
207,209,209
204,206,207
202,203,206
196,197,200
194,195,197
189,191,192
181,183,185
172,177,182
162,171,173
160,152,148
183,96,98
205,46,60
218,40,50
215,48,51
216,53,52
219,58,58
226,61,58
225,69,60
227,72,61
228,75,62
229,77,63
229,78,60
229,75,59
229,72,59
228,70,58
225,68,55
223,67,57
225,69,64
227,82,76
229,105,94
232,129,122
236,148,147
239,161,158
240,170,167
241,173,168
239,174,168
240,172,164
241,169,162
240,165,160
237,160,153
237,147,135
227,145,144
244,238,237
252,254,253
253,255,254
255,255,255
255,255,255
255,255,255
255,255,255
255,255,255
255,255,255
255,255,255
255,255,255
255,255,255
255,255,255
255,255,255
255,255,255
255,255,255
255,255,255
255,255,255
255,255,255
255,255,255
255,255,255
255,255,255
255,255,255
255,255,255
255,255,255
255,255,255
255,255,255
255,255,255
255,255,255
255,255,255
255,255,255
255,255,255
255,255,255
255,255,255
255,255,255
255,255,255
255,255,255
255,255,255
255,255,255
255,255,255
255,255,255
255,255,255
255,255,255
255,255,255
255,255,255
255,255,255
255,255,255
255,255,255
255,255,255
255,255,255
255,255,255
255,255,255
255,255,255
255,255,255
255,255,255
255,255,255
255,255,255
255,255,255
255,255,255
255,255,255
255,255,255
255,255,255
255,255,255
255,255,255
255,255,255
255,255,255
255,255,255
255,255,255
255,255,255
255,255,255
255,255,255
255,255,255
255,255,255
255,255,255
255,255,255
255,255,255
255,255,255
255,255,255
255,255,255
255,255,255
255,255,255
255,255,255
255,255,255
255,255,255
255,255,255
255,255,255
255,255,255
255,255,255
255,255,255
255,255,255
255,255,255
255,255,255
255,255,255
255,255,255
255,255,255
255,255,255
253,255,254
250,251,252
246,250,251
246,254,253
235,210,210
226,148,151
248,170,163
248,181,169
248,184,173
249,185,177
249,185,177
248,183,175
246,175,167
240,161,153
235,140,129
231,113,99
228,90,79
225,71,62
221,63,52
216,58,48
219,52,46
217,50,46
215,48,45
213,47,44
215,47,46
215,45,45
219,44,46
212,47,47
218,44,48
219,45,50
212,47,52
216,44,55
197,43,51
200,40,50
205,39,54
204,82,91
220,168,167
236,227,226
242,242,241
238,242,239
236,241,239
237,242,242
239,241,241
239,240,240
239,239,239
238,239,238
237,238,237
235,237,236
231,236,236
231,235,235
231,234,234
229,230,231
224,228,227
225,227,226
222,223,223
219,221,220
218,220,219
216,217,218
212,215,215
211,213,213
209,210,210
207,208,207
203,204,203
199,200,201
196,199,200
190,193,194
186,190,191
176,183,185
169,172,175
167,151,148
171,111,107
192,62,69
204,44,52
214,44,53
217,49,56
214,53,58
219,57,57
223,62,59
222,69,56
225,72,57
227,74,59
229,76,62
228,75,59
227,74,58
228,73,58
226,70,57
226,67,55
224,65,53
223,65,54
223,68,62
226,80,75
230,103,95
231,127,121
236,148,144
240,161,158
240,171,166
241,174,168
241,175,168
241,174,166
242,171,164
241,166,161
238,162,154
239,149,137
226,143,142
245,238,238
252,255,254
252,254,253
255,255,255
255,255,255
255,255,255
255,255,255
255,255,255
255,255,255
255,255,255
255,255,255
255,255,255
255,255,255
255,255,255
255,255,255
255,255,255
255,255,255
255,255,255
255,255,255
255,255,255
255,255,255
255,255,255
255,255,255
255,255,255
255,255,255
255,255,255
255,255,255
255,255,255
255,255,255
255,255,255
255,255,255
255,255,255
255,255,255
255,255,255
255,255,255
255,255,255
255,255,255
255,255,255
255,255,255
255,255,255
255,255,255
255,255,255
255,255,255
255,255,255
255,255,255
255,255,255
255,255,255
255,255,255
255,255,255
255,255,255
255,255,255
255,255,255
255,255,255
255,255,255
255,255,255
255,255,255
255,255,255
255,255,255
255,255,255
255,255,255
255,255,255
255,255,255
255,255,255
255,255,255
255,255,255
255,255,255
255,255,255
255,255,255
255,255,255
255,255,255
255,255,255
255,255,255
255,255,255
255,255,255
255,255,255
255,255,255
255,255,255
255,255,255
255,255,255
255,255,255
255,255,255
255,255,255
255,255,255
255,255,255
255,255,255
255,255,255
255,255,255
255,255,255
255,255,255
255,255,255
255,255,255
255,255,255
255,255,255
255,255,255
255,255,255
254,255,254
253,255,254
253,251,253
248,251,253
238,248,246
231,208,207
229,149,152
248,170,164
246,181,169
247,185,173
248,185,175
248,185,176
247,182,173
246,173,165
240,159,150
235,137,127
231,110,99
227,88,78
224,69,61
221,59,52
217,54,49
219,50,48
218,48,46
216,47,46
216,48,47
215,48,47
216,46,46
220,44,47
213,49,49
219,48,52
221,49,52
219,49,52
221,45,52
217,50,57
220,48,55
222,46,53
220,39,54
201,47,59
195,89,91
213,152,148
231,198,196
228,227,224
233,234,234
236,234,228
233,229,221
234,224,224
232,227,223
234,231,226
236,229,231
229,232,232
225,232,231
227,229,231
227,226,229
221,225,226
218,223,223
216,220,217
215,218,215
214,216,214
211,215,212
209,212,210
209,208,207
205,206,205
199,202,203
194,199,201
192,195,197
189,190,191
180,182,177
172,164,164
172,135,136
176,96,96
193,56,67
211,35,52
219,37,53
217,40,57
220,44,56
219,50,57
222,57,55
223,60,58
224,65,61
223,74,47
232,71,62
230,74,61
225,77,62
229,73,63
232,70,54
225,72,54
224,69,55
225,65,54
223,63,53
222,64,55
222,68,62
226,80,76
230,101,96
232,126,122
235,148,142
240,162,157
241,171,165
241,175,169
242,176,169
242,175,167
243,174,166
242,168,160
240,162,153
241,150,139
228,147,145
245,240,237
252,255,255
252,255,254
255,255,255
255,255,255
255,255,255
255,255,255
255,255,255
255,255,255
255,255,255
255,255,255
255,255,255
255,255,255
255,255,255
255,255,255
255,255,255
255,255,255
255,255,255
255,255,255
255,255,255
255,255,255
255,255,255
255,255,255
255,255,255
255,255,255
255,255,255
255,255,255
255,255,255
255,255,255
255,255,255
255,255,255
255,255,255
255,255,255
255,255,255
255,255,255
255,255,255
255,255,255
255,255,255
255,255,255
255,255,255
255,255,255
255,255,255
255,255,255
255,255,255
255,255,255
255,255,255
255,255,255
255,255,255
255,255,255
255,255,255
255,255,255
255,255,255
255,255,255
255,255,255
255,255,255
255,255,255
255,255,255
255,255,255
255,255,255
255,255,255
255,255,255
255,255,255
255,255,255
255,255,255
255,255,255
255,255,255
255,255,255
255,255,255
255,255,255
255,255,255
255,255,255
255,255,255
255,255,255
255,255,255
255,255,255
255,255,255
255,255,255
255,255,255
255,255,255
255,255,255
255,255,255
255,255,255
255,255,255
255,255,255
255,255,255
255,255,255
255,255,255
255,255,255
255,255,255
255,255,255
255,255,255
255,255,255
255,255,255
255,255,255
255,255,255
254,255,254
253,255,253
255,253,254
251,252,254
243,249,247
231,194,195
232,149,150
247,172,164
245,182,170
245,186,172
246,185,174
246,184,174
246,179,170
245,170,162
240,157,148
234,134,125
229,106,97
225,85,76
222,67,61
220,57,52
216,51,48
219,48,48
218,47,47
217,47,47
216,48,47
216,48,47
215,48,47
216,48,48
216,52,51
219,51,53
221,47,53
211,36,49
206,41,54
213,46,61
213,42,55
214,50,56
212,58,55
218,57,55
218,52,51
202,49,43
210,55,59
199,89,88
207,127,120
222,151,147
213,155,149
216,144,141
225,158,151
220,187,175
228,209,207
229,220,222
221,223,224
218,223,223
217,221,223
213,222,224
210,219,222
207,214,220
206,211,218
204,208,215
202,206,214
204,202,210
199,197,202
188,191,192
185,182,179
185,166,163
180,142,142
177,118,117
182,83,96
198,53,68
211,36,53
217,33,49
204,44,48
200,65,45
193,86,40
190,101,53
186,115,54
193,117,63
193,116,53
198,110,55
210,96,57
218,82,57
223,76,56
224,77,57
228,76,56
229,73,58
224,71,61
223,71,52
223,68,53
224,64,53
222,62,53
221,63,57
221,67,61
225,79,76
230,100,96
232,126,119
235,149,141
240,163,156
241,172,163
241,174,167
243,177,171
243,176,168
243,174,165
242,169,159
241,163,152
243,151,141
232,152,149
245,240,236
251,254,255
252,255,254
255,255,255
255,255,255
255,255,255
255,255,255
255,255,255
255,255,255
255,255,255
255,255,255
255,255,255
255,255,255
255,255,255
255,255,255
255,255,255
255,255,255
255,255,255
255,255,255
255,255,255
255,255,255
255,255,255
255,255,255
255,255,255
255,255,255
255,255,255
255,255,255
255,255,255
255,255,255
255,255,255
255,255,255
255,255,255
255,255,255
255,255,255
255,255,255
255,255,255
255,255,255
255,255,255
255,255,255
255,255,255
255,255,255
255,255,255
255,255,255
255,255,255
255,255,255
255,255,255
255,255,255
255,255,255
255,255,255
255,255,255
255,255,255
255,255,255
255,255,255
255,255,255
255,255,255
255,255,255
255,255,255
255,255,255
255,255,255
255,255,255
255,255,255
255,255,255
255,255,255
255,255,255
255,255,255
255,255,255
255,255,255
255,255,255
255,255,255
255,255,255
255,255,255
255,255,255
255,255,255
255,255,255
255,255,255
255,255,255
255,255,255
255,255,255
255,255,255
255,255,255
255,255,255
255,255,255
255,255,255
255,255,255
255,255,255
255,255,255
255,255,255
255,255,255
255,255,255
255,255,255
255,255,255
255,255,255
255,255,255
255,255,255
255,255,255
255,255,255
254,254,254
254,255,254
250,255,254
245,243,238
224,164,163
239,157,151
248,172,163
244,181,168
244,184,172
246,184,173
245,182,172
245,177,169
244,167,161
237,153,145
232,131,122
227,104,95
223,81,74
221,64,60
218,56,53
215,50,47
219,46,47
218,47,48
218,47,46
217,47,46
216,48,48
217,50,48
215,53,51
216,54,51
218,50,50
215,52,68
219,130,142
228,182,184
229,169,174
223,150,152
204,83,87
218,59,62
229,59,63
220,57,63
214,51,62
214,42,60
211,43,59
205,42,51
205,40,50
199,75,83
211,107,110
203,60,68
189,94,85
200,109,110
199,129,127
204,139,136
208,146,145
203,151,149
198,155,153
197,155,152
196,151,147
196,147,145
195,142,141
189,136,133
182,124,121
184,106,105
187,87,87
192,68,72
195,55,58
204,43,48
209,37,51
208,38,44
213,37,44
200,61,43
176,112,58
169,154,61
162,169,71
143,181,80
127,184,70
137,199,69
110,169,75
128,193,71
131,180,75
144,178,68
162,176,66
171,153,59
202,114,58
225,79,53
229,69,47
225,69,54
227,65,53
225,65,53
223,64,52
222,62,52
221,63,56
221,67,60
225,79,74
230,101,95
232,126,117
236,149,140
240,163,155
241,172,164
243,176,169
244,178,173
244,176,170
243,175,166
242,170,160
242,166,152
244,152,140
234,154,151
245,241,234
250,254,255
252,255,254
255,255,255
255,255,255
255,255,255
255,255,255
255,255,255
255,255,255
255,255,255
255,255,255
255,255,255
255,255,255
255,255,255
255,255,255
255,255,255
255,255,255
255,255,255
255,255,255
255,255,255
255,255,255
255,255,255
255,255,255
255,255,255
255,255,255
255,255,255
255,255,255
255,255,255
255,255,255
255,255,255
255,255,255
255,255,255
255,255,255
255,255,255
255,255,255
255,255,255
255,255,255
255,255,255
255,255,255
255,255,255
255,255,255
255,255,255
255,255,255
255,255,255
255,255,255
255,255,255
255,255,255
255,255,255
255,255,255
255,255,255
255,255,255
255,255,255
255,255,255
255,255,255
255,255,255
255,255,255
255,255,255
255,255,255
255,255,255
255,255,255
255,255,255
255,255,255
255,255,255
255,255,255
255,255,255
255,255,255
255,255,255
255,255,255
255,255,255
255,255,255
255,255,255
255,255,255
255,255,255
255,255,255
255,255,255
255,255,255
255,255,255
255,255,255
255,255,255
255,255,255
255,255,255
255,255,255
255,255,255
255,255,255
255,255,255
255,255,255
255,255,255
255,255,255
255,255,255
255,255,255
255,255,255
255,255,255
255,255,255
255,255,255
255,254,255
254,253,255
253,253,255
251,254,254
251,255,254
248,241,233
234,162,157
246,164,155
249,174,166
245,180,170
245,182,172
245,183,172
244,182,171
245,176,169
241,165,158
234,151,143
230,129,119
227,100,93
222,78,72
221,62,59
217,53,52
214,49,48
219,46,46
219,46,46
218,46,45
217,47,45
216,48,46
220,51,47
218,56,51
219,56,52
217,45,49
210,79,90
232,219,218
229,172,185
201,51,79
209,60,81
219,59,75
221,54,59
220,62,60
214,45,51
221,129,130
214,151,171
230,169,183
212,70,82
211,37,51
213,114,124
220,161,177
219,155,168
210,66,84
214,34,49
212,43,52
213,50,52
211,55,55
213,55,57
214,53,56
207,57,57
206,58,56
208,56,55
210,55,55
211,53,53
212,52,51
215,49,48
218,49,50
216,46,48
213,44,47
217,42,46
215,36,53
195,63,45
174,128,49
154,182,66
130,180,81
111,166,79
100,159,77
96,157,83
91,150,76
121,179,83
75,125,81
104,165,84
85,146,84
123,189,79
99,157,73
122,184,79
126,176,72
162,170,65
195,118,58
219,72,45
226,60,56
224,63,53
221,61,49
221,60,50
222,62,55
219,66,60
223,79,74
230,101,93
234,126,117
237,148,140
241,163,155
242,173,165
245,178,171
245,179,174
245,177,170
244,176,166
243,171,161
244,168,154
244,152,142
233,154,153
246,240,237
251,253,255
252,255,254
255,255,255
255,255,255
255,255,255
255,255,255
255,255,255
255,255,255
255,255,255
255,255,255
255,255,255
255,255,255
255,255,255
255,255,255
255,255,255
255,255,255
255,255,255
255,255,255
255,255,255
255,255,255
255,255,255
255,255,255
255,255,255
255,255,255
255,255,255
255,255,255
255,255,255
255,255,255
255,255,255
255,255,255
255,255,255
255,255,255
255,255,255
255,255,255
255,255,255
255,255,255
255,255,255
255,255,255
255,255,255
255,255,255
255,255,255
255,255,255
255,255,255
255,255,255
255,255,255
255,255,255
255,255,255
255,255,255
255,255,255
255,255,255
255,255,255
255,255,255
255,255,255
255,255,255
255,255,255
255,255,255
255,255,255
255,255,255
255,255,255
255,255,255
255,255,255
255,255,255
255,255,255
255,255,255
255,255,255
255,255,255
255,255,255
255,255,255
255,255,255
255,255,255
255,255,255
255,255,255
255,255,255
255,255,255
255,255,255
255,255,255
255,255,255
255,255,255
255,255,255
255,255,255
255,255,255
255,255,255
255,255,255
255,255,255
255,255,255
255,255,255
255,255,255
255,255,255
255,255,255
255,255,255
255,255,255
255,255,255
255,255,255
255,255,255
255,255,255
252,254,255
251,254,255
254,255,255
248,241,234
238,164,158
245,168,155
248,174,163
245,178,169
245,180,171
244,182,171
244,181,170
244,175,168
241,164,158
233,149,141
230,126,118
226,98,92
221,75,71
221,60,57
217,52,52
213,48,48
217,45,45
218,46,46
218,47,47
218,49,46
218,50,46
221,53,46
223,58,48
215,62,51
226,40,52
191,58,72
227,212,211
203,82,107
206,21,39
212,36,51
205,37,51
208,60,65
202,58,59
208,36,47
210,71,84
203,75,98
209,80,99
205,42,55
198,38,46
203,65,80
194,66,84
199,69,79
199,32,45
207,54,63
212,65,74
214,55,58
218,68,57
222,72,58
228,69,59
228,69,62
229,69,65
229,67,64
228,64,62
228,62,60
229,60,59
226,58,59
218,55,56
215,51,54
215,46,52
207,49,46
187,100,61
157,169,80
143,202,68
141,202,63
130,189,74
75,142,86
97,163,87
101,158,77
117,173,74
119,171,78
115,164,74
128,177,87
110,157,84
125,180,88
98,158,77
90,144,86
96,146,86
113,172,79
135,186,75
172,159,69
201,88,57
219,60,47
220,60,49
222,59,49
223,60,55
220,67,61
222,80,73
230,101,92
234,126,116
239,149,141
242,164,157
243,174,166
245,179,171
245,180,175
246,178,171
245,177,167
245,173,162
244,167,154
241,150,143
226,145,151
245,238,237
252,254,255
253,255,254
255,255,255
255,255,255
255,255,255
255,255,255
255,255,255
255,255,255
255,255,255
255,255,255
255,255,255
255,255,255
255,255,255
255,255,255
255,255,255
255,255,255
255,255,255
255,255,255
255,255,255
255,255,255
255,255,255
255,255,255
255,255,255
255,255,255
255,255,255
255,255,255
255,255,255
255,255,255
255,255,255
255,255,255
255,255,255
255,255,255
255,255,255
255,255,255
255,255,255
255,255,255
255,255,255
255,255,255
255,255,255
255,255,255
255,255,255
255,255,255
255,255,255
255,255,255
255,255,255
255,255,255
255,255,255
255,255,255
255,255,255
255,255,255
255,255,255
255,255,255
255,255,255
255,255,255
255,255,255
255,255,255
255,255,255
255,255,255
255,255,255
255,255,255
255,255,255
255,255,255
255,255,255
255,255,255
255,255,255
255,255,255
255,255,255
255,255,255
255,255,255
255,255,255
255,255,255
255,255,255
255,255,255
255,255,255
255,255,255
255,255,255
255,255,255
255,255,255
255,255,255
255,255,255
255,255,255
255,255,255
255,255,255
255,255,255
255,255,255
255,255,255
255,255,255
255,255,255
255,255,255
255,255,255
255,255,255
255,255,255
255,255,255
255,255,255
255,255,255
253,254,255
253,253,255
254,254,255
247,240,234
231,157,154
243,165,154
246,173,163
244,177,168
244,180,170
244,179,171
243,178,171
241,173,166
240,162,158
234,146,140
230,122,116
224,96,91
222,72,69
219,56,55
216,49,50
214,47,47
217,46,44
218,47,45
219,48,47
219,51,47
221,54,48
225,55,49
226,60,50
221,59,57
213,37,51
220,120,132
243,233,232
215,137,152
218,106,113
196,45,70
213,132,142
212,144,152
211,109,127
210,106,134
217,136,144
211,106,117
215,119,127
199,44,64
223,156,165
211,129,146
231,194,191
200,76,91
207,107,124
232,176,186
219,153,155
204,86,87
227,62,63
235,76,68
232,80,67
232,79,68
232,77,67
231,76,67
228,73,65
226,70,61
223,66,57
219,63,50
217,56,46
220,47,53
202,55,41
179,132,58
147,194,71
90,158,80
98,159,73
143,199,61
144,202,68
125,167,76
114,142,69
97,113,61
85,97,58
77,87,58
68,80,50
66,79,51
80,98,53
96,124,56
116,153,67
118,166,92
106,165,78
102,155,88
70,130,82
119,177,75
167,184,65
193,108,50
219,58,48
223,58,51
218,64,50
218,69,59
220,82,73
230,101,91
236,126,115
239,148,140
243,164,157
244,175,167
245,179,172
246,181,175
247,179,172
247,179,168
246,174,162
244,168,154
235,146,141
224,143,154
249,242,243
250,253,255
253,255,254
255,255,255
255,255,255
255,255,255
255,255,255
255,255,255
255,255,255
255,255,255
255,255,255
255,255,255
255,255,255
255,255,255
255,255,255
255,255,255
255,255,255
255,255,255
255,255,255
255,255,255
255,255,255
255,255,255
255,255,255
255,255,255
255,255,255
255,255,255
255,255,255
255,255,255
255,255,255
255,255,255
255,255,255
255,255,255
255,255,255
255,255,255
255,255,255
255,255,255
255,255,255
255,255,255
255,255,255
255,255,255
255,255,255
255,255,255
255,255,255
255,255,255
255,255,255
255,255,255
255,255,255
255,255,255
255,255,255
255,255,255
255,255,255
255,255,255
255,255,255
255,255,255
255,255,255
255,255,255
255,255,255
255,255,255
255,255,255
255,255,255
255,255,255
255,255,255
255,255,255
255,255,255
255,255,255
255,255,255
255,255,255
255,255,255
255,255,255
255,255,255
255,255,255
255,255,255
255,255,255
255,255,255
255,255,255
255,255,255
255,255,255
255,255,255
255,255,255
255,255,255
255,255,255
255,255,255
255,255,255
255,255,255
255,255,255
255,255,255
255,255,255
255,255,255
255,255,255
255,255,255
255,255,255
255,255,255
255,255,255
255,255,255
255,255,255
254,255,255
252,253,255
252,252,254
252,253,254
245,239,235
228,150,152
241,160,154
244,172,165
244,177,168
244,178,170
244,177,171
242,175,169
240,173,167
238,162,157
235,142,140
231,117,114
222,93,88
222,71,69
219,54,54
216,48,48
217,46,45
218,47,45
217,49,46
220,50,47
219,54,47
218,58,49
219,62,51
217,66,49
220,55,54
204,47,60
234,205,203
222,155,166
213,75,97
202,73,92
221,162,173
233,210,211
201,114,130
195,84,97
236,199,210
207,127,135
218,180,184
211,145,166
224,169,175
215,137,148
203,103,117
231,182,193
196,105,123
240,220,218
198,71,94
207,116,121
210,84,85
230,69,64
235,85,68
234,88,68
233,86,68
233,83,68
233,81,67
231,76,64
227,70,60
224,63,56
222,58,52
222,50,41
206,55,46
171,147,56
125,176,78
92,149,79
102,163,93
99,158,83
130,179,74
103,127,70
85,88,67
59,56,57
50,45,50
59,55,59
57,55,61
42,40,47
42,41,44
51,50,46
57,56,56
41,43,44
42,58,26
103,136,58
129,179,87
82,138,92
109,169,85
108,166,81
144,184,64
191,116,57
217,58,53
219,62,50
222,68,56
225,81,73
231,100,91
236,126,115
238,148,140
244,165,158
245,176,168
246,180,172
247,183,174
247,180,172
247,178,167
246,173,162
246,167,157
236,143,141
226,149,158
252,248,246
250,253,255
253,254,254
255,255,255
255,255,255
255,255,255
255,255,255
255,255,255
255,255,255
255,255,255
255,255,255
255,255,255
255,255,255
255,255,255
255,255,255
255,255,255
255,255,255
255,255,255
255,255,255
255,255,255
255,255,255
255,255,255
255,255,255
255,255,255
255,255,255
255,255,255
255,255,255
255,255,255
255,255,255
255,255,255
255,255,255
255,255,255
255,255,255
255,255,255
255,255,255
255,255,255
255,255,255
255,255,255
255,255,255
255,255,255
255,255,255
255,255,255
255,255,255
255,255,255
255,255,255
255,255,255
255,255,255
255,255,255
255,255,255
255,255,255
255,255,255
255,255,255
255,255,255
255,255,255
255,255,255
255,255,255
255,255,255
255,255,255
255,255,255
255,255,255
255,255,255
255,255,255
255,255,255
255,255,255
255,255,255
255,255,255
255,255,255
255,255,255
255,255,255
255,255,255
255,255,255
255,255,255
255,255,255
255,255,255
255,255,255
255,255,255
255,255,255
255,255,255
255,255,255
255,255,255
255,255,255
255,255,255
255,255,255
255,255,255
255,255,255
255,255,255
255,255,255
255,255,255
255,255,255
255,255,255
255,255,255
255,255,255
255,255,255
255,255,255
255,255,255
254,255,255
252,253,255
252,253,254
252,254,254
245,238,236
226,149,152
242,159,154
244,170,163
243,175,166
243,176,168
243,175,170
242,173,169
240,171,166
238,160,155
233,139,139
231,113,114
222,90,85
220,68,66
218,53,53
216,48,48
216,46,45
220,47,46
218,50,48
217,53,47
219,56,47
219,60,50
218,64,52
220,62,53
211,45,48
207,93,116
236,221,224
198,57,74
205,25,41
203,88,104
237,227,225
201,104,119
205,72,91
204,116,123
232,204,201
191,73,90
242,205,214
200,140,159
228,211,219
183,87,102
239,210,220
206,127,137
221,182,182
217,148,158
188,54,71
212,134,135
218,54,57
236,79,66
237,91,70
236,92,69
236,89,70
235,87,67
234,82,64
231,76,60
226,70,55
217,64,50
217,53,53
213,51,45
163,132,59
138,207,71
91,156,80
93,156,80
116,171,83
111,146,65
72,77,66
70,66,64
82,79,84
71,69,78
46,44,50
65,60,64
72,70,72
61,62,64
44,45,43
55,54,58
70,68,75
76,79,93
21,26,42
14,18,28
57,72,38
119,160,71
111,169,82
61,121,80
126,188,85
138,189,75
197,107,55
227,58,52
223,69,60
227,81,75
231,100,90
237,126,115
238,149,140
243,166,158
246,177,169
247,181,173
248,184,175
248,181,172
247,179,167
245,174,161
245,167,156
238,147,141
224,144,148
245,244,238
251,254,254
252,255,253
255,255,255
255,255,255
255,255,255
255,255,255
255,255,255
255,255,255
255,255,255
255,255,255
255,255,255
255,255,255
255,255,255
255,255,255
255,255,255
255,255,255
255,255,255
255,255,255
255,255,255
255,255,255
255,255,255
255,255,255
255,255,255
255,255,255
255,255,255
255,255,255
255,255,255
255,255,255
255,255,255
255,255,255
255,255,255
255,255,255
255,255,255
255,255,255
255,255,255
255,255,255
255,255,255
255,255,255
255,255,255
255,255,255
255,255,255
255,255,255
255,255,255
255,255,255
255,255,255
255,255,255
255,255,255
255,255,255
255,255,255
255,255,255
255,255,255
255,255,255
255,255,255
255,255,255
255,255,255
255,255,255
255,255,255
255,255,255
255,255,255
255,255,255
255,255,255
255,255,255
255,255,255
255,255,255
255,255,255
255,255,255
255,255,255
255,255,255
255,255,255
255,255,255
255,255,255
255,255,255
255,255,255
255,255,255
255,255,255
255,255,255
255,255,255
255,255,255
255,255,255
255,255,255
255,255,255
255,255,255
255,255,255
255,255,255
255,255,255
255,255,255
255,255,255
255,255,255
255,255,255
255,255,255
255,255,255
255,255,255
255,255,255
255,255,255
254,254,255
252,253,255
252,253,255
252,254,255
245,237,235
229,151,156
243,159,153
244,169,161
242,173,165
242,175,168
242,173,170
241,171,169
240,168,164
237,157,153
232,137,137
230,112,113
223,88,84
219,67,64
217,52,52
216,48,48
216,47,47
220,48,49
220,51,49
214,57,48
218,59,49
226,55,52
227,47,52
214,41,51
200,26,39
216,142,158
227,173,186
201,26,40
207,35,40
215,127,136
234,212,217
198,92,110
210,107,114
222,160,164
212,119,138
211,117,128
226,165,173
207,121,135
238,236,243
206,136,135
231,192,205
197,93,100
234,196,197
222,182,190
211,142,139
210,71,82
223,70,62
237,92,69
242,93,71
236,94,72
234,91,69
234,86,66
232,80,61
228,73,55
223,65,53
221,58,47
218,50,40
178,125,57
112,171,84
78,130,88
106,160,91
127,176,87
89,115,61
58,62,48
67,62,73
71,69,70
76,77,80
72,73,77
47,45,49
60,58,62
75,74,76
110,110,116
64,65,69
42,42,44
59,58,62
73,77,88
67,71,88
22,25,29
16,17,19
29,39,25
104,143,57
119,174,82
96,147,86
92,157,72
154,181,62
202,93,49
219,71,53
222,85,73
233,100,91
236,125,115
239,150,139
245,167,157
245,177,169
246,181,172
248,184,175
248,182,173
247,180,169
247,177,164
246,169,158
240,153,145
224,146,150
243,241,234
252,255,252
254,255,253
255,255,255
255,255,255
255,255,255
255,255,255
255,255,255
255,255,255
255,255,255
255,255,255
255,255,255
255,255,255
255,255,255
255,255,255
255,255,255
255,255,255
255,255,255
255,255,255
255,255,255
255,255,255
255,255,255
255,255,255
255,255,255
255,255,255
255,255,255
255,255,255
255,255,255
255,255,255
255,255,255
255,255,255
255,255,255
255,255,255
255,255,255
255,255,255
255,255,255
255,255,255
255,255,255
255,255,255
255,255,255
255,255,255
255,255,255
255,255,255
255,255,255
255,255,255
255,255,255
255,255,255
255,255,255
255,255,255
255,255,255
255,255,255
255,255,255
255,255,255
255,255,255
255,255,255
255,255,255
255,255,255
255,255,255
255,255,255
255,255,255
255,255,255
255,255,255
255,255,255
255,255,255
255,255,255
255,255,255
255,255,255
255,255,255
255,255,255
255,255,255
255,255,255
255,255,255
255,255,255
255,255,255
255,255,255
255,255,255
255,255,255
255,255,255
255,255,255
255,255,255
255,255,255
255,255,255
255,255,255
255,255,255
255,255,255
255,255,255
255,255,255
255,255,255
255,255,255
255,255,255
255,255,255
255,255,255
255,255,255
255,255,255
255,255,255
254,254,255
251,252,255
250,253,255
252,255,255
245,236,233
223,150,154
240,158,152
244,167,159
242,170,164
242,173,167
242,172,168
241,169,166
240,165,161
236,155,151
231,135,134
229,109,110
222,86,83
219,65,64
218,52,52
217,50,49
218,50,50
219,51,50
220,54,49
217,59,48
221,58,48
212,49,52
203,70,85
214,121,137
210,149,160
219,184,186
222,181,184
212,105,119
205,38,59
205,52,73
204,112,122
202,90,100
198,35,56
216,75,95
196,75,93
228,180,183
204,80,89
202,59,68
209,98,109
205,41,54
208,86,100
205,52,73
204,74,90
211,112,126
212,66,76
227,65,65
232,91,71
238,97,70
246,94,71
240,93,72
233,90,67
232,83,64
230,76,59
226,68,54
222,60,51
219,49,45
203,80,53
152,183,76
127,192,78
81,141,87
121,176,84
116,136,89
66,71,72
58,57,56
68,67,64
73,73,73
83,86,85
49,50,52
44,44,45
57,56,57
62,62,63
98,99,102
98,99,107
38,37,43
63,63,65
59,62,61
51,55,71
33,35,53
19,21,22
24,23,21
23,29,20
102,133,61
103,154,87
88,143,86
125,191,83
165,164,64
215,77,55
229,84,67
234,101,90
236,125,115
240,150,137
246,168,157
245,178,169
245,181,172
247,184,175
248,183,174
247,181,169
247,178,165
247,172,159
246,160,149
233,157,156
246,243,234
252,254,252
254,254,254
255,255,255
255,255,255
255,255,255
255,255,255
255,255,255
255,255,255
255,255,255
255,255,255
255,255,255
255,255,255
255,255,255
255,255,255
255,255,255
255,255,255
255,255,255
255,255,255
255,255,255
255,255,255
255,255,255
255,255,255
255,255,255
255,255,255
255,255,255
255,255,255
255,255,255
255,255,255
255,255,255
255,255,255
255,255,255
255,255,255
255,255,255
255,255,255
255,255,255
255,255,255
255,255,255
255,255,255
255,255,255
255,255,255
255,255,255
255,255,255
255,255,255
255,255,255
255,255,255
255,255,255
255,255,255
255,255,255
255,255,255
255,255,255
255,255,255
255,255,255
255,255,255
255,255,255
255,255,255
255,255,255
255,255,255
255,255,255
255,255,255
255,255,255
255,255,255
255,255,255
255,255,255
255,255,255
255,255,255
255,255,255
255,255,255
255,255,255
255,255,255
255,255,255
255,255,255
255,255,255
255,255,255
255,255,255
255,255,255
255,255,255
255,255,255
255,255,255
255,255,255
255,255,255
255,255,255
255,255,255
255,255,255
255,255,255
255,255,255
255,255,255
255,255,255
255,255,255
255,255,255
255,255,255
255,255,255
255,255,255
255,255,255
255,255,255
254,254,255
251,253,255
249,254,255
250,255,255
247,244,243
226,164,166
235,153,147
243,166,158
242,169,163
241,171,165
242,173,168
241,169,166
239,164,161
235,153,149
232,132,130
229,107,108
222,83,81
219,64,62
218,52,52
217,51,50
220,51,51
221,53,50
222,56,50
220,60,51
221,50,49
202,75,82
228,193,201
246,255,255
229,181,197
197,55,74
195,71,92
240,222,231
223,146,157
208,37,50
222,49,55
216,41,56
204,59,79
193,42,59
216,124,125
214,124,141
213,45,51
225,65,63
222,63,58
225,56,64
208,34,46
202,30,54
201,43,48
220,52,58
227,77,62
235,88,66
239,95,69
241,97,72
242,94,71
235,92,67
232,87,62
230,78,60
227,69,56
222,62,52
220,54,48
205,56,42
163,159,65
90,153,85
70,122,84
123,175,87
110,137,69
95,99,97
87,88,98
54,55,60
68,67,68
76,75,76
127,127,133
74,73,80
39,39,44
56,56,56
58,60,58
67,69,67
101,102,110
50,49,60
46,45,51
50,50,53
26,29,41
22,26,29
26,29,24
27,27,29
25,24,31
32,41,29
111,163,74
123,166,92
92,145,81
128,182,70
190,125,71
228,83,70
235,103,90
237,126,114
238,150,135
245,169,157
245,178,170
246,182,172
247,184,175
247,183,174
247,181,169
247,178,165
248,174,160
248,165,150
238,164,159
246,243,233
252,253,253
254,254,254
255,255,255
255,255,255
255,255,255
255,255,255
255,255,255
255,255,255
255,255,255
255,255,255
255,255,255
255,255,255
255,255,255
255,255,255
255,255,255
255,255,255
255,255,255
255,255,255
255,255,255
255,255,255
255,255,255
255,255,255
255,255,255
255,255,255
255,255,255
255,255,255
255,255,255
255,255,255
255,255,255
255,255,255
255,255,255
255,255,255
255,255,255
255,255,255
255,255,255
255,255,255
255,255,255
255,255,255
255,255,255
255,255,255
255,255,255
255,255,255
255,255,255
255,255,255
255,255,255
255,255,255
255,255,255
255,255,255
255,255,255
255,255,255
255,255,255
255,255,255
255,255,255
255,255,255
255,255,255
255,255,255
255,255,255
255,255,255
255,255,255
255,255,255
255,255,255
255,255,255
255,255,255
255,255,255
255,255,255
255,255,255
255,255,255
255,255,255
255,255,255
255,255,255
255,255,255
255,255,255
255,255,255
255,255,255
255,255,255
255,255,255
255,255,255
255,255,255
255,255,255
255,255,255
255,255,255
255,255,255
255,255,255
255,255,255
255,255,255
255,255,255
255,255,255
255,255,255
255,255,255
255,255,255
255,255,255
255,255,255
255,255,255
255,255,255
254,254,255
251,253,255
249,254,254
248,254,255
246,247,248
228,169,172
235,151,145
242,165,158
241,168,161
239,169,165
240,171,168
241,170,166
239,164,161
236,149,149
232,128,128
227,104,105
222,80,78
218,63,60
216,54,52
220,51,50
220,51,50
222,54,51
223,58,52
220,62,54
222,51,53
199,47,63
206,141,155
250,250,248
210,86,101
212,21,39
197,42,71
233,225,228
239,199,201
206,35,47
217,56,57
214,40,49
213,115,126
213,142,154
211,107,114
208,36,56
221,51,58
228,65,61
228,65,62
214,42,54
207,90,95
226,170,179
203,84,95
224,53,49
228,66,59
222,70,57
230,79,57
240,88,69
237,91,71
234,89,65
232,82,57
225,74,58
226,64,55
220,58,49
218,48,44
188,94,52
140,186,69
117,175,86
96,148,81
115,157,65
74,76,70
87,86,96
62,63,71
54,54,58
67,66,68
71,70,70
95,93,98
74,72,79
40,39,44
53,53,55
57,57,56
65,66,65
123,124,130
61,60,68
41,39,45
51,50,55
29,33,38
22,25,26
30,31,29
29,28,28
34,34,37
35,39,37
68,90,52
115,164,76
102,151,89
101,163,73
171,177,77
216,99,68
236,102,90
240,124,113
239,150,132
243,170,155
247,177,170
247,183,173
247,185,175
248,184,175
248,182,171
248,179,168
247,174,161
246,166,149
239,169,161
248,242,236
252,252,255
253,255,254
255,255,255
255,255,255
255,255,255
255,255,255
255,255,255
255,255,255
255,255,255
255,255,255
255,255,255
255,255,255
255,255,255
255,255,255
255,255,255
255,255,255
255,255,255
255,255,255
255,255,255
255,255,255
255,255,255
255,255,255
255,255,255
255,255,255
255,255,255
255,255,255
255,255,255
255,255,255
255,255,255
255,255,255
255,255,255
255,255,255
255,255,255
255,255,255
255,255,255
255,255,255
255,255,255
255,255,255
255,255,255
255,255,255
255,255,255
255,255,255
255,255,255
255,255,255
255,255,255
255,255,255
255,255,255
255,255,255
255,255,255
255,255,255
255,255,255
255,255,255
255,255,255
255,255,255
255,255,255
255,255,255
255,255,255
255,255,255
255,255,255
255,255,255
255,255,255
255,255,255
255,255,255
255,255,255
255,255,255
255,255,255
255,255,255
255,255,255
255,255,255
255,255,255
255,255,255
255,255,255
255,255,255
255,255,255
255,255,255
255,255,255
255,255,255
255,255,255
255,255,255
255,255,255
255,255,255
255,255,255
255,255,255
255,255,255
255,255,255
255,255,255
255,255,255
255,255,255
255,255,255
255,255,255
255,255,255
255,255,255
255,255,255
255,255,255
254,254,255
251,253,255
250,253,255
249,254,255
244,238,238
222,150,155
239,153,148
240,164,157
241,167,161
238,168,164
239,169,167
240,168,166
239,164,161
237,148,148
232,125,126
226,100,102
222,79,76
216,63,58
215,54,51
219,52,50
220,53,49
223,58,51
223,62,51
221,65,54
223,51,53
200,45,63
239,204,209
235,203,204
202,34,61
205,31,58
217,155,163
240,253,248
211,133,143
203,71,85
206,36,59
208,55,74
207,70,84
204,40,63
205,25,47
208,42,59
208,82,90
206,69,81
207,47,67
201,86,94
243,228,228
231,203,209
203,53,73
202,32,49
208,74,93
207,101,107
211,72,74
232,68,65
237,84,68
234,83,63
229,76,55
224,68,54
221,59,53
221,53,47
214,49,41
169,150,64
98,165,79
100,164,82
119,169,87
78,95,62
65,63,72
84,85,88
72,72,78
54,55,59
65,65,66
68,67,69
73,72,76
68,67,72
47,46,51
51,51,53
57,57,55
59,61,59
52,53,57
45,46,50
59,58,61
94,95,99
63,69,75
15,18,22
27,28,27
30,30,28
34,35,33
41,44,49
49,55,76
87,121,54
117,175,84
89,157,77
130,175,80
199,132,70
237,100,87
239,125,113
245,148,133
241,171,154
247,177,169
247,183,173
247,185,175
247,184,174
248,182,171
248,179,168
247,174,162
245,167,150
241,169,161
249,241,237
253,252,255
253,255,254
255,255,255
255,255,255
255,255,255
255,255,255
255,255,255
255,255,255
255,255,255
255,255,255
255,255,255
255,255,255
255,255,255
255,255,255
255,255,255
255,255,255
255,255,255
255,255,255
255,255,255
255,255,255
255,255,255
255,255,255
255,255,255
255,255,255
255,255,255
255,255,255
255,255,255
255,255,255
255,255,255
255,255,255
255,255,255
255,255,255
255,255,255
255,255,255
255,255,255
255,255,255
255,255,255
255,255,255
255,255,255
255,255,255
255,255,255
255,255,255
255,255,255
255,255,255
255,255,255
255,255,255
255,255,255
255,255,255
255,255,255
255,255,255
255,255,255
255,255,255
255,255,255
255,255,255
255,255,255
255,255,255
255,255,255
255,255,255
255,255,255
255,255,255
255,255,255
255,255,255
255,255,255
255,255,255
255,255,255
255,255,255
255,255,255
255,255,255
255,255,255
255,255,255
255,255,255
255,255,255
255,255,255
255,255,255
255,255,255
255,255,255
255,255,255
255,255,255
255,255,255
255,255,255
255,255,255
255,255,255
255,255,255
255,255,255
255,255,255
255,255,255
255,255,255
255,255,255
255,255,255
255,255,255
255,255,255
255,255,255
255,255,255
255,255,255
254,254,255
251,252,255
250,253,255
249,254,254
246,237,234
230,152,155
241,154,150
239,163,157
239,168,161
237,168,164
239,168,167
241,167,166
238,162,160
237,146,146
232,123,125
227,98,100
222,77,74
215,62,57
216,56,52
219,54,49
220,57,49
224,62,52
227,64,53
222,66,54
214,41,50
212,112,126
249,255,255
200,137,146
202,85,106
230,181,186
239,219,218
212,118,130
201,90,104
242,219,220
200,104,118
237,217,217
237,203,204
196,35,54
207,90,105
233,179,182
209,138,155
213,149,159
203,92,114
239,226,219
244,228,233
216,142,146
196,91,99
225,167,180
241,202,203
214,151,154
223,161,158
211,59,60
235,76,61
229,77,60
224,71,56
226,61,50
215,58,53
215,52,45
202,69,39
153,189,67
108,175,81
98,159,77
116,149,74
65,59,61
67,69,70
80,83,85
94,94,101
53,56,61
62,63,66
67,67,69
69,68,71
64,64,68
53,52,55
54,54,55
64,64,62
64,67,64
46,50,52
41,42,45
61,62,63
102,105,107
98,107,115
22,28,34
18,20,22
31,31,31
33,33,33
38,43,46
37,45,56
33,43,23
113,161,77
85,145,78
129,192,73
180,164,77
232,104,82
241,124,111
247,146,134
242,169,154
247,177,168
249,183,173
247,185,175
247,185,174
247,183,171
248,179,169
248,176,164
247,169,151
241,169,161
248,242,238
252,252,255
252,254,254
255,255,255
255,255,255
255,255,255
255,255,255
255,255,255
255,255,255
255,255,255
255,255,255
255,255,255
255,255,255
255,255,255
255,255,255
255,255,255
255,255,255
255,255,255
255,255,255
255,255,255
255,255,255
255,255,255
255,255,255
255,255,255
255,255,255
255,255,255
255,255,255
255,255,255
255,255,255
255,255,255
255,255,255
255,255,255
255,255,255
255,255,255
255,255,255
255,255,255
255,255,255
255,255,255
255,255,255
255,255,255
255,255,255
255,255,255
255,255,255
255,255,255
255,255,255
255,255,255
255,255,255
255,255,255
255,255,255
255,255,255
255,255,255
255,255,255
255,255,255
255,255,255
255,255,255
255,255,255
255,255,255
255,255,255
255,255,255
255,255,255
255,255,255
255,255,255
255,255,255
255,255,255
255,255,255
255,255,255
255,255,255
255,255,255
255,255,255
255,255,255
255,255,255
255,255,255
255,255,255
255,255,255
255,255,255
255,255,255
255,255,255
255,255,255
255,255,255
255,255,255
255,255,255
255,255,255
255,255,255
255,255,255
255,255,255
255,255,255
255,255,255
255,255,255
255,255,255
255,255,255
255,255,255
255,255,255
255,255,255
255,255,255
255,255,255
254,254,255
251,252,255
252,252,255
251,254,255
245,237,233
232,155,154
241,155,149
239,163,156
238,167,160
237,168,164
239,168,167
238,166,164
237,159,158
237,144,144
232,122,123
227,97,100
222,76,74
216,63,57
218,58,54
222,57,52
222,60,50
224,63,53
228,66,55
218,61,52
199,51,66
233,206,209
240,235,236
207,156,157
222,143,147
219,108,121
202,54,76
198,22,49
220,171,169
242,239,243
214,151,165
211,118,132
204,107,125
204,118,132
244,237,230
204,143,151
206,120,135
206,101,112
203,79,94
248,239,235
211,116,132
193,31,50
229,187,189
243,225,230
199,67,79
196,68,85
227,163,162
214,54,56
230,75,56
222,74,60
224,66,57
222,59,49
217,56,52
215,48,41
183,104,47
146,197,71
150,199,65
145,206,75
94,114,64
67,59,57
67,69,63
71,73,76
86,87,92
57,58,62
60,61,64
63,63,65
63,63,66
60,59,61
53,53,53
57,57,57
67,67,66
81,83,85
79,82,86
39,41,42
56,57,55
78,79,79
102,109,120
54,60,72
9,11,17
29,30,33
32,32,34
33,35,38
35,39,51
5,7,12
108,147,67
148,200,67
145,196,73
164,181,77
220,117,76
242,122,108
244,145,134
243,167,154
246,178,166
248,183,172
248,186,177
248,185,176
248,184,172
249,179,168
247,175,163
246,169,151
242,170,162
248,242,239
250,252,255
251,254,254
255,255,255
255,255,255
255,255,255
255,255,255
255,255,255
255,255,255
255,255,255
255,255,255
255,255,255
255,255,255
255,255,255
255,255,255
255,255,255
255,255,255
255,255,255
255,255,255
255,255,255
255,255,255
255,255,255
255,255,255
255,255,255
255,255,255
255,255,255
255,255,255
255,255,255
255,255,255
255,255,255
255,255,255
255,255,255
255,255,255
255,255,255
255,255,255
255,255,255
255,255,255
255,255,255
255,255,255
255,255,255
255,255,255
255,255,255
255,255,255
255,255,255
255,255,255
255,255,255
255,255,255
255,255,255
255,255,255
255,255,255
255,255,255
255,255,255
255,255,255
255,255,255
255,255,255
255,255,255
255,255,255
255,255,255
255,255,255
255,255,255
255,255,255
255,255,255
255,255,255
255,255,255
255,255,255
255,255,255
255,255,255
255,255,255
255,255,255
255,255,255
255,255,255
255,255,255
255,255,255
255,255,255
255,255,255
255,255,255
255,255,255
255,255,255
255,255,255
255,255,255
255,255,255
255,255,255
255,255,255
255,255,255
255,255,255
255,255,255
255,255,255
255,255,255
255,255,255
255,255,255
255,255,255
255,255,255
255,255,255
255,255,255
255,255,255
254,254,254
251,252,254
251,253,255
251,255,255
245,238,233
233,157,155
240,156,150
238,163,156
237,165,159
236,167,161
238,167,165
239,165,162
237,157,156
234,141,141
230,118,120
226,95,97
221,75,72
216,63,57
219,59,54
222,58,51
223,62,50
224,68,55
221,68,56
217,44,48
209,112,126
250,254,254
212,132,142
203,38,50
213,51,57
215,58,58
217,40,53
205,75,95
246,243,242
223,181,183
205,43,62
212,18,37
205,79,95
246,236,242
231,202,208
212,121,132
202,84,94
206,22,56
220,154,165
241,224,223
203,40,61
215,123,133
249,248,251
208,107,123
191,20,43
217,142,150
216,107,120
222,54,53
224,77,54
223,71,57
224,61,53
218,59,46
219,53,52
219,43,40
172,134,55
142,198,65
148,196,55
136,190,69
83,90,77
70,73,77
65,67,70
62,63,66
59,61,62
60,60,62
69,68,69
66,64,65
59,59,59
58,58,58
57,57,56
58,58,57
63,63,64
79,80,84
76,79,86
37,38,39
58,59,53
102,102,102
81,84,96
82,88,103
11,14,24
23,24,28
29,30,30
28,28,30
26,24,24
2,4,7
74,100,40
152,202,62
144,193,71
150,195,75
204,136,78
243,120,107
241,145,134
244,165,153
247,178,164
248,183,173
249,185,177
248,185,177
248,184,172
249,179,169
247,175,163
247,169,151
242,170,162
247,242,239
249,253,254
250,254,253
255,255,255
255,255,255
255,255,255
255,255,255
255,255,255
255,255,255
255,255,255
255,255,255
255,255,255
255,255,255
255,255,255
255,255,255
255,255,255
255,255,255
255,255,255
255,255,255
255,255,255
255,255,255
255,255,255
255,255,255
255,255,255
255,255,255
255,255,255
255,255,255
255,255,255
255,255,255
255,255,255
255,255,255
255,255,255
255,255,255
255,255,255
255,255,255
255,255,255
255,255,255
255,255,255
255,255,255
255,255,255
255,255,255
255,255,255
255,255,255
255,255,255
255,255,255
255,255,255
255,255,255
255,255,255
255,255,255
255,255,255
255,255,255
255,255,255
255,255,255
255,255,255
255,255,255
255,255,255
255,255,255
255,255,255
255,255,255
255,255,255
255,255,255
255,255,255
255,255,255
255,255,255
255,255,255
255,255,255
255,255,255
255,255,255
255,255,255
255,255,255
255,255,255
255,255,255
255,255,255
255,255,255
255,255,255
255,255,255
255,255,255
255,255,255
255,255,255
255,255,255
255,255,255
255,255,255
255,255,255
255,255,255
255,255,255
255,255,255
255,255,255
255,255,255
255,255,255
255,255,255
255,255,255
255,255,255
255,255,255
255,255,255
255,255,255
255,255,255
253,254,254
252,254,255
251,255,255
245,236,232
232,156,154
239,154,151
238,162,157
238,164,161
239,167,163
240,167,166
238,162,164
236,155,154
234,139,139
231,116,117
225,94,91
221,74,69
217,64,58
220,62,53
223,63,52
224,66,53
224,71,57
218,69,58
210,43,53
228,181,188
240,230,239
202,60,74
226,62,54
236,82,68
235,81,70
210,52,60
227,168,175
243,223,228
194,65,70
214,58,53
209,43,43
224,165,166
249,250,245
195,68,89
200,49,73
213,110,105
197,38,52
230,202,203
219,171,174
198,28,56
233,191,194
234,237,236
193,62,86
209,111,122
216,155,164
210,51,66
225,68,57
217,79,54
226,66,50
221,60,47
220,54,51
223,49,49
208,51,44
164,154,60
184,207,47
201,207,43
137,174,55
79,78,72
85,91,96
93,100,107
60,62,65
62,62,64
62,62,61
63,62,62
62,60,61
62,62,62
64,66,66
56,58,58
57,56,58
59,58,60
53,53,57
40,42,47
40,43,42
54,55,51
85,84,86
72,75,84
93,99,114
23,26,38
19,19,25
29,29,30
25,23,27
20,16,20
11,9,15
42,62,30
164,202,48
205,209,37
164,200,67
196,145,82
245,117,106
243,143,134
244,164,151
248,176,162
250,183,173
252,185,179
249,185,178
247,184,172
248,181,170
247,176,163
247,169,150
242,171,164
247,243,241
249,254,255
250,255,254
255,255,255
255,255,255
255,255,255
255,255,255
255,255,255
255,255,255
255,255,255
255,255,255
255,255,255
255,255,255
255,255,255
255,255,255
255,255,255
255,255,255
255,255,255
255,255,255
255,255,255
255,255,255
255,255,255
255,255,255
255,255,255
255,255,255
255,255,255
255,255,255
255,255,255
255,255,255
255,255,255
255,255,255
255,255,255
255,255,255
255,255,255
255,255,255
255,255,255
255,255,255
255,255,255
255,255,255
255,255,255
255,255,255
255,255,255
255,255,255
255,255,255
255,255,255
255,255,255
255,255,255
255,255,255
255,255,255
255,255,255
255,255,255
255,255,255
255,255,255
255,255,255
255,255,255
255,255,255
255,255,255
255,255,255
255,255,255
255,255,255
255,255,255
255,255,255
255,255,255
255,255,255
255,255,255
255,255,255
255,255,255
255,255,255
255,255,255
255,255,255
255,255,255
255,255,255
255,255,255
255,255,255
255,255,255
255,255,255
255,255,255
255,255,255
255,255,255
255,255,255
255,255,255
255,255,255
255,255,255
255,255,255
255,255,255
255,255,255
255,255,255
255,255,255
255,255,255
255,255,255
255,255,255
255,255,255
255,255,255
255,255,255
255,255,255
255,255,255
255,255,255
253,254,255
252,254,255
244,235,231
232,156,154
238,154,152
237,161,158
238,164,162
239,166,164
240,166,166
237,162,163
237,155,153
235,139,137
230,115,112
224,94,85
223,74,68
220,64,58
221,64,53
224,66,53
225,70,56
227,72,59
230,63,57
216,46,57
234,213,208
220,174,185
213,43,56
229,84,64
240,90,71
237,86,69
214,59,62
237,181,182
209,133,141
223,48,56
234,78,71
213,57,58
221,153,156
245,234,234
206,123,129
217,145,149
204,90,93
205,33,49
231,180,186
222,121,137
199,23,49
219,161,163
242,244,240
228,190,200
222,147,155
200,62,72
229,61,59
234,69,58
225,71,57
224,63,54
222,57,53
220,52,57
220,50,46
204,55,44
162,161,61
183,209,39
198,212,40
124,161,62
76,73,74
97,96,105
119,126,131
62,65,67
62,60,62
62,62,60
61,60,59
62,62,62
69,70,70
76,78,80
92,93,97
61,60,64
66,64,68
54,53,55
46,48,46
44,48,45
48,50,50
56,57,59
78,81,83
104,109,118
27,29,39
18,19,24
29,29,29
26,24,26
23,19,20
20,14,9
29,45,18
157,192,55
214,214,32
165,204,58
194,150,77
240,120,100
242,143,127
243,164,145
247,176,161
246,186,172
250,187,178
249,186,176
247,183,173
248,181,170
247,176,163
246,169,150
243,172,164
247,243,240
250,253,254
252,254,254
255,255,255
255,255,255
255,255,255
255,255,255
255,255,255
255,255,255
255,255,255
255,255,255
255,255,255
255,255,255
255,255,255
255,255,255
255,255,255
255,255,255
255,255,255
255,255,255
255,255,255
255,255,255
255,255,255
255,255,255
255,255,255
255,255,255
255,255,255
255,255,255
255,255,255
255,255,255
255,255,255
255,255,255
255,255,255
255,255,255
255,255,255
255,255,255
255,255,255
255,255,255
255,255,255
255,255,255
255,255,255
255,255,255
255,255,255
255,255,255
255,255,255
255,255,255
255,255,255
255,255,255
255,255,255
255,255,255
255,255,255
255,255,255
255,255,255
255,255,255
255,255,255
255,255,255
255,255,255
255,255,255
255,255,255
255,255,255
255,255,255
255,255,255
255,255,255
255,255,255
255,255,255
255,255,255
255,255,255
255,255,255
255,255,255
255,255,255
255,255,255
255,255,255
255,255,255
255,255,255
255,255,255
255,255,255
255,255,255
255,255,255
255,255,255
255,255,255
255,255,255
255,255,255
255,255,255
255,255,255
255,255,255
255,255,255
255,255,255
255,255,255
255,255,255
255,255,255
255,255,255
255,255,255
255,255,255
255,255,255
255,255,255
255,255,255
255,255,255
255,255,255
253,254,255
253,253,255
244,235,231
231,154,152
236,153,152
235,160,158
237,163,160
237,165,163
239,165,164
238,162,161
237,155,153
234,137,136
230,115,110
224,93,84
224,75,69
222,66,58
223,65,53
226,69,55
228,72,58
228,75,62
229,72,62
218,55,57
213,121,121
216,110,115
223,61,55
231,91,66
241,94,71
236,93,69
227,73,61
204,88,81
205,77,76
227,81,73
236,92,76
229,77,65
209,67,67
209,95,102
211,90,93
214,62,73
221,61,63
225,62,61
212,80,86
213,80,80
220,54,52
210,63,67
217,94,100
206,82,87
213,53,57
225,68,55
220,80,58
225,77,55
225,67,53
216,64,56
218,58,54
215,55,52
213,53,38
213,53,42
162,166,62
145,200,53
148,200,57
115,157,66
70,68,70
82,80,88
75,78,83
57,58,59
60,59,56
60,59,57
63,62,60
67,67,67
72,74,74
105,106,112
102,102,110
44,44,48
53,53,55
53,53,53
56,58,55
58,60,60
53,55,58
48,49,52
90,92,88
135,137,135
39,40,43
18,19,20
30,31,27
27,26,22
22,20,22
17,10,24
26,37,23
131,185,73
151,197,58
144,201,68
195,152,83
237,118,104
244,142,124
245,163,148
247,175,168
246,186,171
250,188,174
249,186,176
248,183,172
249,181,168
247,176,162
246,170,150
243,172,164
248,243,240
251,253,254
252,254,254
255,255,255
255,255,255
255,255,255
255,255,255
255,255,255
255,255,255
255,255,255
255,255,255
255,255,255
255,255,255
255,255,255
255,255,255
255,255,255
255,255,255
255,255,255
255,255,255
255,255,255
255,255,255
255,255,255
255,255,255
255,255,255
255,255,255
255,255,255
255,255,255
255,255,255
255,255,255
255,255,255
255,255,255
255,255,255
255,255,255
255,255,255
255,255,255
255,255,255
255,255,255
255,255,255
255,255,255
255,255,255
255,255,255
255,255,255
255,255,255
255,255,255
255,255,255
255,255,255
255,255,255
255,255,255
255,255,255
255,255,255
255,255,255
255,255,255
255,255,255
255,255,255
255,255,255
255,255,255
255,255,255
255,255,255
255,255,255
255,255,255
255,255,255
255,255,255
255,255,255
255,255,255
255,255,255
255,255,255
255,255,255
255,255,255
255,255,255
255,255,255
255,255,255
255,255,255
255,255,255
255,255,255
255,255,255
255,255,255
255,255,255
255,255,255
255,255,255
255,255,255
255,255,255
255,255,255
255,255,255
255,255,255
255,255,255
255,255,255
255,255,255
255,255,255
255,255,255
255,255,255
255,255,255
255,255,255
255,255,255
255,255,255
255,255,255
255,255,255
254,255,255
254,254,255
253,251,254
244,233,229
230,153,150
235,153,151
235,160,159
237,163,160
239,165,162
240,165,164
239,161,160
237,153,151
234,135,134
231,113,109
226,91,83
225,74,68
224,69,59
226,69,56
228,72,56
230,75,58
229,78,62
225,83,64
224,78,65
223,61,64
224,67,66
231,84,67
234,96,67
244,97,72
238,98,72
240,91,69
236,83,67
240,82,69
239,92,74
242,96,74
237,94,69
235,83,67
231,72,65
229,75,67
233,85,70
238,91,71
237,90,69
229,83,66
227,84,66
240,83,74
238,78,72
223,73,66
223,73,62
229,80,63
230,81,64
234,75,60
229,70,55
223,62,48
216,57,44
220,52,42
219,47,39
215,43,34
202,47,40
150,170,62
139,202,67
148,200,73
118,159,67
69,67,65
69,69,75
62,66,69
64,66,68
58,58,58
59,58,57
64,64,64
69,70,69
78,80,83
129,131,142
130,131,144
32,33,37
49,50,49
55,55,55
59,59,58
72,73,76
87,89,95
42,43,47
51,51,46
61,61,57
39,39,39
34,34,33
36,36,34
26,27,24
16,17,17
12,8,24
30,37,25
134,190,55
142,200,64
144,199,68
193,149,78
244,110,102
250,132,116
248,160,140
249,176,163
251,182,171
252,186,175
250,185,177
249,184,173
249,182,168
247,175,162
246,169,150
241,171,164
248,243,241
251,253,253
252,254,254
255,255,255
255,255,255
255,255,255
255,255,255
255,255,255
255,255,255
255,255,255
255,255,255
255,255,255
255,255,255
255,255,255
255,255,255
255,255,255
255,255,255
255,255,255
255,255,255
255,255,255
255,255,255
255,255,255
255,255,255
255,255,255
255,255,255
255,255,255
255,255,255
255,255,255
255,255,255
255,255,255
255,255,255
255,255,255
255,255,255
255,255,255
255,255,255
255,255,255
255,255,255
255,255,255
255,255,255
255,255,255
255,255,255
255,255,255
255,255,255
255,255,255
255,255,255
255,255,255
255,255,255
255,255,255
255,255,255
255,255,255
255,255,255
255,255,255
255,255,255
255,255,255
255,255,255
255,255,255
255,255,255
255,255,255
255,255,255
255,255,255
255,255,255
255,255,255
255,255,255
255,255,255
255,255,255
255,255,255
255,255,255
255,255,255
255,255,255
255,255,255
255,255,255
255,255,255
255,255,255
255,255,255
255,255,255
255,255,255
255,255,255
255,255,255
255,255,255
255,255,255
255,255,255
255,255,255
255,255,255
255,255,255
255,255,255
255,255,255
255,255,255
255,255,255
255,255,255
255,255,255
255,255,255
255,255,255
255,255,255
255,255,255
255,255,255
255,255,255
255,255,255
254,254,255
252,251,255
243,232,228
228,153,149
236,154,152
235,161,160
237,162,160
237,165,161
238,164,163
239,161,160
236,152,149
234,133,132
231,111,107
227,89,82
226,75,69
225,71,60
225,72,57
228,74,57
231,78,60
231,81,64
234,83,63
236,85,65
236,87,67
235,88,66
236,92,69
241,97,73
243,98,73
242,97,73
243,96,73
243,97,70
244,96,72
241,96,72
242,97,72
242,98,72
239,99,72
241,98,74
243,96,74
238,100,70
239,99,71
242,97,71
244,96,69
242,96,69
239,94,67
239,90,62
235,88,61
231,84,60
229,81,58
228,83,61
229,84,68
226,86,74
220,93,80
223,103,93
222,111,108
222,121,122
224,138,139
230,157,159
163,192,94
133,205,61
151,203,59
124,167,66
69,72,66
70,74,77
72,78,80
87,94,99
80,84,89
55,55,57
64,64,64
68,70,67
81,84,87
121,124,138
78,80,95
33,36,41
53,55,54
56,56,56
56,56,58
57,58,63
60,62,68
42,43,47
43,44,40
50,50,49
51,52,53
50,50,50
48,48,47
42,42,48
22,24,33
3,10,5
35,45,19
136,193,71
138,198,60
144,198,61
201,183,117
239,161,158
237,168,149
240,176,157
240,181,173
245,185,177
245,185,179
246,184,179
246,183,173
247,182,169
248,176,161
247,170,150
242,172,164
247,243,240
250,253,252
251,255,253
255,255,255
255,255,255
255,255,255
255,255,255
255,255,255
255,255,255
255,255,255
255,255,255
255,255,255
255,255,255
255,255,255
255,255,255
255,255,255
255,255,255
255,255,255
255,255,255
255,255,255
255,255,255
255,255,255
255,255,255
255,255,255
255,255,255
255,255,255
255,255,255
255,255,255
255,255,255
255,255,255
255,255,255
255,255,255
255,255,255
255,255,255
255,255,255
255,255,255
255,255,255
255,255,255
255,255,255
255,255,255
255,255,255
255,255,255
255,255,255
255,255,255
255,255,255
255,255,255
255,255,255
255,255,255
255,255,255
255,255,255
255,255,255
255,255,255
255,255,255
255,255,255
255,255,255
255,255,255
255,255,255
255,255,255
255,255,255
255,255,255
255,255,255
255,255,255
255,255,255
255,255,255
255,255,255
255,255,255
255,255,255
255,255,255
255,255,255
255,255,255
255,255,255
255,255,255
255,255,255
255,255,255
255,255,255
255,255,255
255,255,255
255,255,255
255,255,255
255,255,255
255,255,255
255,255,255
255,255,255
255,255,255
255,255,255
255,255,255
255,255,255
255,255,255
255,255,255
255,255,255
255,255,255
255,255,255
255,255,255
255,255,255
255,255,255
255,255,255
255,255,254
254,254,255
251,253,255
243,232,228
226,153,148
237,152,151
237,160,160
238,162,159
237,165,161
239,164,163
239,160,158
236,150,147
234,131,130
230,109,105
225,89,80
224,77,68
225,73,61
226,74,56
228,77,56
230,82,59
230,86,61
233,87,63
239,89,64
239,93,65
235,97,65
238,96,70
245,96,76
243,97,74
243,96,73
240,98,72
242,98,71
237,101,72
240,99,71
242,98,71
242,97,71
240,99,69
242,96,69
245,90,67
240,94,67
239,97,71
229,102,74
231,108,83
235,117,102
235,132,119
242,145,130
242,163,148
236,179,167
233,186,178
233,195,186
228,201,193
219,202,199
208,200,196
195,187,185
178,175,173
160,161,160
144,150,147
129,134,132
137,170,85
132,192,68
116,168,75
125,173,78
69,78,64
73,74,82
96,101,110
91,99,107
52,55,61
54,55,57
63,64,64
68,69,68
78,80,84
91,93,106
40,41,55
54,55,62
62,63,65
58,58,58
52,51,52
47,49,50
44,44,48
43,43,45
49,50,48
56,58,56
56,57,58
54,54,56
54,54,54
47,47,57
25,23,37
2,5,6
57,77,36
111,171,88
124,182,71
143,203,72
125,148,106
153,153,155
205,203,207
220,213,211
234,221,221
243,228,220
246,225,219
247,219,213
243,209,200
239,197,187
241,183,170
245,169,159
239,170,167
248,240,236
249,254,251
252,255,252
255,255,255
255,255,255
255,255,255
255,255,255
255,255,255
255,255,255
255,255,255
255,255,255
255,255,255
255,255,255
255,255,255
255,255,255
255,255,255
255,255,255
255,255,255
255,255,255
255,255,255
255,255,255
255,255,255
255,255,255
255,255,255
255,255,255
255,255,255
255,255,255
255,255,255
255,255,255
255,255,255
255,255,255
255,255,255
255,255,255
255,255,255
255,255,255
255,255,255
255,255,255
255,255,255
255,255,255
255,255,255
255,255,255
255,255,255
255,255,255
255,255,255
255,255,255
255,255,255
255,255,255
255,255,255
255,255,255
255,255,255
255,255,255
255,255,255
255,255,255
255,255,255
255,255,255
255,255,255
255,255,255
255,255,255
255,255,255
255,255,255
255,255,255
255,255,255
255,255,255
255,255,255
255,255,255
255,255,255
255,255,255
255,255,255
255,255,255
255,255,255
255,255,255
255,255,255
255,255,255
255,255,255
255,255,255
255,255,255
255,255,255
255,255,255
255,255,255
255,255,255
255,255,255
255,255,255
255,255,255
255,255,255
255,255,255
255,255,255
255,255,255
255,255,255
255,255,255
255,255,255
255,255,255
255,255,255
255,255,255
255,255,255
255,255,255
253,255,254
253,254,254
252,253,255
252,254,255
245,231,229
226,152,148
238,152,151
238,160,159
237,162,159
239,165,162
239,165,165
238,160,159
236,147,148
233,128,130
229,107,105
226,89,81
226,78,70
228,73,63
230,74,61
231,78,63
232,83,67
233,87,68
234,89,69
237,92,71
238,95,70
240,96,71
242,97,71
242,97,69
242,98,69
242,98,69
242,96,68
238,96,68
237,95,67
238,96,67
235,100,72
234,107,84
236,120,101
234,136,119
234,156,145
242,173,164
244,193,181
236,200,187
229,205,195
211,202,195
190,189,186
176,177,175
153,157,155
132,135,135
112,113,115
92,93,95
83,85,89
79,80,83
73,76,75
67,69,71
66,67,67
65,66,66
68,69,64
66,72,68
110,141,80
129,187,70
90,151,85
126,180,83
83,95,68
71,68,66
121,122,133
72,74,83
42,43,48
57,60,61
60,61,61
61,62,63
64,65,69
59,59,66
48,49,56
69,69,74
79,81,83
71,73,74
48,49,51
42,42,44
46,45,47
48,47,47
51,52,48
55,56,54
54,54,54
48,48,50
37,37,39
20,21,28
11,13,20
14,14,16
93,121,58
106,165,88
104,160,83
142,188,74
36,53,30
44,52,53
79,81,95
93,94,97
129,131,127
158,162,160
174,177,174
189,192,187
209,207,202
227,219,214
239,230,221
247,217,215
239,211,211
247,244,240
248,254,250
252,254,253
255,255,255
255,255,255
255,255,255
255,255,255
255,255,255
255,255,255
255,255,255
255,255,255
255,255,255
255,255,255
255,255,255
255,255,255
255,255,255
255,255,255
255,255,255
255,255,255
255,255,255
255,255,255
255,255,255
255,255,255
255,255,255
255,255,255
255,255,255
255,255,255
255,255,255
255,255,255
255,255,255
255,255,255
255,255,255
255,255,255
255,255,255
255,255,255
255,255,255
255,255,255
255,255,255
255,255,255
255,255,255
255,255,255
255,255,255
255,255,255
255,255,255
255,255,255
255,255,255
255,255,255
255,255,255
255,255,255
255,255,255
255,255,255
255,255,255
255,255,255
255,255,255
255,255,255
255,255,255
255,255,255
255,255,255
255,255,255
255,255,255
255,255,255
255,255,255
255,255,255
255,255,255
255,255,255
255,255,255
255,255,255
255,255,255
255,255,255
255,255,255
255,255,255
255,255,255
255,255,255
255,255,255
255,255,255
255,255,255
255,255,255
255,255,255
255,255,255
255,255,255
255,255,255
255,255,255
255,255,255
255,255,255
255,255,255
255,255,255
255,255,255
255,255,255
255,255,255
255,255,255
255,255,255
255,255,255
255,255,255
255,255,255
255,255,255
253,255,254
253,254,254
252,254,255
252,255,255
245,229,229
227,149,147
239,151,151
238,160,158
236,162,160
238,165,163
238,164,163
237,160,158
235,148,147
233,129,127
230,108,101
228,90,77
228,82,66
227,78,61
228,80,63
232,81,66
236,83,71
237,87,71
238,89,69
240,92,68
241,93,69
241,93,68
241,93,66
239,92,66
235,98,76
229,107,89
234,125,108
241,143,126
242,164,144
234,187,165
230,194,181
228,203,199
209,194,195
186,184,181
165,175,172
132,143,143
110,119,119
90,95,98
86,84,94
90,93,97
85,94,94
73,87,88
69,78,81
65,66,69
60,59,60
58,60,61
62,63,64
70,69,71
90,90,93
80,84,86
67,69,69
64,66,66
66,67,66
75,73,78
94,114,77
141,196,77
97,157,87
110,167,86
107,130,72
60,59,64
59,60,63
52,49,54
59,58,63
59,61,63
59,59,59
56,57,57
53,54,56
47,48,50
54,55,57
62,64,64
77,79,80
97,102,107
92,98,105
42,45,52
41,41,44
49,49,47
51,51,47
52,52,50
46,46,46
37,37,37
28,28,30
24,25,27
22,23,24
26,29,21
128,165,72
112,173,85
107,168,85
126,168,73
46,61,53
62,72,72
64,67,73
83,86,84
114,116,111
143,145,146
159,160,162
141,141,144
141,141,143
153,155,154
169,178,176
192,193,195
211,217,216
245,250,249
249,253,252
253,254,254
255,255,255
255,255,255
255,255,255
255,255,255
255,255,255
255,255,255
255,255,255
255,255,255
255,255,255
255,255,255
255,255,255
255,255,255
255,255,255
255,255,255
255,255,255
255,255,255
255,255,255
255,255,255
255,255,255
255,255,255
255,255,255
255,255,255
255,255,255
255,255,255
255,255,255
255,255,255
255,255,255
255,255,255
255,255,255
255,255,255
255,255,255
255,255,255
255,255,255
255,255,255
255,255,255
255,255,255
255,255,255
255,255,255
255,255,255
255,255,255
255,255,255
255,255,255
255,255,255
255,255,255
255,255,255
255,255,255
255,255,255
255,255,255
255,255,255
255,255,255
255,255,255
255,255,255
255,255,255
255,255,255
255,255,255
255,255,255
255,255,255
255,255,255
255,255,255
255,255,255
255,255,255
255,255,255
255,255,255
255,255,255
255,255,255
255,255,255
255,255,255
255,255,255
255,255,255
255,255,255
255,255,255
255,255,255
255,255,255
255,255,255
255,255,255
255,255,255
255,255,255
255,255,255
255,255,255
255,255,255
255,255,255
255,255,255
255,255,255
255,255,255
255,255,255
255,255,255
255,255,255
255,255,255
255,255,255
255,255,255
255,255,255
255,255,255
253,255,254
253,254,254
252,254,255
251,255,255
245,226,227
229,148,147
238,151,151
238,159,159
237,162,161
239,165,163
239,165,162
238,159,156
237,146,144
234,129,123
230,107,96
225,93,73
226,85,65
232,79,61
230,79,63
231,80,57
232,83,53
233,85,55
233,90,66
234,102,81
230,119,98
232,137,120
239,158,145
244,182,167
236,197,186
219,199,194
200,195,189
194,197,192
157,165,161
117,122,124
93,99,99
81,85,83
62,67,64
53,57,55
55,58,56
53,56,55
53,55,55
51,52,52
53,57,58
68,67,74
84,84,95
100,104,116
115,116,131
104,101,112
66,65,67
64,63,67
64,64,64
65,64,68
102,103,109
116,120,126
60,60,63
57,58,56
57,57,57
54,51,60
58,67,52
130,173,77
101,158,86
96,154,87
129,174,82
70,80,73
71,71,77
63,61,66
59,58,60
60,60,60
61,61,61
63,64,63
59,60,61
55,56,58
55,56,57
55,56,55
55,56,58
71,74,84
111,116,129
57,61,71
37,38,43
49,47,49
50,49,47
49,49,48
42,42,42
37,36,38
35,35,37
36,35,34
22,21,19
63,81,38
131,179,86
73,128,91
123,184,87
100,133,68
79,88,99
117,123,133
103,104,115
86,87,88
110,112,112
140,141,144
166,167,170
146,146,149
144,144,146
152,153,154
169,165,169
176,169,174
185,188,189
243,248,248
253,253,252
253,252,253
255,255,255
255,255,255
255,255,255
255,255,255
255,255,255
255,255,255
255,255,255
255,255,255
255,255,255
255,255,255
255,255,255
255,255,255
255,255,255
255,255,255
255,255,255
255,255,255
255,255,255
255,255,255
255,255,255
255,255,255
255,255,255
255,255,255
255,255,255
255,255,255
255,255,255
255,255,255
255,255,255
255,255,255
255,255,255
255,255,255
255,255,255
255,255,255
255,255,255
255,255,255
255,255,255
255,255,255
255,255,255
255,255,255
255,255,255
255,255,255
255,255,255
255,255,255
255,255,255
255,255,255
255,255,255
255,255,255
255,255,255
255,255,255
255,255,255
255,255,255
255,255,255
255,255,255
255,255,255
255,255,255
255,255,255
255,255,255
255,255,255
255,255,255
255,255,255
255,255,255
255,255,255
255,255,255
255,255,255
255,255,255
255,255,255
255,255,255
255,255,255
255,255,255
255,255,255
255,255,255
255,255,255
255,255,255
255,255,255
255,255,255
255,255,255
255,255,255
255,255,255
255,255,255
255,255,255
255,255,255
255,255,255
255,255,255
255,255,255
255,255,255
255,255,255
255,255,255
255,255,255
255,255,255
255,255,255
255,255,255
255,255,255
255,255,255
253,255,254
253,253,253
253,253,255
251,255,255
245,225,226
232,146,146
237,151,151
239,159,159
239,161,161
240,165,162
238,165,162
235,161,154
236,144,136
234,124,114
231,102,92
229,84,78
225,78,64
225,83,61
227,96,80
230,119,106
234,148,136
237,173,161
229,191,182
228,201,199
223,217,214
202,203,202
144,157,158
116,122,124
90,91,98
62,65,75
51,53,66
71,74,90
62,62,75
54,49,57
56,53,57
63,62,69
65,65,71
61,62,65
59,59,60
59,60,59
59,62,60
57,60,58
56,57,55
64,61,65
55,56,59
73,80,87
111,121,137
104,119,128
52,65,64
59,63,66
63,63,63
61,61,63
79,83,89
113,117,126
63,63,68
60,61,56
61,62,58
61,58,64
57,57,55
106,134,61
137,193,79
85,139,101
108,167,85
105,136,69
94,100,99
68,72,76
43,45,47
54,54,55
60,60,59
67,67,67
71,71,73
67,67,70
54,53,57
49,49,51
49,49,49
44,46,52
56,59,66
48,49,56
46,45,49
52,49,51
55,52,54
50,49,52
41,38,42
39,37,41
44,42,44
41,40,40
30,37,31
112,158,74
111,173,86
104,162,81
140,191,74
46,63,38
56,60,76
119,122,143
105,107,124
80,82,85
107,109,109
133,134,135
150,150,151
144,142,144
145,144,144
152,153,153
168,167,169
175,174,177
185,190,189
240,246,245
251,255,253
253,254,253
255,255,255
255,255,255
255,255,255
255,255,255
255,255,255
255,255,255
255,255,255
255,255,255
255,255,255
255,255,255
255,255,255
255,255,255
255,255,255
255,255,255
255,255,255
255,255,255
255,255,255
255,255,255
255,255,255
255,255,255
255,255,255
255,255,255
255,255,255
255,255,255
255,255,255
255,255,255
255,255,255
255,255,255
255,255,255
255,255,255
255,255,255
255,255,255
255,255,255
255,255,255
255,255,255
255,255,255
255,255,255
255,255,255
255,255,255
255,255,255
255,255,255
255,255,255
255,255,255
255,255,255
255,255,255
255,255,255
255,255,255
255,255,255
255,255,255
255,255,255
255,255,255
255,255,255
255,255,255
255,255,255
255,255,255
255,255,255
255,255,255
255,255,255
255,255,255
255,255,255
255,255,255
255,255,255
255,255,255
255,255,255
255,255,255
255,255,255
255,255,255
255,255,255
255,255,255
255,255,255
255,255,255
255,255,255
255,255,255
255,255,255
255,255,255
255,255,255
255,255,255
255,255,255
255,255,255
255,255,255
255,255,255
255,255,255
255,255,255
255,255,255
255,255,255
255,255,255
255,255,255
255,255,255
255,255,255
255,255,255
255,255,255
255,255,255
253,255,254
254,253,254
253,253,255
252,255,255
245,224,225
234,144,147
238,149,150
240,156,158
238,159,160
237,162,162
236,163,162
233,161,158
231,152,148
228,149,141
227,151,140
236,162,152
241,180,173
234,196,188
217,193,190
193,181,177
165,162,161
127,133,134
90,95,99
64,72,77
97,104,113
98,100,108
53,51,54
52,47,50
52,51,51
54,55,54
53,55,54
55,58,57
59,62,62
57,58,60
56,56,58
68,70,72
82,83,85
66,69,69
60,63,61
59,62,60
58,62,60
61,62,61
58,56,55
78,74,77
62,62,58
42,45,49
56,59,76
64,67,80
54,57,57
59,59,63
61,60,61
58,60,60
62,66,71
81,85,94
66,64,71
63,65,59
64,65,58
61,59,59
57,56,57
64,77,56
140,185,78
90,144,89
99,161,87
129,176,76
100,119,96
61,72,80
42,47,47
54,54,57
56,57,57
59,61,59
71,71,71
80,80,83
67,67,73
46,46,51
51,50,53
51,48,53
48,46,51
50,49,52
81,80,81
103,102,103
61,59,61
54,50,58
46,42,49
37,35,41
45,42,46
39,39,38
83,107,56
118,172,86
70,125,98
121,173,80
115,145,63
25,28,31
14,17,23
63,66,84
75,78,93
74,77,78
103,105,101
127,127,126
141,139,140
144,140,143
145,143,143
151,153,151
166,168,167
175,177,179
178,177,180
241,241,243
252,254,253
253,254,253
255,255,255
255,255,255
255,255,255
255,255,255
255,255,255
255,255,255
255,255,255
255,255,255
255,255,255
255,255,255
255,255,255
255,255,255
255,255,255
255,255,255
255,255,255
255,255,255
255,255,255
255,255,255
255,255,255
255,255,255
255,255,255
255,255,255
255,255,255
255,255,255
255,255,255
255,255,255
255,255,255
255,255,255
255,255,255
255,255,255
255,255,255
255,255,255
255,255,255
255,255,255
255,255,255
255,255,255
255,255,255
255,255,255
255,255,255
255,255,255
255,255,255
255,255,255
255,255,255
255,255,255
255,255,255
255,255,255
255,255,255
255,255,255
255,255,255
255,255,255
255,255,255
255,255,255
255,255,255
255,255,255
255,255,255
255,255,255
255,255,255
255,255,255
255,255,255
255,255,255
255,255,255
255,255,255
255,255,255
255,255,255
255,255,255
255,255,255
255,255,255
255,255,255
255,255,255
255,255,255
255,255,255
255,255,255
255,255,255
255,255,255
255,255,255
255,255,255
255,255,255
255,255,255
255,255,255
255,255,255
255,255,255
255,255,255
255,255,255
255,255,255
255,255,255
255,255,255
255,255,255
255,255,255
255,255,255
255,255,255
255,255,255
255,255,255
254,255,255
253,254,254
253,253,254
252,255,254
240,220,219
223,149,152
232,161,162
237,174,176
241,190,190
242,204,200
241,213,210
237,219,220
236,222,224
219,213,210
187,187,182
146,151,147
104,108,109
73,75,79
54,56,59
49,48,51
44,44,45
42,43,45
43,43,47
39,39,44
51,53,59
63,66,71
56,57,58
54,54,53
53,53,52
56,58,55
58,59,58
59,58,56
57,57,57
54,57,57
50,53,54
65,68,68
105,108,109
71,74,73
59,61,61
60,60,61
64,64,65
72,70,73
65,63,66
57,57,59
57,58,58
56,56,59
53,51,60
54,51,58
59,55,57
59,56,58
58,56,59
57,57,59
58,61,64
63,66,70
60,59,62
62,63,60
65,65,62
60,59,59
55,56,57
45,49,51
97,125,59
142,200,70
103,164,83
102,157,73
120,161,81
43,59,47
44,46,54
54,54,56
54,54,57
51,55,54
58,58,61
79,80,85
86,87,94
42,43,48
48,48,49
52,50,50
52,49,52
49,48,49
80,79,82
135,135,142
78,79,84
61,63,70
33,32,41
32,30,38
34,33,44
71,85,47
130,177,79
96,150,82
111,169,84
140,187,79
36,47,25
0,0,9
3,6,9
23,24,34
61,62,71
74,78,79
98,100,99
124,124,125
138,136,138
144,141,142
145,144,144
149,152,151
166,167,166
175,174,176
175,173,176
244,242,245
254,255,254
254,254,254
255,255,255
255,255,255
255,255,255
255,255,255
255,255,255
255,255,255
255,255,255
255,255,255
255,255,255
255,255,255
255,255,255
255,255,255
255,255,255
255,255,255
255,255,255
255,255,255
255,255,255
255,255,255
255,255,255
255,255,255
255,255,255
255,255,255
255,255,255
255,255,255
255,255,255
255,255,255
255,255,255
255,255,255
255,255,255
255,255,255
255,255,255
255,255,255
255,255,255
255,255,255
255,255,255
255,255,255
255,255,255
255,255,255
255,255,255
255,255,255
255,255,255
255,255,255
255,255,255
255,255,255
255,255,255
255,255,255
255,255,255
255,255,255
255,255,255
255,255,255
255,255,255
255,255,255
255,255,255
255,255,255
255,255,255
255,255,255
255,255,255
255,255,255
255,255,255
255,255,255
255,255,255
255,255,255
255,255,255
255,255,255
255,255,255
255,255,255
255,255,255
255,255,255
255,255,255
255,255,255
255,255,255
255,255,255
255,255,255
255,255,255
255,255,255
255,255,255
255,255,255
255,255,255
255,255,255
255,255,255
255,255,255
255,255,255
255,255,255
255,255,255
255,255,255
255,255,255
255,255,255
255,255,255
255,255,255
255,255,255
255,255,255
255,255,255
254,255,255
252,254,254
253,254,253
248,253,251
243,240,236
237,220,218
235,228,224
232,230,227
226,227,224
207,210,207
191,197,198
183,187,189
164,165,168
114,115,116
71,72,74
44,45,47
32,32,34
34,34,37
42,43,43
49,49,49
52,51,51
54,53,53
53,53,54
48,48,49
49,48,51
59,60,64
60,63,65
55,55,57
54,54,56
58,60,61
68,71,73
63,63,63
58,57,55
56,56,55
53,54,55
48,51,53
51,54,57
50,54,55
55,58,57
59,59,59
62,62,64
91,93,95
72,75,76
62,62,64
63,63,63
64,65,64
59,61,60
55,57,57
55,56,56
56,55,54
56,55,56
55,55,57
54,56,57
54,56,57
54,54,54
59,59,59
62,61,61
58,58,59
55,55,55
55,50,55
50,57,40
124,168,66
129,189,72
100,153,93
111,158,89
119,155,62
60,71,62
53,56,55
56,55,46
53,49,54
49,47,54
48,48,58
51,54,62
41,45,46
42,47,42
46,50,44
47,48,48
46,48,50
42,43,49
39,41,51
50,58,66
96,103,120
58,54,76
21,22,22
58,82,39
124,178,80
90,147,76
107,161,88
141,191,78
80,106,47
0,1,13
1,5,10
9,11,14
26,27,31
56,56,62
89,92,98
114,117,121
122,122,127
136,135,139
143,140,141
144,142,143
152,153,153
168,169,168
173,174,174
173,173,174
243,243,243
255,255,255
255,254,255
255,255,255
255,255,255
255,255,255
255,255,255
255,255,255
255,255,255
255,255,255
255,255,255
255,255,255
255,255,255
255,255,255
255,255,255
255,255,255
255,255,255
255,255,255
255,255,255
255,255,255
255,255,255
255,255,255
255,255,255
255,255,255
255,255,255
255,255,255
255,255,255
255,255,255
255,255,255
255,255,255
255,255,255
255,255,255
255,255,255
255,255,255
255,255,255
255,255,255
255,255,255
255,255,255
255,255,255
255,255,255
255,255,255
255,255,255
255,255,255
255,255,255
255,255,255
255,255,255
255,255,255
255,255,255
255,255,255
255,255,255
255,255,255
255,255,255
255,255,255
255,255,255
255,255,255
255,255,255
255,255,255
255,255,255
255,255,255
255,255,255
255,255,255
255,255,255
255,255,255
255,255,255
255,255,255
255,255,255
255,255,255
255,255,255
255,255,255
255,255,255
255,255,255
255,255,255
255,255,255
255,255,255
255,255,255
255,255,255
255,255,255
255,255,255
255,255,255
255,255,255
255,255,255
255,255,255
255,255,255
255,255,255
255,255,255
255,255,255
255,255,255
255,255,255
255,255,255
255,255,255
255,255,255
255,255,255
255,255,255
255,255,255
255,255,255
254,255,255
253,254,254
253,253,253
252,255,254
233,236,234
181,184,182
182,183,184
184,184,186
178,179,180
171,171,172
167,169,171
178,180,184
167,169,173
106,108,111
73,74,76
57,56,59
50,50,53
57,57,60
54,54,54
52,53,53
51,51,51
52,52,50
54,54,53
51,51,52
51,51,52
63,64,66
73,76,77
63,66,65
55,58,60
90,93,98
102,104,111
63,65,68
58,59,57
61,62,62
62,63,64
55,56,57
48,52,52
51,55,55
55,56,56
56,56,58
55,56,60
66,68,72
55,56,59
56,55,57
57,57,57
56,58,57
54,55,55
54,55,55
55,55,53
54,54,52
55,54,54
52,53,54
50,52,49
47,50,47
49,50,50
50,50,51
49,49,50
51,51,51
54,54,54
56,53,52
50,48,56
63,81,53
138,184,79
101,158,73
131,191,77
131,188,72
121,161,78
85,105,75
71,73,80
51,49,49
49,49,40
50,50,48
61,63,65
66,70,71
42,46,48
44,46,49
48,46,48
47,46,46
47,47,44
46,47,40
42,45,39
42,43,56
38,42,51
70,94,41
130,179,80
87,147,85
109,176,88
119,174,81
111,149,59
12,23,17
2,6,10
1,6,7
14,15,19
32,32,38
68,69,77
111,114,123
155,159,167
126,126,131
132,131,135
142,139,140
143,141,143
156,156,158
172,173,172
172,174,173
171,173,172
241,241,241
255,255,255
254,255,255
255,255,255
255,255,255
255,255,255
255,255,255
255,255,255
255,255,255
255,255,255
255,255,255
255,255,255
255,255,255
255,255,255
255,255,255
255,255,255
255,255,255
255,255,255
255,255,255
255,255,255
255,255,255
255,255,255
255,255,255
255,255,255
255,255,255
255,255,255
255,255,255
255,255,255
255,255,255
255,255,255
255,255,255
255,255,255
255,255,255
255,255,255
255,255,255
255,255,255
255,255,255
255,255,255
255,255,255
255,255,255
255,255,255
255,255,255
255,255,255
255,255,255
255,255,255
255,255,255
255,255,255
255,255,255
255,255,255
255,255,255
255,255,255
255,255,255
255,255,255
255,255,255
255,255,255
255,255,255
255,255,255
255,255,255
255,255,255
255,255,255
255,255,255
255,255,255
255,255,255
255,255,255
255,255,255
255,255,255
255,255,255
255,255,255
255,255,255
255,255,255
255,255,255
255,255,255
255,255,255
255,255,255
255,255,255
255,255,255
255,255,255
255,255,255
255,255,255
255,255,255
255,255,255
255,255,255
255,255,255
255,255,255
255,255,255
255,255,255
255,255,255
255,255,255
255,255,255
255,255,255
255,255,255
255,255,255
255,255,255
255,255,255
255,255,255
254,255,255
253,254,255
254,254,255
255,255,255
230,230,230
170,170,172
177,177,179
177,179,179
174,176,175
175,174,172
169,168,168
166,166,170
146,147,152
100,101,104
74,75,77
59,59,62
53,54,59
77,78,84
92,94,98
67,68,71
54,55,55
51,52,50
52,52,51
51,51,51
51,51,51
57,58,60
77,81,84
80,83,85
63,66,68
89,93,99
70,72,79
52,53,58
61,62,63
71,72,75
76,77,79
67,68,70
55,57,57
53,55,54
53,54,54
53,53,54
52,52,55
50,51,55
48,50,52
49,50,51
48,48,49
48,48,48
54,54,54
60,60,60
62,62,62
61,61,61
57,58,60
53,54,55
47,50,48
44,48,44
46,47,47
47,47,47
47,47,47
51,51,51
56,57,56
60,60,54
69,69,66
51,52,57
74,93,53
143,193,71
130,190,62
87,139,84
109,160,82
136,186,83
135,162,110
67,80,64
35,39,39
48,48,53
61,59,72
91,92,105
60,63,70
37,39,43
48,44,46
49,43,50
48,45,54
42,44,48
37,41,35
51,63,35
105,140,69
122,174,91
104,157,83
118,169,88
128,184,81
130,172,71
47,63,47
49,57,65
25,31,30
1,3,3
8,8,11
21,20,24
53,53,62
97,100,111
141,144,152
120,123,127
132,133,135
147,147,150
164,165,169
184,187,189
185,187,189
173,174,174
171,172,171
241,241,241
255,255,255
255,255,255
255,255,255
255,255,255
255,255,255
255,255,255
255,255,255
255,255,255
255,255,255
255,255,255
255,255,255
255,255,255
255,255,255
255,255,255
255,255,255
255,255,255
255,255,255
255,255,255
255,255,255
255,255,255
255,255,255
255,255,255
255,255,255
255,255,255
255,255,255
255,255,255
255,255,255
255,255,255
255,255,255
255,255,255
255,255,255
255,255,255
255,255,255
255,255,255
255,255,255
255,255,255
255,255,255
255,255,255
255,255,255
255,255,255
255,255,255
255,255,255
255,255,255
255,255,255
255,255,255
255,255,255
255,255,255
255,255,255
255,255,255
255,255,255
255,255,255
255,255,255
255,255,255
255,255,255
255,255,255
255,255,255
255,255,255
255,255,255
255,255,255
255,255,255
255,255,255
255,255,255
255,255,255
255,255,255
255,255,255
255,255,255
255,255,255
255,255,255
255,255,255
255,255,255
255,255,255
255,255,255
255,255,255
255,255,255
255,255,255
255,255,255
255,255,255
255,255,255
255,255,255
255,255,255
255,255,255
255,255,255
255,255,255
255,255,255
255,255,255
255,255,255
255,255,255
255,255,255
255,255,255
255,255,255
255,255,255
255,255,255
255,255,255
255,255,255
255,255,255
253,254,255
253,253,255
255,255,255
227,226,227
171,171,172
180,179,179
178,177,176
177,175,175
174,173,173
164,164,166
152,153,153
128,128,129
97,98,97
72,71,70
55,53,55
47,47,53
66,69,78
126,129,137
98,100,105
58,61,61
52,54,53
52,52,53
50,50,51
48,48,48
51,52,55
71,74,81
113,115,123
79,81,86
44,48,50
42,44,46
51,52,54
59,61,64
72,74,79
77,81,83
82,83,85
57,59,60
51,53,52
51,51,51
49,49,49
51,51,53
53,54,56
54,56,56
52,53,52
49,49,49
48,48,49
51,51,52
66,66,65
86,87,88
95,96,99
81,82,84
63,64,66
54,57,57
47,51,48
46,47,45
47,47,46
49,49,48
54,55,54
74,75,77
88,88,91
79,77,88
54,53,55
39,40,45
74,93,50
134,180,73
108,170,77
92,149,95
85,143,84
142,200,70
124,171,82
89,114,56
59,76,43
47,57,48
77,84,89
70,76,90
22,27,35
40,40,40
45,45,42
52,64,40
71,97,46
101,139,65
125,175,87
100,153,93
96,152,89
94,150,87
135,193,75
141,176,76
43,54,47
36,43,44
73,77,87
26,28,37
0,0,1
2,3,6
10,11,14
29,31,35
61,64,70
95,99,104
109,111,113
129,131,131
150,154,155
183,189,192
198,208,209
194,200,200
178,179,179
175,174,174
239,239,239
255,255,255
255,255,255
255,255,255
255,255,255
255,255,255
255,255,255
255,255,255
255,255,255
255,255,255
255,255,255
255,255,255
255,255,255
255,255,255
255,255,255
255,255,255
255,255,255
255,255,255
255,255,255
255,255,255
255,255,255
255,255,255
255,255,255
255,255,255
255,255,255
255,255,255
255,255,255
255,255,255
255,255,255
255,255,255
255,255,255
255,255,255
255,255,255
255,255,255
255,255,255
255,255,255
255,255,255
255,255,255
255,255,255
255,255,255
255,255,255
255,255,255
255,255,255
255,255,255
255,255,255
255,255,255
255,255,255
255,255,255
255,255,255
255,255,255
255,255,255
255,255,255
255,255,255
255,255,255
255,255,255
255,255,255
255,255,255
255,255,255
255,255,255
255,255,255
255,255,255
255,255,255
255,255,255
255,255,255
255,255,255
255,255,255
255,255,255
255,255,255
255,255,255
255,255,255
255,255,255
255,255,255
255,255,255
255,255,255
255,255,255
255,255,255
255,255,255
255,255,255
255,255,255
255,255,255
255,255,255
255,255,255
255,255,255
255,255,255
255,255,255
255,255,255
255,255,255
255,255,255
255,255,255
255,255,255
255,255,255
255,255,255
255,255,255
255,255,255
255,255,255
255,255,255
254,254,255
253,254,255
255,255,255
224,225,224
170,172,169
190,191,190
182,182,182
176,177,179
176,178,183
173,175,178
147,148,150
122,122,122
93,93,91
65,65,63
48,47,46
42,41,44
49,51,58
97,101,112
99,103,111
57,61,63
52,54,53
53,53,53
50,50,51
47,47,48
47,47,52
59,62,71
118,120,132
105,106,114
53,56,55
48,50,47
48,49,50
64,67,75
101,105,114
108,114,119
90,92,96
57,58,61
49,49,50
49,48,49
48,47,48
50,50,52
60,61,63
68,72,71
65,68,66
51,52,52
45,46,45
42,42,42
44,44,46
66,65,71
69,70,75
51,52,54
55,56,60
74,77,80
65,69,70
45,47,46
46,46,43
44,45,43
41,41,41
108,109,113
94,95,100
30,29,42
39,39,39
43,44,46
34,38,42
59,75,45
130,175,57
120,173,80
115,178,77
130,189,79
91,140,85
117,166,89
123,174,79
116,162,79
114,161,68
103,147,73
87,129,54
98,139,60
114,159,63
118,164,73
142,197,74
103,156,82
92,151,97
76,130,96
107,164,98
129,188,74
119,160,77
79,86,74
15,17,26
18,20,29
16,17,24
11,11,21
16,17,22
9,10,14
6,6,8
21,21,21
46,47,49
77,78,81
105,105,108
126,127,127
141,143,145
163,166,169
173,178,180
175,180,180
175,177,177
172,173,172
238,238,238
255,255,255
255,255,255
255,255,255
255,255,255
255,255,255
255,255,255
255,255,255
255,255,255
255,255,255
255,255,255
255,255,255
255,255,255
255,255,255
255,255,255
255,255,255
255,255,255
255,255,255
255,255,255
255,255,255
255,255,255
255,255,255
255,255,255
255,255,255
255,255,255
255,255,255
255,255,255
255,255,255
255,255,255
255,255,255
255,255,255
255,255,255
255,255,255
255,255,255
255,255,255
255,255,255
255,255,255
255,255,255
255,255,255
255,255,255
255,255,255
255,255,255
255,255,255
255,255,255
255,255,255
255,255,255
255,255,255
255,255,255
255,255,255
255,255,255
255,255,255
255,255,255
255,255,255
255,255,255
255,255,255
255,255,255
255,255,255
255,255,255
255,255,255
255,255,255
255,255,255
255,255,255
255,255,255
255,255,255
255,255,255
255,255,255
255,255,255
255,255,255
255,255,255
255,255,255
255,255,255
255,255,255
255,255,255
255,255,255
255,255,255
255,255,255
255,255,255
255,255,255
255,255,255
255,255,255
255,255,255
255,255,255
255,255,255
255,255,255
255,255,255
255,255,255
255,255,255
255,255,255
255,255,255
255,255,255
255,255,255
255,255,255
255,255,255
255,255,255
255,255,255
255,255,255
255,255,255
255,255,255
255,255,255
221,221,221
170,170,170
181,181,181
180,180,180
178,178,180
177,175,180
184,183,187
153,152,155
117,117,117
89,89,89
59,60,60
43,43,43
40,39,40
40,40,44
61,63,72
82,86,95
57,61,64
53,55,54
54,55,52
50,51,50
47,47,46
43,43,46
50,53,60
87,91,102
113,117,126
56,60,59
48,51,48
41,43,44
69,72,82
109,114,127
92,97,107
64,66,72
51,52,55
51,50,52
50,49,50
49,49,49
53,54,57
73,76,81
95,100,103
75,80,79
51,53,52
44,45,44
42,42,41
35,35,37
29,28,35
29,29,35
39,40,41
50,52,55
96,100,108
102,107,112
46,47,47
43,43,41
40,42,40
35,37,36
31,34,37
27,28,33
36,37,40
39,40,41
41,43,41
42,44,43
35,37,45
97,119,67
153,203,77
117,179,72
110,170,77
115,174,82
86,140,81
104,161,89
77,127,95
102,158,92
98,154,90
111,168,83
106,160,87
135,195,86
85,134,83
130,189,78
108,170,78
104,166,90
112,172,81
107,164,82
144,194,78
57,75,48
22,22,34
17,20,23
14,17,17
15,16,14
20,20,19
47,48,51
38,39,43
3,3,4
18,19,17
44,44,44
78,78,80
113,113,115
126,126,128
137,137,139
145,145,147
154,155,156
163,166,165
172,174,173
170,171,170
235,235,235
255,255,255
255,255,255
255,255,255
255,255,255
255,255,255
255,255,255
255,255,255
255,255,255
255,255,255
255,255,255
255,255,255
255,255,255
255,255,255
255,255,255
255,255,255
255,255,255
255,255,255
255,255,255
255,255,255
255,255,255
255,255,255
255,255,255
255,255,255
255,255,255
255,255,255
255,255,255
255,255,255
255,255,255
255,255,255
255,255,255
255,255,255
255,255,255
255,255,255
255,255,255
255,255,255
255,255,255
255,255,255
255,255,255
255,255,255
255,255,255
255,255,255
255,255,255
255,255,255
255,255,255
255,255,255
255,255,255
255,255,255
255,255,255
255,255,255
255,255,255
255,255,255
255,255,255
255,255,255
255,255,255
255,255,255
255,255,255
255,255,255
255,255,255
255,255,255
255,255,255
255,255,255
255,255,255
255,255,255
255,255,255
255,255,255
255,255,255
255,255,255
255,255,255
255,255,255
255,255,255
255,255,255
255,255,255
255,255,255
255,255,255
255,255,255
255,255,255
255,255,255
255,255,255
255,255,255
255,255,255
255,255,255
255,255,255
255,255,255
255,255,255
255,255,255
255,255,255
255,255,255
255,255,255
255,255,255
255,255,255
255,255,255
255,255,255
255,255,255
255,255,255
255,255,255
255,255,255
255,255,255
255,255,255
217,217,217
169,169,169
178,178,178
178,178,178
176,176,177
172,172,175
166,166,169
145,144,145
114,114,113
85,85,85
61,61,63
41,41,43
39,38,40
39,38,42
43,42,50
59,59,67
54,55,58
52,52,50
54,54,52
52,53,51
48,48,47
41,42,43
36,39,42
50,55,61
64,69,75
50,55,55
50,54,53
43,44,46
39,42,49
45,48,58
32,36,44
35,36,42
46,46,48
49,49,50
46,46,46
44,45,45
53,57,62
113,118,128
123,129,137
67,71,74
45,47,48
42,44,43
42,42,42
41,41,41
39,39,41
41,40,41
45,45,44
48,50,55
104,111,122
100,107,116
48,50,53
43,44,44
37,40,39
36,39,40
33,36,37
39,39,42
44,46,45
43,45,40
40,42,39
40,42,41
45,49,47
54,61,47
94,122,51
118,165,79
117,169,90
105,159,86
96,153,94
100,161,88
90,147,101
94,155,91
89,147,90
98,154,93
97,152,99
126,188,84
103,162,68
104,163,80
109,172,85
107,162,99
112,158,80
101,142,74
68,93,52
49,55,49
62,63,72
54,58,63
15,19,20
20,21,19
27,27,25
25,26,27
10,12,15
3,4,6
17,17,18
38,38,40
69,69,71
99,99,101
120,120,122
135,135,137
146,145,147
153,153,154
162,164,163
173,174,173
169,168,169
234,234,234
255,255,255
254,254,254
255,255,255
255,255,255
255,255,255
255,255,255
255,255,255
255,255,255
255,255,255
255,255,255
255,255,255
255,255,255
255,255,255
255,255,255
255,255,255
255,255,255
255,255,255
255,255,255
255,255,255
255,255,255
255,255,255
255,255,255
255,255,255
255,255,255
255,255,255
255,255,255
255,255,255
255,255,255
255,255,255
255,255,255
255,255,255
255,255,255
255,255,255
255,255,255
255,255,255
255,255,255
255,255,255
255,255,255
255,255,255
255,255,255
255,255,255
255,255,255
255,255,255
255,255,255
255,255,255
255,255,255
255,255,255
255,255,255
255,255,255
255,255,255
255,255,255
255,255,255
255,255,255
255,255,255
255,255,255
255,255,255
255,255,255
255,255,255
255,255,255
255,255,255
255,255,255
255,255,255
255,255,255
255,255,255
255,255,255
255,255,255
255,255,255
255,255,255
255,255,255
255,255,255
255,255,255
255,255,255
255,255,255
255,255,255
255,255,255
255,255,255
255,255,255
255,255,255
255,255,255
255,255,255
255,255,255
255,255,255
255,255,255
255,255,255
255,255,255
255,255,255
255,255,255
255,255,255
255,255,255
255,255,255
255,255,255
255,255,255
255,255,255
255,255,255
255,255,255
255,255,255
255,255,255
255,255,255
211,211,211
168,168,168
178,178,178
177,177,177
174,174,175
169,169,171
158,158,159
137,137,137
109,109,109
82,82,83
80,80,82
91,90,95
41,39,42
41,39,42
43,41,46
47,45,51
47,46,48
49,47,48
52,51,53
61,62,62
56,56,58
46,49,50
39,42,41
33,37,39
36,40,44
50,54,56
66,69,72
67,68,71
46,47,51
30,32,34
33,36,35
39,40,40
42,42,43
40,40,40
37,38,36
34,36,33
49,52,58
116,120,133
78,85,93
33,38,41
34,36,38
41,43,43
45,46,43
40,39,38
37,36,37
38,37,36
39,41,38
43,47,51
100,106,121
95,102,114
48,53,57
58,61,64
35,39,40
31,35,36
34,35,36
38,38,40
43,44,41
52,54,51
48,50,50
35,36,37
40,41,35
39,39,38
22,23,32
48,60,48
89,112,85
97,132,70
99,150,80
107,160,86
126,182,92
119,180,75
104,161,95
100,159,86
102,162,81
106,163,84
130,185,80
115,168,81
103,153,74
113,143,85
111,125,80
31,41,24
40,38,44
60,52,56
85,87,98
90,95,103
17,19,24
25,24,27
31,31,33
23,24,26
9,11,13
13,13,16
16,15,20
32,31,34
59,59,61
90,90,91
118,117,118
135,133,134
148,146,148
158,157,158
165,166,165
175,174,174
168,166,167
231,231,231
255,255,255
255,255,255
255,255,255
255,255,255
255,255,255
255,255,255
255,255,255
255,255,255
255,255,255
255,255,255
255,255,255
255,255,255
255,255,255
255,255,255
255,255,255
255,255,255
255,255,255
255,255,255
255,255,255
255,255,255
255,255,255
255,255,255
255,255,255
255,255,255
255,255,255
255,255,255
255,255,255
255,255,255
255,255,255
255,255,255
255,255,255
255,255,255
255,255,255
255,255,255
255,255,255
255,255,255
255,255,255
255,255,255
255,255,255
255,255,255
255,255,255
255,255,255
255,255,255
255,255,255
255,255,255
255,255,255
255,255,255
255,255,255
255,255,255
255,255,255
255,255,255
255,255,255
255,255,255
255,255,255
255,255,255
255,255,255
255,255,255
255,255,255
255,255,255
255,255,255
255,255,255
255,255,255
255,255,255
255,255,255
255,255,255
255,255,255
255,255,255
255,255,255
255,255,255
255,255,255
255,255,255
255,255,255
255,255,255
255,255,255
255,255,255
255,255,255
255,255,255
255,255,255
255,255,255
255,255,255
255,255,255
255,255,255
255,255,255
255,255,255
255,255,255
255,255,255
255,255,255
255,255,255
255,255,255
255,255,255
255,255,255
255,255,255
255,255,255
255,255,255
255,255,255
255,255,255
255,255,255
255,255,255
210,210,210
168,168,168
177,177,177
176,176,176
172,172,173
167,167,167
153,153,153
132,132,132
104,104,103
76,76,77
70,69,73
87,86,91
49,48,51
43,42,44
45,43,45
46,44,47
45,43,46
45,44,47
54,53,56
78,79,82
81,84,86
70,75,76
53,58,58
40,42,43
36,40,42
46,53,57
64,69,74
60,62,67
43,44,46
38,39,37
38,40,35
40,40,37
39,39,39
36,36,36
35,36,32
30,32,28
29,32,37
50,54,67
30,36,43
27,32,32
30,33,32
36,38,35
41,42,40
35,35,36
31,31,33
32,32,30
35,36,33
43,47,52
79,84,101
61,69,82
42,48,53
84,89,93
32,36,39
27,28,31
29,29,31
28,28,28
30,30,29
46,48,47
83,85,87
41,42,44
26,27,23
27,27,24
27,25,35
23,24,23
19,22,29
20,30,31
35,54,32
53,75,47
73,100,52
91,124,59
109,141,91
110,143,88
91,123,70
82,113,58
68,89,61
53,73,46
40,57,47
71,76,80
111,106,116
30,29,34
31,27,44
39,35,40
57,62,70
34,39,48
10,12,15
28,29,30
34,34,34
34,35,35
31,32,33
40,40,43
31,29,35
27,26,28
55,55,53
85,85,83
114,112,112
132,130,131
144,142,142
162,162,160
171,171,170
174,173,173
166,165,166
229,229,229
255,255,255
255,255,255
255,255,255
255,255,255
255,255,255
255,255,255
255,255,255
255,255,255
255,255,255
255,255,255
255,255,255
255,255,255
255,255,255
255,255,255
255,255,255
255,255,255
255,255,255
255,255,255
255,255,255
255,255,255
255,255,255
255,255,255
255,255,255
255,255,255
255,255,255
255,255,255
255,255,255
255,255,255
255,255,255
255,255,255
255,255,255
255,255,255
255,255,255
255,255,255
255,255,255
255,255,255
255,255,255
255,255,255
255,255,255
255,255,255
255,255,255
255,255,255
255,255,255
255,255,255
255,255,255
255,255,255
255,255,255
255,255,255
255,255,255
255,255,255
255,255,255
255,255,255
255,255,255
255,255,255
255,255,255
255,255,255
255,255,255
255,255,255
255,255,255
255,255,255
255,255,255
255,255,255
255,255,255
255,255,255
255,255,255
255,255,255
255,255,255
255,255,255
255,255,255
255,255,255
255,255,255
255,255,255
255,255,255
255,255,255
255,255,255
255,255,255
255,255,255
255,255,255
255,255,255
255,255,255
255,255,255
255,255,255
255,255,255
255,255,255
255,255,255
255,255,255
255,255,255
255,255,255
255,255,255
255,255,255
255,255,255
255,255,255
255,255,255
255,255,255
255,255,255
255,255,254
255,255,255
255,255,255
208,208,208
169,169,170
176,176,176
174,174,174
171,170,171
164,164,164
149,149,149
125,127,127
95,95,96
68,68,69
50,50,53
58,57,62
64,63,66
44,42,44
45,43,43
45,44,45
42,43,44
41,43,46
64,67,74
111,116,123
129,134,141
109,113,119
70,74,78
41,45,45
34,40,39
35,42,45
35,41,46
29,31,35
34,35,37
35,36,34
38,36,31
44,41,39
43,44,43
38,39,41
34,34,32
31,33,29
27,28,31
24,26,34
32,36,41
41,43,43
40,42,40
36,38,33
31,32,30
27,26,30
26,25,30
25,25,25
28,29,28
43,45,50
60,64,77
33,39,51
26,31,39
71,76,82
29,33,37
24,26,28
25,26,27
25,25,25
23,25,24
27,29,32
82,85,90
42,43,50
25,27,35
26,29,33
27,31,25
30,32,27
31,31,33
28,31,27
27,27,33
26,25,28
23,24,26
21,24,34
42,46,60
53,58,75
17,20,28
23,24,23
31,30,31
35,31,32
40,40,43
74,78,85
95,93,105
26,27,26
16,21,17
23,28,31
22,27,34
12,16,21
20,21,24
24,26,26
28,28,27
34,35,35
46,47,51
64,64,72
30,30,36
22,21,22
51,50,49
81,79,79
108,107,107
129,127,128
140,139,140
174,174,174
181,181,181
172,172,173
164,164,164
226,226,226
255,255,255
255,255,255
255,255,255
255,255,255
255,255,255
255,255,255
255,255,255
255,255,255
255,255,255
255,255,255
255,255,255
255,255,255
255,255,255
255,255,255
255,255,255
255,255,255
255,255,255
255,255,255
255,255,255
255,255,255
255,255,255
255,255,255
255,255,255
255,255,255
255,255,255
255,255,255
255,255,255
255,255,255
255,255,255
255,255,255
255,255,255
255,255,255
255,255,255
255,255,255
255,255,255
255,255,255
255,255,255
255,255,255
255,255,255
255,255,255
255,255,255
255,255,255
255,255,255
255,255,255
255,255,255
255,255,255
255,255,255
255,255,255
255,255,255
255,255,255
255,255,255
255,255,255
255,255,255
255,255,255
255,255,255
255,255,255
255,255,255
255,255,255
255,255,255
255,255,255
255,255,255
255,255,255
255,255,255
255,255,255
255,255,255
255,255,255
255,255,255
255,255,255
255,255,255
255,255,255
255,255,255
255,255,255
255,255,255
255,255,255
255,255,255
255,255,255
255,255,255
255,255,255
255,255,255
255,255,255
255,255,255
255,255,255
255,255,255
255,255,255
255,255,255
255,255,255
255,255,255
255,255,255
255,255,255
255,255,255
255,255,255
255,255,255
255,255,255
255,255,255
255,255,253
255,255,253
255,255,254
255,255,255
200,200,202
169,169,171
176,176,177
173,173,173
170,169,170
162,162,162
146,147,147
134,135,137
97,98,101
57,58,58
44,44,42
44,45,47
52,55,57
41,44,43
43,45,44
45,44,44
42,40,44
35,36,44
43,48,63
65,72,91
67,75,91
52,59,71
40,46,51
37,42,41
41,42,41
44,44,46
43,43,46
39,40,39
35,36,34
35,33,32
37,35,34
51,56,56
78,88,90
60,65,64
33,35,34
28,30,29
29,31,31
33,34,37
40,41,46
50,50,52
56,57,58
53,57,53
41,43,42
28,28,29
24,25,25
22,24,23
23,24,24
30,32,37
35,38,48
17,21,30
16,21,27
35,40,46
24,29,33
22,25,26
24,26,25
24,26,24
21,25,24
21,25,29
41,44,51
40,43,51
22,25,31
25,29,31
31,35,33
35,38,34
39,42,41
35,36,35
29,30,28
28,28,28
28,28,29
26,29,31
28,33,38
30,35,49
20,24,26
26,27,25
31,30,30
33,32,32
39,41,39
60,64,68
100,104,112
37,42,45
13,18,16
26,29,28
25,27,29
24,25,27
25,24,26
24,24,24
24,24,24
29,28,31
41,40,48
90,93,102
39,42,48
16,18,19
53,53,54
96,95,98
101,102,103
123,122,123
136,136,138
173,174,176
180,180,184
171,170,173
163,163,163
223,223,223
255,255,255
255,255,254
255,255,254
255,255,255
255,255,255
255,255,255
255,255,255
255,255,255
255,255,255
255,255,255
255,255,255
255,255,255
255,255,255
255,255,255
255,255,255
255,255,255
255,255,255
255,255,255
255,255,255
255,255,255
255,255,255
255,255,255
255,255,255
255,255,255
255,255,255
255,255,255
255,255,255
255,255,255
255,255,255
255,255,255
255,255,255
255,255,255
255,255,255
255,255,255
255,255,255
255,255,255
255,255,255
255,255,255
255,255,255
255,255,255
255,255,255
255,255,255
255,255,255
255,255,255
255,255,255
255,255,255
255,255,255
255,255,255
255,255,255
255,255,255
255,255,255
255,255,255
255,255,255
255,255,255
255,255,255
255,255,255
255,255,255
255,255,255
255,255,255
255,255,255
255,255,255
255,255,255
255,255,255
255,255,255
255,255,255
255,255,255
255,255,255
255,255,255
255,255,255
255,255,255
255,255,255
255,255,255
255,255,255
255,255,255
255,255,255
255,255,255
255,255,255
255,255,255
255,255,255
255,255,255
255,255,255
255,255,255
255,255,255
255,255,255
255,255,255
255,255,255
255,255,255
255,255,255
255,255,255
255,255,255
255,255,255
255,255,255
255,255,255
255,255,255
255,255,254
255,255,254
255,255,255
255,255,255
193,193,193
169,169,170
176,176,176
173,173,173
169,168,169
159,160,159
142,144,143
138,139,140
98,99,102
50,52,52
41,42,41
34,36,36
37,39,39
42,43,43
44,46,47
42,44,44
38,39,40
36,34,38
30,27,36
29,32,42
23,28,39
17,24,31
22,28,29
32,34,35
38,37,41
47,45,51
61,59,62
67,69,66
48,50,47
33,32,32
30,30,34
44,52,61
104,114,124
87,89,92
31,33,34
26,28,26
26,28,27
29,30,31
33,34,38
45,45,48
69,71,75
100,105,111
90,94,99
38,42,39
24,26,22
23,25,25
22,25,27
25,29,30
20,24,27
15,18,21
18,22,22
20,23,28
20,24,26
22,24,26
23,24,25
24,26,25
23,26,25
24,27,29
37,43,46
50,56,59
16,22,23
22,26,25
32,34,33
30,31,32
39,41,42
55,56,60
39,40,44
25,27,26
25,26,24
22,25,25
22,27,26
24,27,30
26,27,24
27,27,25
28,27,29
28,27,29
30,32,30
43,46,51
87,91,101
40,45,51
15,19,20
30,32,33
36,36,39
36,36,37
30,29,30
24,24,24
27,28,24
23,23,21
22,21,29
47,50,57
20,22,26
20,21,23
71,73,78
117,121,127
92,93,96
119,119,120
131,130,131
143,144,146
163,165,169
173,173,177
163,163,163
220,220,218
255,255,255
255,255,254
255,255,255
255,255,255
255,255,255
255,255,255
255,255,255
255,255,255
255,255,255
255,255,255
255,255,255
255,255,255
255,255,255
255,255,255
255,255,255
255,255,255
255,255,255
255,255,255
255,255,255
255,255,255
255,255,255
255,255,255
255,255,255
255,255,255
255,255,255
255,255,255
255,255,255
255,255,255
255,255,255
255,255,255
255,255,255
255,255,255
255,255,255
255,255,255
255,255,255
255,255,255
255,255,255
255,255,255
255,255,255
255,255,255
255,255,255
255,255,255
255,255,255
255,255,255
255,255,255
255,255,255
255,255,255
255,255,255
255,255,255
255,255,255
255,255,255
255,255,255
255,255,255
255,255,255
255,255,255
255,255,255
255,255,255
255,255,255
255,255,255
255,255,255
255,255,255
255,255,255
255,255,255
255,255,255
255,255,255
255,255,255
255,255,255
255,255,255
255,255,255
255,255,255
255,255,255
255,255,255
255,255,255
255,255,255
255,255,255
255,255,255
255,255,255
255,255,255
255,255,255
255,255,255
255,255,255
255,255,255
255,255,255
255,255,255
255,255,255
255,255,255
255,255,255
255,255,255
255,255,255
255,255,255
255,255,255
255,255,255
255,255,255
255,255,255
255,255,255
255,255,255
255,255,255
254,254,254
188,188,188
169,169,169
176,176,176
172,172,172
169,169,169
156,156,156
137,137,137
112,113,115
79,80,82
52,53,53
40,41,39
37,37,36
40,38,38
47,41,44
54,53,56
56,58,59
33,34,32
35,34,27
39,40,34
44,51,51
44,55,63
40,52,70
35,49,69
33,50,71
29,49,71
31,52,73
50,69,87
82,101,115
71,80,89
34,30,31
30,21,16
32,27,30
48,59,74
44,58,73
22,29,34
23,26,27
22,23,24
21,23,23
23,25,27
38,39,44
50,52,62
78,82,96
109,112,125
43,47,49
24,25,24
28,29,30
32,36,39
54,58,59
30,35,33
20,25,20
26,30,24
35,38,41
40,43,47
26,26,30
22,21,24
27,26,27
32,33,32
32,35,36
34,39,41
39,44,48
23,30,30
18,22,21
20,21,20
26,27,29
32,32,36
56,58,62
62,65,69
22,24,25
21,22,20
21,22,22
21,24,23
32,34,34
57,57,57
42,42,44
22,22,24
24,25,26
24,27,25
31,34,41
55,57,69
25,26,32
16,19,19
27,28,29
29,29,32
35,35,37
47,47,49
42,43,44
18,20,18
14,15,11
12,11,16
9,10,15
4,8,9
26,29,29
90,96,101
106,111,121
86,88,93
113,113,114
128,129,129
140,144,145
171,175,179
178,180,183
163,163,163
215,215,214
255,255,255
255,255,255
255,255,255
255,255,255
255,255,255
255,255,255
255,255,255
255,255,255
255,255,255
255,255,255
255,255,255
255,255,255
255,255,255
255,255,255
255,255,255
255,255,255
255,255,255
255,255,255
255,255,255
255,255,255
255,255,255
255,255,255
255,255,255
255,255,255
255,255,255
255,255,255
255,255,255
255,255,255
255,255,255
255,255,255
255,255,255
255,255,255
255,255,255
255,255,255
255,255,255
255,255,255
255,255,255
255,255,255
255,255,255
255,255,255
255,255,255
255,255,255
255,255,255
255,255,255
255,255,255
255,255,255
255,255,255
255,255,255
255,255,255
255,255,255
255,255,255
255,255,255
255,255,255
255,255,255
255,255,255
255,255,255
255,255,255
255,255,255
255,255,255
255,255,255
255,255,255
255,255,255
255,255,255
255,255,255
255,255,255
255,255,255
255,255,255
255,255,255
255,255,255
255,255,255
255,255,255
255,255,255
255,255,255
255,255,255
255,255,255
255,255,255
255,255,255
255,255,255
255,255,255
255,255,255
255,255,255
255,255,255
255,255,255
255,255,255
255,255,255
255,255,255
255,255,255
255,255,255
255,255,255
255,255,255
255,255,255
255,255,255
255,255,255
255,255,255
255,255,255
255,255,255
255,255,255
253,253,253
189,189,189
173,173,172
173,173,173
171,172,172
168,167,168
152,152,152
130,130,130
101,102,101
71,71,72
48,48,48
40,38,39
37,37,37
35,39,38
30,36,37
54,56,58
77,79,82
90,91,96
102,107,120
87,108,135
59,98,138
38,95,141
19,89,141
10,89,141
10,88,143
7,84,142
6,82,140
9,82,139
13,85,141
15,85,138
13,70,112
21,50,77
18,32,47
17,24,39
26,25,33
23,24,25
20,22,22
20,22,22
20,21,23
19,20,22
45,45,50
59,60,68
22,25,34
31,33,44
21,22,28
23,23,25
23,24,24
29,35,36
82,88,91
49,53,55
19,23,21
28,33,30
44,48,55
68,73,80
23,24,28
20,20,22
24,24,25
27,27,26
28,28,28
32,33,37
58,63,68
64,70,73
16,19,20
20,22,20
20,22,22
21,22,24
19,23,25
25,30,31
19,23,24
19,21,21
21,21,21
23,25,26
38,42,41
90,93,101
65,68,78
14,17,20
19,23,20
23,28,25
27,31,37
26,28,38
13,14,18
19,21,20
22,24,24
22,23,25
26,26,28
40,41,45
79,81,86
36,39,43
5,7,5
12,11,12
6,7,8
10,13,12
36,41,40
103,110,117
116,121,132
79,80,84
112,112,110
139,142,141
172,179,180
201,210,212
186,192,192
162,163,161
209,209,209
255,255,255
254,254,254
255,255,255
255,255,255
255,255,255
255,255,255
255,255,255
255,255,255
255,255,255
255,255,255
255,255,255
255,255,255
255,255,255
255,255,255
255,255,255
255,255,255
255,255,255
255,255,255
255,255,255
255,255,255
255,255,255
255,255,255
255,255,255
255,255,255
255,255,255
255,255,255
255,255,255
255,255,255
255,255,255
255,255,255
255,255,255
255,255,255
255,255,255
255,255,255
255,255,255
255,255,255
255,255,255
255,255,255
255,255,255
255,255,255
255,255,255
255,255,255
255,255,255
255,255,255
255,255,255
255,255,255
255,255,255
255,255,255
255,255,255
255,255,255
255,255,255
255,255,255
255,255,255
255,255,255
255,255,255
255,255,255
255,255,255
255,255,255
255,255,255
255,255,255
255,255,255
255,255,255
255,255,255
255,255,255
255,255,255
255,255,255
255,255,255
255,255,255
255,255,255
255,255,255
255,255,255
255,255,255
255,255,255
255,255,255
255,255,255
255,255,255
255,255,255
255,255,255
255,255,255
255,255,255
255,255,255
255,255,255
255,255,255
255,255,255
255,255,255
255,255,255
255,255,255
255,255,255
255,255,255
255,255,255
255,255,255
255,255,255
255,255,255
255,255,255
255,255,255
254,254,254
255,255,255
249,249,249
189,189,188
188,188,186
177,176,174
173,172,170
166,163,163
152,151,150
126,124,123
86,86,83
62,61,63
45,44,45
38,37,38
34,34,36
28,28,29
69,68,72
154,151,156
138,149,160
75,110,138
28,83,127
10,83,138
7,84,144
5,85,147
2,83,148
3,82,145
2,83,146
0,85,149
0,87,150
2,89,151
1,91,152
1,94,156
5,95,155
9,93,152
10,83,137
18,59,102
19,32,54
19,25,28
23,23,21
21,25,25
24,25,26
24,24,24
16,15,20
12,14,16
14,17,16
13,17,16
18,20,21
20,19,21
20,20,21
21,25,27
37,41,45
25,28,31
20,24,23
27,31,32
49,55,65
41,47,54
12,16,18
17,21,22
20,20,21
24,22,23
26,25,26
28,28,32
50,54,59
57,61,66
16,20,21
20,22,21
22,24,22
20,23,21
17,20,18
13,18,17
15,19,20
17,19,21
19,21,20
26,27,27
41,46,48
89,96,110
60,68,82
10,16,18
17,21,19
23,29,29
30,37,39
39,43,50
39,42,46
18,20,20
18,19,18
42,41,43
30,31,32
20,21,24
52,55,61
36,38,45
5,7,8
12,14,13
10,11,9
16,19,17
46,53,53
108,114,123
73,77,87
72,72,75
107,107,107
155,158,160
188,196,200
195,204,206
178,184,183
162,164,162
204,204,202
255,255,255
255,255,254
255,255,255
255,255,255
255,255,255
255,255,255
255,255,255
255,255,255
255,255,255
255,255,255
255,255,255
255,255,255
255,255,255
255,255,255
255,255,255
255,255,255
255,255,255
255,255,255
255,255,255
255,255,255
255,255,255
255,255,255
255,255,255
255,255,255
255,255,255
255,255,255
255,255,255
255,255,255
255,255,255
255,255,255
255,255,255
255,255,255
255,255,255
255,255,255
255,255,255
255,255,255
255,255,255
255,255,255
255,255,255
255,255,255
255,255,255
255,255,255
255,255,255
255,255,255
255,255,255
255,255,255
255,255,255
255,255,255
255,255,255
255,255,255
255,255,255
255,255,255
255,255,255
255,255,255
255,255,255
255,255,255
255,255,255
255,255,255
255,255,255
255,255,255
255,255,255
255,255,255
255,255,255
255,255,255
255,255,255
255,255,255
255,255,255
255,255,255
255,255,255
255,255,255
255,255,255
255,255,255
255,255,255
255,255,255
255,255,255
255,255,255
255,255,255
255,255,255
255,255,255
255,255,255
255,255,255
255,255,255
255,255,255
255,255,255
255,255,255
255,255,255
255,255,255
255,255,255
255,255,255
255,255,255
255,255,255
255,255,255
255,255,255
255,255,255
255,255,255
255,255,255
255,255,255
247,247,247
178,178,178
188,188,185
196,193,190
197,192,190
193,188,187
182,178,177
156,152,149
103,102,95
56,55,58
42,41,43
32,32,32
35,36,42
133,134,135
202,203,209
106,120,150
16,73,125
0,77,139
1,80,146
0,82,149
7,80,144
6,81,141
2,83,146
3,83,150
2,88,149
1,93,155
1,97,159
1,101,161
0,100,159
2,97,158
6,91,152
4,87,150
1,82,148
5,73,132
7,65,123
18,52,83
24,34,44
23,33,35
40,40,39
56,54,55
31,38,38
16,17,19
11,14,14
12,14,11
14,15,13
17,17,17
13,14,14
15,15,17
14,14,18
17,17,20
22,23,24
27,31,35
39,44,52
32,37,42
11,14,16
18,19,21
29,29,30
20,19,19
18,20,20
20,22,23
25,28,31
25,28,30
16,18,17
19,21,21
27,29,30
43,45,45
16,17,17
13,15,17
16,18,20
16,17,17
13,14,12
22,23,24
38,43,49
71,80,89
43,50,58
9,13,16
18,21,23
32,37,39
49,57,61
88,96,105
75,84,92
15,20,23
8,9,10
20,20,21
22,24,24
17,20,20
13,15,17
10,11,13
9,10,10
12,13,14
7,8,8
11,14,12
39,45,47
86,91,101
43,45,53
66,66,70
105,105,108
156,159,165
183,187,195
184,190,193
174,177,178
164,165,164
200,200,199
255,255,255
255,255,255
255,255,255
255,255,255
255,255,255
255,255,255
255,255,255
255,255,255
255,255,255
255,255,255
255,255,255
255,255,255
255,255,255
255,255,255
255,255,255
255,255,255
255,255,255
255,255,255
255,255,255
255,255,255
255,255,255
255,255,255
255,255,255
255,255,255
255,255,255
255,255,255
255,255,255
255,255,255
255,255,255
255,255,255
255,255,255
255,255,255
255,255,255
255,255,255
255,255,255
255,255,255
255,255,255
255,255,255
255,255,255
255,255,255
255,255,255
255,255,255
255,255,255
255,255,255
255,255,255
255,255,255
255,255,255
255,255,255
255,255,255
255,255,255
255,255,255
255,255,255
255,255,255
255,255,255
255,255,255
255,255,255
255,255,255
255,255,255
255,255,255
255,255,255
255,255,255
255,255,255
255,255,255
255,255,255
255,255,255
255,255,255
255,255,255
255,255,255
255,255,255
255,255,255
255,255,255
255,255,255
255,255,255
255,255,255
255,255,255
255,255,255
255,255,255
255,255,255
255,255,255
255,255,255
255,255,255
255,255,255
255,255,255
255,255,255
255,255,255
255,255,255
255,255,255
255,255,255
255,255,255
255,255,255
255,255,255
255,255,255
255,255,255
255,255,255
255,255,255
255,255,255
255,255,255
241,241,241
174,174,174
178,178,176
189,188,186
194,191,190
190,186,186
192,190,189
183,180,178
153,151,146
84,85,83
34,34,35
40,40,41
181,181,181
206,217,222
48,83,114
0,67,135
9,84,150
43,97,142
34,90,137
6,77,125
5,80,147
3,85,155
4,91,156
2,100,163
1,103,165
0,105,168
0,106,169
0,105,169
1,101,166
3,92,158
3,82,149
3,75,139
0,69,128
0,60,120
2,67,136
5,69,135
15,62,104
25,39,43
50,52,57
103,109,123
66,78,83
20,24,25
58,62,62
62,63,62
48,48,48
37,39,39
62,63,64
47,48,49
50,50,54
29,31,33
27,28,30
32,34,39
70,74,78
64,69,71
39,43,44
42,44,45
76,76,77
46,48,47
42,46,44
31,34,34
60,62,64
61,62,63
43,44,43
39,39,39
51,52,54
76,77,79
42,43,45
38,38,41
16,18,18
19,21,19
60,61,59
40,41,42
48,51,57
66,73,78
61,65,70
49,51,55
67,68,71
66,69,71
107,112,117
93,100,110
62,70,80
65,69,74
69,69,71
67,67,69
44,46,49
43,46,49
67,69,71
57,58,56
61,63,61
47,47,48
43,43,44
19,21,22
26,28,34
27,28,38
31,32,35
60,60,60
92,91,94
137,139,144
162,165,172
167,168,173
178,180,181
168,168,168
195,195,195
255,255,255
255,255,255
255,255,255
255,255,255
255,255,255
255,255,255
255,255,255
255,255,255
255,255,255
255,255,255
255,255,255
255,255,255
255,255,255
255,255,255
255,255,255
255,255,255
255,255,255
255,255,255
255,255,255
255,255,255
255,255,255
255,255,255
255,255,255
255,255,255
255,255,255
255,255,255
255,255,255
255,255,255
255,255,255
255,255,255
255,255,255
255,255,255
255,255,255
255,255,255
255,255,255
255,255,255
255,255,255
255,255,255
255,255,255
255,255,255
255,255,255
255,255,255
255,255,255
255,255,255
255,255,255
255,255,255
255,255,255
255,255,255
255,255,255
255,255,255
255,255,255
255,255,255
255,255,255
255,255,255
255,255,255
255,255,255
255,255,255
255,255,255
255,255,255
255,255,255
255,255,255
255,255,255
255,255,255
255,255,255
255,255,255
255,255,255
255,255,255
255,255,255
255,255,255
255,255,255
255,255,255
255,255,255
255,255,255
255,255,255
255,255,255
255,255,255
255,255,255
255,255,255
255,255,255
255,255,255
255,255,255
255,255,255
255,255,255
255,255,255
255,255,255
255,255,255
255,255,255
255,255,255
255,255,255
255,255,255
255,255,255
255,255,255
255,255,255
255,255,255
255,255,255
255,255,255
255,255,255
237,237,237
175,175,175
177,177,178
182,182,183
179,180,181
165,164,166
156,157,156
154,153,153
136,133,136
77,80,75
31,33,37
172,172,172
233,238,239
48,84,120
2,66,126
42,96,136
176,193,210
123,135,151
153,165,179
106,150,174
4,83,145
5,97,163
8,100,161
5,107,162
3,108,172
2,107,168
4,107,166
4,104,165
3,97,160
4,84,151
3,73,135
6,63,126
27,79,137
90,124,168
25,76,133
48,105,159
57,105,154
24,66,95
35,43,61
47,59,73
32,38,41
55,59,60
69,71,72
105,106,106
113,115,114
85,87,88
118,119,122
137,138,140
94,96,99
63,66,68
35,37,37
37,38,41
88,91,94
88,93,94
80,85,85
92,95,96
116,117,118
83,84,84
82,84,83
73,76,76
75,78,79
87,88,91
124,123,125
110,110,111
109,110,111
93,94,96
119,120,122
113,113,115
16,17,16
53,55,54
72,74,74
63,65,66
84,86,91
104,106,112
79,80,84
81,81,84
94,94,95
64,65,66
128,129,135
123,126,135
119,122,129
68,69,72
111,110,111
97,97,100
115,116,122
78,81,88
87,88,94
108,110,109
120,120,119
102,102,100
86,86,87
81,81,86
54,55,62
4,3,10
28,26,29
54,52,53
82,81,82
111,111,113
134,136,140
151,154,157
174,175,176
170,171,171
192,192,192
254,254,253
255,255,253
255,255,255
255,255,255
255,255,255
255,255,255
255,255,255
255,255,255
255,255,255
255,255,255
255,255,255
255,255,255
255,255,255
255,255,255
255,255,255
255,255,255
255,255,255
255,255,255
255,255,255
255,255,255
255,255,255
255,255,255
255,255,255
255,255,255
255,255,255
255,255,255
255,255,255
255,255,255
255,255,255
255,255,255
255,255,255
255,255,255
255,255,255
255,255,255
255,255,255
255,255,255
255,255,255
255,255,255
255,255,255
255,255,255
255,255,255
255,255,255
255,255,255
255,255,255
255,255,255
255,255,255
255,255,255
255,255,255
255,255,255
255,255,255
255,255,255
255,255,255
255,255,255
255,255,255
255,255,255
255,255,255
255,255,255
255,255,255
255,255,255
255,255,255
255,255,255
255,255,255
255,255,255
255,255,255
255,255,255
255,255,255
255,255,255
255,255,255
255,255,255
255,255,255
255,255,255
255,255,255
255,255,255
255,255,255
255,255,255
255,255,255
255,255,255
255,255,255
255,255,255
255,255,255
255,255,255
255,255,255
255,255,255
255,255,255
255,255,255
255,255,255
255,255,255
255,255,255
255,255,255
255,255,255
255,255,255
255,255,255
255,255,255
255,255,255
255,255,255
255,255,255
255,255,255
231,231,231
173,173,173
180,180,181
189,189,192
188,187,192
157,157,159
125,125,126
95,95,97
68,66,70
36,40,44
102,106,114
254,255,255
123,142,163
7,52,118
25,74,132
194,211,217
158,164,181
26,62,113
172,190,205
112,141,170
18,92,153
16,112,172
13,108,167
16,103,162
10,104,174
9,105,166
10,102,163
9,94,156
4,85,145
6,73,138
4,64,127
3,59,128
36,86,135
134,163,183
45,90,128
191,212,224
89,124,162
12,84,142
25,49,75
19,18,26
14,16,12
71,73,74
118,117,121
134,134,136
106,107,108
90,91,93
120,121,123
111,112,114
80,80,83
65,66,67
78,79,78
78,78,80
98,99,100
99,101,102
102,103,106
113,114,116
141,142,144
84,85,86
71,73,72
79,80,82
61,62,64
67,68,70
130,130,132
132,133,135
106,106,108
92,93,95
125,125,126
117,116,116
75,75,75
91,91,91
52,52,55
62,65,69
105,108,114
95,97,102
81,82,85
88,89,90
107,108,108
47,47,50
107,107,112
110,112,117
118,120,122
63,64,64
107,107,108
71,71,73
94,96,101
86,89,97
56,57,63
100,102,100
122,122,121
72,72,69
77,79,80
84,86,93
67,68,76
3,3,6
23,21,23
47,45,46
75,75,75
103,103,103
124,125,127
146,148,150
175,176,178
191,191,193
193,193,194
253,253,252
255,255,253
255,255,255
255,255,255
255,255,255
255,255,255
255,255,255
255,255,255
255,255,255
255,255,255
255,255,255
255,255,255
255,255,255
255,255,255
255,255,255
255,255,255
255,255,255
255,255,255
255,255,255
255,255,255
255,255,255
255,255,255
255,255,255
255,255,255
255,255,255
255,255,255
255,255,255
255,255,255
255,255,255
255,255,255
255,255,255
255,255,255
255,255,255
255,255,255
255,255,255
255,255,255
255,255,255
255,255,255
255,255,255
255,255,255
255,255,255
255,255,255
255,255,255
255,255,255
255,255,255
255,255,255
255,255,255
255,255,255
255,255,255
255,255,255
255,255,255
255,255,255
255,255,255
255,255,255
255,255,255
255,255,255
255,255,255
255,255,255
255,255,255
255,255,255
255,255,255
255,255,255
255,255,255
255,255,255
255,255,255
255,255,255
255,255,255
255,255,255
255,255,255
255,255,255
255,255,255
255,255,255
255,255,255
255,255,255
255,255,255
255,255,255
255,255,255
255,255,255
255,255,255
255,255,255
255,255,255
255,255,255
255,255,255
255,255,255
255,255,255
255,255,255
255,255,255
255,255,255
255,255,255
255,255,255
255,255,255
255,255,255
255,255,255
255,255,255
255,255,255
255,255,255
255,255,255
226,226,226
176,176,176
178,178,180
174,173,177
163,162,167
144,144,146
117,117,117
86,86,86
60,59,57
43,46,58
182,187,190
243,246,244
51,81,121
0,53,123
123,151,180
214,228,224
27,76,121
13,88,154
28,92,133
85,129,155
152,181,196
136,169,184
139,174,197
35,109,152
107,154,183
161,194,210
132,165,182
164,197,210
131,158,174
163,183,195
97,138,169
12,70,121
120,150,188
38,81,128
94,139,167
187,201,209
17,76,124
3,91,150
14,57,94
19,20,20
14,18,14
46,49,52
124,126,131
94,94,97
95,96,97
104,104,106
63,63,65
71,71,73
111,112,114
57,57,58
47,47,47
45,45,44
54,54,53
94,95,96
108,109,111
107,108,110
78,79,81
105,106,107
77,78,79
69,70,72
94,95,97
113,116,118
125,129,131
103,107,109
98,100,102
102,104,104
92,92,92
90,89,90
39,39,39
53,53,53
104,105,107
107,110,115
96,100,103
88,90,92
93,95,95
96,100,100
111,115,115
47,50,50
45,47,46
67,69,67
112,114,111
68,70,68
78,79,80
103,105,109
51,55,59
29,32,34
56,58,59
89,92,91
54,54,55
73,74,72
80,83,85
37,38,46
48,48,55
2,3,4
18,18,18
38,39,37
66,66,67
96,96,98
120,119,122
143,143,145
171,172,174
195,197,198
189,189,190
249,249,249
255,255,255
255,255,255
255,255,255
255,255,255
255,255,255
255,255,255
255,255,255
255,255,255
255,255,255
255,255,255
255,255,255
255,255,255
255,255,255
255,255,255
255,255,255
255,255,255
255,255,255
255,255,255
255,255,255
255,255,255
255,255,255
255,255,255
255,255,255
255,255,255
255,255,255
255,255,255
255,255,255
255,255,255
255,255,255
255,255,255
255,255,255
255,255,255
255,255,255
255,255,255
255,255,255
255,255,255
255,255,255
255,255,255
255,255,255
255,255,255
255,255,255
255,255,255
255,255,255
255,255,255
255,255,255
255,255,255
255,255,255
255,255,255
255,255,255
255,255,255
255,255,255
255,255,255
255,255,255
255,255,255
255,255,255
255,255,255
255,255,255
255,255,255
255,255,255
255,255,255
255,255,255
255,255,255
255,255,255
255,255,255
255,255,255
255,255,255
255,255,255
255,255,255
255,255,255
255,255,255
255,255,255
255,255,255
255,255,255
255,255,255
255,255,255
255,255,255
255,255,255
255,255,255
255,255,255
255,255,255
255,255,255
255,255,255
255,255,255
255,255,255
255,255,255
255,255,255
255,255,255
255,255,255
255,255,255
255,255,255
255,255,255
255,255,255
255,255,255
255,255,255
255,255,255
255,255,255
220,220,220
184,184,185
177,177,180
168,167,171
155,155,158
136,136,137
109,109,109
79,78,77
55,52,56
48,51,66
210,215,216
239,241,239
38,70,114
7,67,124
197,214,224
140,156,164
4,79,134
2,96,161
45,123,165
194,217,224
65,100,127
168,189,196
118,140,161
82,129,154
117,137,149
202,213,213
80,107,135
223,227,230
88,92,117
203,208,211
108,127,159
75,102,140
213,219,225
41,88,122
191,213,217
99,124,150
3,82,150
3,87,142
15,60,97
21,24,24
18,21,18
20,20,23
28,33,35
19,21,23
20,21,23
25,26,28
20,20,22
36,36,38
50,51,52
19,21,20
18,19,18
18,19,16
20,20,21
37,40,42
53,56,57
23,26,27
14,16,16
22,24,23
22,23,24
22,23,24
36,38,40
49,52,55
85,90,93
47,51,55
23,26,28
41,44,42
41,42,46
20,20,24
18,19,18
19,20,20
34,35,38
33,35,39
26,28,28
27,28,27
36,40,42
63,68,73
95,101,109
31,36,42
11,14,17
19,20,19
25,26,25
27,29,28
18,20,20
34,37,38
25,28,31
31,34,37
33,37,39
26,29,31
40,41,43
26,28,28
17,18,21
14,14,18
10,10,15
3,5,5
14,15,15
32,33,33
58,58,60
87,85,90
113,110,116
138,137,141
166,166,168
183,184,184
185,185,187
245,245,246
255,255,255
255,255,255
255,255,255
255,255,255
255,255,255
255,255,255
255,255,255
255,255,255
255,255,255
255,255,255
255,255,255
255,255,255
255,255,255
255,255,255
255,255,255
255,255,255
255,255,255
255,255,255
255,255,255
255,255,255
255,255,255
255,255,255
255,255,255
255,255,255
255,255,255
255,255,255
255,255,255
255,255,255
255,255,255
255,255,255
255,255,255
255,255,255
255,255,255
255,255,255
255,255,255
255,255,255
255,255,255
255,255,255
255,255,255
255,255,255
255,255,255
255,255,255
255,255,255
255,255,255
255,255,255
255,255,255
255,255,255
255,255,255
255,255,255
255,255,255
255,255,255
255,255,255
255,255,255
255,255,255
255,255,255
255,255,255
255,255,255
255,255,255
255,255,255
255,255,255
255,255,255
255,255,255
255,255,255
255,255,255
255,255,255
255,255,255
255,255,255
255,255,255
255,255,255
255,255,255
255,255,255
255,255,255
255,255,255
255,255,255
255,255,255
255,255,255
255,255,255
255,255,255
255,255,255
255,255,255
255,255,255
255,255,255
255,255,255
255,255,255
255,255,255
255,255,255
255,255,255
255,255,255
255,255,255
255,255,255
255,255,255
255,255,255
255,255,255
255,255,255
255,255,255
255,255,255
211,211,211
181,181,181
178,178,178
167,167,169
154,154,156
136,136,139
102,102,105
66,67,66
39,42,41
28,37,43
195,199,199
249,250,248
65,97,136
11,72,134
211,226,236
109,130,158
0,88,155
23,105,156
186,205,221
134,150,169
68,126,161
187,205,216
67,112,145
76,118,149
181,204,218
103,129,145
128,158,174
155,167,178
84,102,134
191,203,213
39,68,106
187,202,210
123,133,166
106,142,179
191,203,210
45,84,126
32,101,151
5,82,144
15,54,105
21,23,31
20,20,20
48,50,53
74,79,79
60,62,63
55,56,58
34,35,37
38,38,39
96,96,97
46,47,47
61,63,62
29,31,29
42,44,43
66,67,69
60,63,65
47,51,50
62,65,64
60,63,61
65,67,66
51,52,51
52,54,53
21,22,23
26,29,32
31,36,39
26,28,31
22,25,26
36,41,39
80,84,93
26,30,38
15,18,17
21,21,22
22,21,24
20,20,21
22,23,20
28,29,29
42,46,49
61,66,72
99,105,115
69,74,81
49,52,55
47,48,48
49,50,50
29,30,29
26,27,26
57,57,59
81,82,86
89,92,97
117,119,124
143,145,148
95,96,98
52,54,54
22,22,23
30,31,34
30,31,34
29,31,32
20,21,21
25,26,27
50,50,50
79,79,78
107,107,106
131,131,132
161,161,162
182,182,184
185,185,186
240,240,239
255,255,255
255,255,255
255,255,255
255,255,255
255,255,255
255,255,255
255,255,255
255,255,255
255,255,255
255,255,255
255,255,255
255,255,255
255,255,255
255,255,255
255,255,255
255,255,255
255,255,255
255,255,255
255,255,255
255,255,255
255,255,255
255,255,255
255,255,255
255,255,255
255,255,255
255,255,255
255,255,255
255,255,255
255,255,255
255,255,255
255,255,255
255,255,255
255,255,255
255,255,255
255,255,255
255,255,255
255,255,255
255,255,255
255,255,255
255,255,255
255,255,255
255,255,255
255,255,255
255,255,255
255,255,255
255,255,255
255,255,255
255,255,255
255,255,255
255,255,255
255,255,255
255,255,255
255,255,255
255,255,255
255,255,255
255,255,255
255,255,255
255,255,255
255,255,255
255,255,255
255,255,255
255,255,255
255,255,255
255,255,255
255,255,255
255,255,255
255,255,255
255,255,255
255,255,255
255,255,255
255,255,255
255,255,255
255,255,255
255,255,255
255,255,255
255,255,255
255,255,255
255,255,255
255,255,255
255,255,255
255,255,255
255,255,255
255,255,255
255,255,255
255,255,255
255,255,255
255,255,255
255,255,255
255,255,255
255,255,255
255,255,255
255,255,255
255,255,255
255,255,255
254,254,254
253,253,253
202,202,201
182,182,180
178,178,174
163,163,163
147,147,150
135,134,139
109,109,114
59,61,65
30,33,32
10,19,22
133,135,145
255,255,255
145,173,186
4,66,122
132,164,185
172,190,206
83,133,169
86,131,146
161,180,186
150,167,182
149,177,188
159,176,192
76,118,144
83,130,160
190,199,212
50,86,126
191,202,210
64,82,123
154,173,199
161,163,176
90,107,128
208,208,213
96,120,152
139,155,186
157,172,180
71,100,131
57,91,137
27,72,131
21,46,83
20,33,30
22,20,18
85,86,88
147,152,153
157,158,161
115,116,118
90,91,93
102,102,102
134,134,133
95,96,95
143,145,144
95,98,97
94,95,95
163,164,166
153,154,154
141,142,141
150,151,148
103,104,102
151,152,151
136,136,136
136,137,136
30,32,31
26,28,29
26,28,30
26,28,28
26,29,27
34,41,41
90,97,110
45,50,60
17,21,20
24,24,25
26,25,27
25,26,24
27,29,27
39,42,43
44,49,51
45,50,53
106,109,114
128,131,134
91,92,92
87,90,90
99,102,102
77,78,78
58,58,59
87,88,90
120,124,128
100,104,110
107,108,115
141,141,146
96,97,100
140,140,140
123,123,122
176,176,179
96,97,103
122,122,133
53,54,65
56,59,65
54,56,58
69,70,68
99,100,96
122,122,121
152,152,152
179,179,179
184,184,183
235,236,231
255,255,254
255,255,255
255,255,255
255,255,255
255,255,255
255,255,255
255,255,255
255,255,255
255,255,255
255,255,255
255,255,255
255,255,255
255,255,255
255,255,255
255,255,255
255,255,255
255,255,255
255,255,255
255,255,255
255,255,255
255,255,255
255,255,255
255,255,255
255,255,255
255,255,255
255,255,255
255,255,255
255,255,255
255,255,255
255,255,255
255,255,255
255,255,255
255,255,255
255,255,255
255,255,255
255,255,255
255,255,255
255,255,255
255,255,255
255,255,255
255,255,255
255,255,255
255,255,255
255,255,255
255,255,255
255,255,255
255,255,255
255,255,255
255,255,255
255,255,255
255,255,255
255,255,255
255,255,255
255,255,255
255,255,255
255,255,255
255,255,255
255,255,255
255,255,255
255,255,255
255,255,255
255,255,255
255,255,255
255,255,255
255,255,255
255,255,255
255,255,255
255,255,255
255,255,255
255,255,255
255,255,255
255,255,255
255,255,255
255,255,255
255,255,255
255,255,255
255,255,255
255,255,255
255,255,255
255,255,255
255,255,255
255,255,255
255,255,255
255,255,255
255,255,255
255,255,255
255,255,255
255,255,255
255,255,255
255,255,255
255,255,255
255,255,255
255,255,255
254,254,254
254,254,254
249,249,248
197,197,195
184,184,180
178,179,176
160,160,160
141,141,142
118,117,121
86,85,90
47,47,53
25,24,28
12,15,24
45,47,65
214,217,217
240,250,247
85,126,166
8,77,126
56,106,136
54,101,134
20,82,134
28,96,142
52,106,150
31,92,129
55,109,154
17,96,150
27,102,157
28,77,127
19,71,133
34,68,115
10,58,122
35,77,125
57,80,122
23,58,107
50,78,133
45,76,113
23,65,116
53,86,131
21,64,114
21,71,140
26,53,98
39,44,61
77,86,89
33,34,32
85,87,89
143,146,148
165,167,170
144,145,149
99,99,102
115,116,114
165,165,162
154,155,154
84,87,85
116,118,118
118,119,121
155,156,158
155,155,156
140,140,141
153,153,152
68,67,67
118,118,119
126,126,126
121,123,120
45,48,46
25,27,25
29,30,30
29,30,29
28,30,28
32,38,39
84,90,105
58,62,73
22,26,26
26,27,27
28,28,30
27,28,28
31,33,33
38,44,46
38,45,46
30,34,36
106,108,109
115,116,115
77,77,76
100,106,107
107,113,115
108,109,114
61,62,65
89,90,92
70,75,79
86,90,98
37,40,48
111,114,118
119,119,121
179,179,177
127,128,125
126,127,129
88,87,95
89,89,104
40,43,59
49,54,64
47,50,57
58,59,62
90,91,91
114,114,115
144,144,145
177,177,178
185,185,185
231,231,228
255,255,255
255,255,255
255,255,255
255,255,255
255,255,255
255,255,255
255,255,255
255,255,255
255,255,255
255,255,255
255,255,255
255,255,255
255,255,255
255,255,255
255,255,255
255,255,255
255,255,255
255,255,255
255,255,255
255,255,255
255,255,255
255,255,255
255,255,255
255,255,255
255,255,255
255,255,255
255,255,255
255,255,255
255,255,255
255,255,255
255,255,255
255,255,255
255,255,255
255,255,255
255,255,255
255,255,255
255,255,255
255,255,255
255,255,255
255,255,255
255,255,255
255,255,255
255,255,255
255,255,255
255,255,255
255,255,255
255,255,255
255,255,255
255,255,255
255,255,255
255,255,255
255,255,255
255,255,255
255,255,255
255,255,255
255,255,255
255,255,255
255,255,255
255,255,255
255,255,255
255,255,255
255,255,255
255,255,255
255,255,255
255,255,255
255,255,255
255,255,255
255,255,255
255,255,255
255,255,255
255,255,255
255,255,255
255,255,255
255,255,255
255,255,255
255,255,255
255,255,255
255,255,255
255,255,255
255,255,255
255,255,255
255,255,255
255,255,255
255,255,255
255,255,255
255,255,255
255,255,255
255,255,255
255,255,255
255,255,255
255,255,255
255,255,255
255,255,255
255,255,255
255,255,255
247,247,247
192,192,192
184,185,184
185,185,186
178,179,182
148,150,152
107,110,110
62,64,66
30,31,33
19,20,20
18,21,28
27,33,45
77,82,90
229,230,234
234,242,251
89,129,170
2,87,139
0,88,155
6,87,159
5,86,153
4,91,152
9,102,155
9,98,164
7,105,166
7,96,161
7,81,142
4,72,135
1,64,133
2,71,132
0,69,124
0,59,131
2,66,136
3,61,133
6,61,133
4,67,130
0,64,137
7,76,138
12,64,125
23,43,73
35,40,43
68,64,81
33,33,36
84,84,86
79,80,81
141,142,145
159,160,164
136,139,141
129,129,128
132,132,129
132,134,133
148,150,149
107,108,110
124,127,131
77,80,84
104,106,108
125,126,127
154,155,155
79,79,79
101,101,100
145,146,146
150,152,152
29,32,31
29,31,30
30,32,31
30,31,30
29,30,28
31,35,36
58,62,74
52,56,65
29,33,32
29,31,29
26,25,28
25,25,26
32,34,33
35,40,42
32,37,40
27,30,31
76,78,77
72,72,70
83,84,83
108,116,117
154,162,168
113,116,124
90,92,96
93,94,96
111,116,121
121,125,133
38,41,47
103,107,108
89,90,89
150,149,147
140,141,139
179,180,181
57,58,62
20,21,27
17,21,28
12,17,24
27,29,36
55,56,61
101,102,105
112,112,115
135,135,138
173,172,173
185,185,185
224,224,224
255,255,255
255,255,255
255,255,255
255,255,255
255,255,255
255,255,255
255,255,255
255,255,255
255,255,255
255,255,255
255,255,255
255,255,255
255,255,255
255,255,255
255,255,255
255,255,255
255,255,255
255,255,255
255,255,255
255,255,255
255,255,255
255,255,255
255,255,255
255,255,255
255,255,255
255,255,255
255,255,255
255,255,255
255,255,255
255,255,255
255,255,255
255,255,255
255,255,255
255,255,255
255,255,255
255,255,255
255,255,255
255,255,255
255,255,255
255,255,255
255,255,255
255,255,255
255,255,255
255,255,255
255,255,255
255,255,255
255,255,255
255,255,255
255,255,255
255,255,255
255,255,255
255,255,255
255,255,255
255,255,255
255,255,255
255,255,255
255,255,255
255,255,255
255,255,255
255,255,255
255,255,255
255,255,255
255,255,255
255,255,255
255,255,255
255,255,255
255,255,255
255,255,255
255,255,255
255,255,255
255,255,255
255,255,255
255,255,255
255,255,255
255,255,255
255,255,255
255,255,255
255,255,255
255,255,255
255,255,255
255,255,255
255,255,255
255,255,255
255,255,255
255,255,255
255,255,255
255,255,255
255,255,255
255,255,255
255,255,255
255,255,255
255,255,255
255,255,255
255,255,255
255,255,255
240,240,240
188,188,188
183,183,183
175,176,180
177,180,186
167,173,177
136,143,145
85,91,93
34,38,39
15,20,14
13,20,18
42,49,55
50,55,71
67,70,88
203,206,206
247,250,254
149,177,201
36,90,147
3,69,130
0,78,140
2,95,154
6,104,164
5,104,167
5,103,160
5,88,152
8,72,138
5,69,133
4,63,138
6,63,129
3,66,126
5,63,135
4,64,132
2,63,123
3,62,125
8,67,135
16,78,135
21,62,107
30,40,59
29,33,39
28,31,22
29,32,34
30,32,33
35,35,35
36,37,37
47,48,48
54,56,56
50,52,51
41,42,41
33,34,33
39,41,40
54,55,56
56,57,61
71,72,80
38,41,47
37,41,43
45,48,49
56,57,59
42,42,44
36,37,37
53,55,55
44,47,48
30,32,31
32,34,33
32,34,33
34,38,37
36,38,37
33,37,36
36,39,47
35,38,43
32,35,34
33,34,35
48,50,55
50,52,59
34,36,41
32,34,37
31,34,36
30,32,32
35,35,35
38,38,37
57,58,59
82,88,92
88,95,104
59,61,68
51,52,54
46,48,52
86,89,95
93,97,102
28,31,35
33,36,37
32,33,32
29,29,28
88,89,87
170,172,172
43,45,46
14,16,16
16,18,17
16,19,17
32,33,32
65,68,69
119,123,129
118,120,127
122,122,127
164,164,165
183,183,185
215,217,218
255,255,255
255,255,255
255,255,255
255,255,255
255,255,255
255,255,255
255,255,255
255,255,255
255,255,255
255,255,255
255,255,255
255,255,255
255,255,255
255,255,255
255,255,255
255,255,255
255,255,255
255,255,255
255,255,255
255,255,255
255,255,255
255,255,255
255,255,255
255,255,255
255,255,255
255,255,255
255,255,255
255,255,255
255,255,255
255,255,255
255,255,255
255,255,255
255,255,255
255,255,255
255,255,255
255,255,255
255,255,255
255,255,255
255,255,255
255,255,255
255,255,255
255,255,255
255,255,255
255,255,255
255,255,255
255,255,255
255,255,255
255,255,255
255,255,255
255,255,255
255,255,255
255,255,255
255,255,255
255,255,255
255,255,255
255,255,255
255,255,255
255,255,255
255,255,255
255,255,255
255,255,255
255,255,255
255,255,255
255,255,255
255,255,255
255,255,255
255,255,255
255,255,255
255,255,255
255,255,255
255,255,255
255,255,255
255,255,255
255,255,255
255,255,255
255,255,255
255,255,255
255,255,255
255,255,255
255,255,255
255,255,255
255,255,255
255,255,255
255,255,255
255,255,255
255,255,255
255,255,255
255,255,255
255,255,255
255,255,255
255,255,255
255,255,255
255,255,255
255,255,255
255,255,255
234,234,234
186,186,186
177,177,177
159,160,162
142,145,153
127,133,142
117,126,135
102,109,116
61,65,67
23,27,23
16,21,18
26,30,36
42,45,58
20,27,36
34,42,55
122,126,139
215,220,218
216,229,232
140,168,190
58,107,152
15,93,154
0,94,154
0,97,157
0,95,158
0,81,147
0,67,138
0,63,133
1,62,131
0,61,128
0,60,128
0,59,129
3,59,124
14,71,131
41,86,143
67,95,140
51,68,97
34,39,56
30,33,36
29,30,30
37,40,40
62,66,68
40,44,47
30,33,31
32,34,31
31,33,31
32,32,30
32,33,30
31,33,32
31,33,33
33,35,35
37,38,41
54,54,59
83,83,89
35,36,40
39,40,42
48,50,51
34,36,38
31,32,34
40,42,44
59,62,64
32,36,37
34,36,36
35,35,34
33,34,34
38,41,42
67,71,73
41,44,46
33,35,38
35,36,38
35,36,38
35,37,41
65,68,75
71,74,85
36,38,47
33,35,37
34,36,35
35,35,35
34,34,34
33,33,33
37,38,39
54,57,62
50,54,61
33,36,40
33,37,38
43,46,50
46,49,55
38,41,47
33,35,38
32,34,34
33,34,34
50,49,51
72,72,73
97,100,102
62,65,68
19,22,25
21,22,23
26,27,27
40,40,40
70,74,78
116,124,133
115,120,129
114,116,120
154,154,154
183,183,183
209,211,210
254,255,255
255,255,255
255,255,255
255,255,255
255,255,255
255,255,255
255,255,255
255,255,255
255,255,255
255,255,255
255,255,255
255,255,255
255,255,255
255,255,255
255,255,255
255,255,255
255,255,255
255,255,255
255,255,255
255,255,255
255,255,255
255,255,255
255,255,255
255,255,255
255,255,255
255,255,255
255,255,255
255,255,255
255,255,255
255,255,255
255,255,255
255,255,255
255,255,255
255,255,255
255,255,255
255,255,255
255,255,255
255,255,255
255,255,255
255,255,255
255,255,255
255,255,255
255,255,255
255,255,255
255,255,255
255,255,255
255,255,255
255,255,255
255,255,255
255,255,255
255,255,255
255,255,255
255,255,255
255,255,255
255,255,255
255,255,255
255,255,255
255,255,255
255,255,255
255,255,255
255,255,255
255,255,255
255,255,255
255,255,255
255,255,255
255,255,255
255,255,255
255,255,255
255,255,255
255,255,255
255,255,255
255,255,255
255,255,255
255,255,255
255,255,255
255,255,255
255,255,255
255,255,255
255,255,255
255,255,255
255,255,255
255,255,255
255,255,255
255,255,255
255,255,255
255,255,255
255,255,255
255,255,255
255,255,255
255,255,255
255,255,255
255,255,255
255,255,255
255,255,255
255,255,255
226,226,226
184,184,184
171,171,171
151,151,151
121,123,127
78,83,87
59,64,72
63,67,76
54,58,62
29,33,33
21,23,21
26,27,27
28,30,33
25,31,31
21,27,30
19,25,36
43,49,62
104,109,120
171,177,184
204,212,221
182,205,218
146,184,202
107,157,187
78,133,177
55,104,153
40,88,139
37,85,137
38,85,136
44,88,139
63,104,154
75,113,156
85,120,153
81,107,131
66,79,98
43,46,62
38,33,45
32,36,39
36,39,37
44,45,43
52,54,58
76,80,88
44,47,55
32,34,36
35,36,35
39,39,39
38,38,38
35,37,35
33,36,34
34,35,36
37,38,40
39,40,42
43,44,46
41,42,44
52,53,56
45,46,48
40,41,43
35,36,37
33,34,36
50,51,55
63,65,69
35,39,40
35,37,37
36,37,36
36,37,37
36,37,38
43,46,47
39,41,44
37,38,42
36,38,39
35,38,37
35,38,40
45,49,51
47,51,54
36,39,43
35,37,39
34,36,37
36,37,37
37,37,39
36,36,37
35,37,37
36,39,42
37,41,45
30,34,36
32,36,36
35,38,40
30,35,38
31,36,38
33,37,39
34,38,38
44,45,46
104,103,107
63,61,66
43,43,48
45,47,53
26,28,32
28,29,30
35,34,36
47,47,50
70,74,81
96,104,115
88,93,101
109,111,114
153,153,154
187,187,189
201,201,203
251,252,253
255,255,255
255,255,255
255,255,255
255,255,255
255,255,255
255,255,255
255,255,255
255,255,255
255,255,255
255,255,255
255,255,255
255,255,255
255,255,255
255,255,255
255,255,255
255,255,255
255,255,255
255,255,255
255,255,255
255,255,255
255,255,255
255,255,255
255,255,255
255,255,255
255,255,255
255,255,255
255,255,255
255,255,255
255,255,255
255,255,255
255,255,255
255,255,255
255,255,255
255,255,255
255,255,255
255,255,255
255,255,255
255,255,255
255,255,255
255,255,255
255,255,255
255,255,255
255,255,255
255,255,255
255,255,255
255,255,255
255,255,255
255,255,255
255,255,255
255,255,255
255,255,255
255,255,255
255,255,255
255,255,255
255,255,255
255,255,255
255,255,255
255,255,255
255,255,255
255,255,255
255,255,255
255,255,255
255,255,255
255,255,255
255,255,255
255,255,255
255,255,255
255,255,255
255,255,255
255,255,255
255,255,255
255,255,255
255,255,255
255,255,255
255,255,255
255,255,255
255,255,255
255,255,255
255,255,255
255,255,255
255,255,255
255,255,255
255,255,255
255,255,255
255,255,255
255,255,255
255,255,255
255,255,255
255,255,255
255,255,255
255,255,255
255,255,255
255,255,255
255,255,255
215,215,215
181,181,181
165,165,165
141,141,141
104,104,106
58,60,63
36,38,43
31,33,39
34,35,39
36,37,39
27,27,27
27,27,25
28,29,26
28,30,27
30,28,30
28,27,33
22,29,32
21,30,39
25,30,48
47,48,69
79,79,85
109,112,119
128,137,145
141,153,162
147,156,165
150,160,171
140,152,165
126,136,150
111,118,128
97,102,113
79,81,95
56,57,73
43,41,51
34,34,40
32,35,37
33,37,37
36,38,40
41,40,43
43,44,46
44,48,49
40,44,49
37,41,44
37,39,39
36,37,37
37,37,37
40,40,40
41,42,41
40,40,41
42,42,44
40,40,42
40,41,42
40,41,42
47,48,50
77,78,80
45,46,48
39,40,42
50,51,51
67,67,68
44,45,47
49,53,55
37,41,42
35,39,39
36,38,37
39,41,40
41,41,41
38,39,39
38,39,41
45,46,50
40,43,44
34,38,37
34,39,36
39,44,39
37,41,37
36,38,37
37,40,42
47,51,54
49,53,56
36,37,41
37,37,37
37,38,36
38,41,42
67,70,74
44,49,51
38,43,42
35,39,40
31,37,37
32,37,37
35,38,37
36,38,37
37,38,39
37,37,39
39,39,41
36,37,40
33,34,37
33,34,36
33,34,36
38,38,41
43,44,48
52,56,64
55,60,71
64,67,73
100,101,104
155,156,158
186,186,188
194,194,195
249,249,249
255,255,255
255,255,255
255,255,255
255,255,255
255,255,255
255,255,255
255,255,255
255,255,255
255,255,255
255,255,255
255,255,255
255,255,255
255,255,255
255,255,255
255,255,255
255,255,255
255,255,255
255,255,255
255,255,255
255,255,255
255,255,255
255,255,255
255,255,255
255,255,255
255,255,255
255,255,255
255,255,255
255,255,255
255,255,255
255,255,255
255,255,255
255,255,255
255,255,255
255,255,255
255,255,255
255,255,255
255,255,255
255,255,255
255,255,255
255,255,255
255,255,255
255,255,255
255,255,255
255,255,255
255,255,255
255,255,255
255,255,255
255,255,255
255,255,255
255,255,255
255,255,255
255,255,255
255,255,255
255,255,255
255,255,255
255,255,255
255,255,255
255,255,255
255,255,255
255,255,255
255,255,255
255,255,255
255,255,255
255,255,255
255,255,255
255,255,255
255,255,255
255,255,255
255,255,255
255,255,255
255,255,255
255,255,255
255,255,255
255,255,255
255,255,255
255,255,255
255,255,255
255,255,255
255,255,255
255,255,255
255,255,255
255,255,255
255,255,255
255,255,255
255,255,255
255,255,255
255,255,255
255,255,255
255,255,255
255,255,255
255,255,255
255,255,255
255,255,255
255,255,255
206,206,206
175,175,175
155,155,155
126,127,127
80,81,83
46,47,48
30,31,32
24,24,27
35,36,39
44,46,46
29,30,30
31,32,30
34,36,34
39,40,40
49,53,55
67,78,80
48,57,58
27,33,34
34,35,33
35,36,32
34,37,42
33,37,49
37,43,54
40,46,58
35,43,53
30,37,48
28,37,48
29,37,47
29,36,46
32,39,46
39,45,46
47,51,48
56,58,61
50,52,60
36,37,45
37,39,43
40,39,44
40,40,43
42,45,45
43,47,44
43,46,44
44,46,45
44,46,46
44,45,45
43,43,43
50,50,50
70,71,72
51,52,54
58,58,60
45,46,48
44,46,46
46,48,46
50,52,53
50,51,53
46,47,49
48,49,49
51,53,51
58,57,58
55,56,58
69,73,74
67,73,73
38,41,42
40,41,42
43,44,45
45,45,45
42,42,43
41,41,43
58,61,63
56,62,62
36,41,40
39,44,40
40,45,42
39,41,38
40,40,39
46,48,51
81,86,90
61,65,71
37,39,44
40,40,39
40,39,36
42,44,46
84,88,92
54,60,62
51,55,57
54,58,61
34,39,40
35,39,39
37,39,37
37,39,38
37,38,39
39,39,42
39,40,39
37,39,35
36,38,35
36,38,36
36,38,37
38,39,41
37,39,44
33,38,42
35,40,44
53,55,57
94,95,97
137,138,143
167,168,172
190,191,191
244,244,244
255,255,255
255,255,255
255,255,255
255,255,255
255,255,255
255,255,255
255,255,255
255,255,255
255,255,255
255,255,255
255,255,255
255,255,255
255,255,255
255,255,255
255,255,255
255,255,255
255,255,255
255,255,255
255,255,255
255,255,255
255,255,255
255,255,255
255,255,255
255,255,255
255,255,255
255,255,255
255,255,255
255,255,255
255,255,255
255,255,255
255,255,255
255,255,255
255,255,255
255,255,255
255,255,255
255,255,255
255,255,255
255,255,255
255,255,255
255,255,255
255,255,255
255,255,255
255,255,255
255,255,255
255,255,255
255,255,255
255,255,255
255,255,255
255,255,255
255,255,255
255,255,255
255,255,255
255,255,255
255,255,255
255,255,255
255,255,255
255,255,255
255,255,255
255,255,255
255,255,255
255,255,255
255,255,255
255,255,255
255,255,255
255,255,255
255,255,255
255,255,255
255,255,255
255,255,255
255,255,255
255,255,255
255,255,255
255,255,255
255,255,255
255,255,255
255,255,255
255,255,255
255,255,255
255,255,255
255,255,255
255,255,255
255,255,255
255,255,255
255,255,255
255,255,255
255,255,255
255,255,255
255,255,255
255,255,255
255,255,255
255,255,255
255,255,255
255,255,255
251,251,251
195,195,195
167,167,167
139,139,139
94,94,94
58,59,60
40,42,41
36,38,38
44,45,46
38,40,39
32,34,33
32,35,33
36,38,37
41,41,42
46,48,50
54,58,63
69,76,84
68,71,76
38,39,39
38,40,40
42,43,45
47,49,52
51,55,59
67,69,77
90,96,104
81,89,95
38,43,47
40,41,41
42,43,41
44,46,44
48,49,48
52,54,52
56,57,58
67,71,76
86,93,98
62,67,68
42,44,38
44,46,40
48,51,48
51,53,52
50,52,50
54,55,51
60,61,61
63,64,67
57,58,60
54,55,57
56,55,56
59,60,60
57,59,61
58,61,63
53,55,56
54,56,55
56,58,57
56,58,59
55,56,57
55,57,56
59,59,57
62,62,60
65,65,65
68,68,73
75,79,81
86,90,91
48,51,53
48,49,52
73,75,77
55,55,57
50,47,51
49,49,51
79,83,85
82,88,90
48,53,52
47,51,48
45,49,47
45,46,45
48,48,48
65,68,70
94,99,103
58,61,68
42,45,49
43,43,42
45,44,41
49,50,53
70,73,78
50,54,57
53,57,61
86,91,98
52,57,62
37,39,40
40,41,40
41,41,40
41,42,42
41,42,43
42,44,44
45,47,45
39,41,39
36,38,35
36,38,36
38,39,40
36,39,42
31,35,38
37,41,41
51,52,52
75,76,78
100,101,105
141,142,145
182,183,183
237,237,237
255,255,255
255,255,255
255,255,255
255,255,255
255,255,255
255,255,255
255,255,255
255,255,255
255,255,255
255,255,255
255,255,255
255,255,255
255,255,255
255,255,255
255,255,255
255,255,255
255,255,255
255,255,255
255,255,255
255,255,255
255,255,255
255,255,255
255,255,255
255,255,255
255,255,255
255,255,255
255,255,255
255,255,255
255,255,255
255,255,255
255,255,255
255,255,255
255,255,255
255,255,255
255,255,255
255,255,255
255,255,255
255,255,255
255,255,255
255,255,255
255,255,255
255,255,255
255,255,255
255,255,255
255,255,255
255,255,255
255,255,255
255,255,255
255,255,255
255,255,255
255,255,255
255,255,255
255,255,255
255,255,255
255,255,255
255,255,255
255,255,255
255,255,255
255,255,255
255,255,255
255,255,255
255,255,255
255,255,255
255,255,255
255,255,255
255,255,255
255,255,255
255,255,255
255,255,255
255,255,255
255,255,255
255,255,255
255,255,255
255,255,255
255,255,255
255,255,255
255,255,255
255,255,255
255,255,255
255,255,255
255,255,255
255,255,255
255,255,255
255,255,255
255,255,255
255,255,255
255,255,255
255,255,255
255,255,255
255,255,255
255,255,255
255,255,255
255,255,255
244,244,244
184,184,184
159,159,159
117,117,117
71,71,71
51,53,51
41,43,43
45,49,53
83,86,90
65,67,66
36,38,35
38,40,38
40,42,41
47,48,49
51,52,54
52,53,58
55,55,60
52,51,54
43,43,46
44,45,47
51,51,54
57,58,58
62,63,64
71,73,79
83,87,97
81,85,94
53,55,59
47,47,47
48,48,48
55,54,55
60,60,60
66,66,66
69,70,71
74,77,83
93,98,105
105,108,110
63,64,59
62,63,58
69,70,67
67,67,67
66,67,68
70,71,69
84,87,87
109,113,115
80,82,85
69,69,71
70,70,71
72,73,73
72,73,76
69,71,75
63,65,66
66,68,66
68,70,68
69,71,71
70,72,71
72,73,72
74,74,73
75,74,74
75,76,76
77,78,79
81,83,83
84,86,87
70,72,72
72,75,77
102,105,109
71,72,76
65,64,67
63,63,67
98,102,105
103,107,111
67,69,71
60,61,58
59,60,57
60,61,59
61,63,63
67,71,73
73,77,79
59,60,65
54,55,59
54,54,55
56,56,57
64,65,67
65,66,69
54,57,60
57,62,67
94,101,111
75,80,89
41,44,46
46,45,45
48,47,47
46,46,46
45,47,46
47,49,49
72,73,75
53,54,55
38,40,37
38,40,38
39,40,43
59,61,67
60,64,68
38,42,42
50,52,53
65,66,67
81,82,84
119,119,120
171,171,172
227,227,227
255,255,255
254,254,254
255,255,255
255,255,255
255,255,255
255,255,255
255,255,255
255,255,255
255,255,255
255,255,255
255,255,255
255,255,255
255,255,255
255,255,255
255,255,255
255,255,255
255,255,255
255,255,255
255,255,255
255,255,255
255,255,255
255,255,255
255,255,255
255,255,255
255,255,255
255,255,255
255,255,255
255,255,255
255,255,255
255,255,255
255,255,255
255,255,255
255,255,255
255,255,255
255,255,255
255,255,255
255,255,255
255,255,255
255,255,255
255,255,255
255,255,255
255,255,255
255,255,255
255,255,255
255,255,255
255,255,255
255,255,255
255,255,255
255,255,255
255,255,255
255,255,255
255,255,255
255,255,255
255,255,255
255,255,255
255,255,255
255,255,255
255,255,255
255,255,255
255,255,255
255,255,255
255,255,255
255,255,255
255,255,255
255,255,255
255,255,255
255,255,255
255,255,255
255,255,255
255,255,255
255,255,255
255,255,255
255,255,255
255,255,255
255,255,255
255,255,255
255,255,255
255,255,255
255,255,255
255,255,255
255,255,255
255,255,255
255,255,255
255,255,255
255,255,255
255,255,255
255,255,255
255,255,255
255,255,255
255,255,255
255,255,255
255,255,255
255,255,255
234,234,234
173,173,173
136,136,136
88,88,89
70,70,70
52,54,51
47,49,49
48,49,53
58,61,65
57,62,60
46,48,45
42,44,42
42,44,44
51,52,54
57,59,59
59,60,60
58,60,61
59,61,62
67,68,69
51,52,53
55,56,57
63,64,63
70,73,72
75,77,79
77,79,84
77,77,83
74,74,79
71,71,74
64,66,68
57,60,61
69,69,70
78,76,77
81,81,81
84,87,89
91,94,98
106,107,110
91,91,90
88,88,86
86,86,85
78,78,80
78,78,79
83,83,82
89,91,91
104,107,110
96,98,101
85,86,87
88,88,87
89,90,90
90,91,93
88,89,92
82,83,85
75,78,78
74,79,77
82,84,83
84,86,85
85,85,85
86,86,86
85,85,85
87,87,87
88,90,89
91,92,91
90,92,91
86,88,86
94,98,99
110,113,119
82,84,89
80,80,82
81,82,84
107,111,113
104,108,111
81,83,85
77,77,76
77,78,77
78,80,79
75,78,77
73,76,75
73,74,76
70,70,72
70,71,70
71,71,71
73,74,77
74,75,76
69,70,70
68,70,70
75,77,81
102,106,114
95,99,109
60,62,65
59,58,59
62,60,61
55,56,55
55,56,56
62,63,65
87,88,91
61,62,63
45,47,48
44,46,47
61,62,66
95,97,103
70,74,78
42,46,47
51,54,53
60,62,61
70,72,70
97,97,96
154,154,154
214,214,214
255,255,255
254,254,254
255,255,255
255,255,255
255,255,255
255,255,255
255,255,255
255,255,255
255,255,255
255,255,255
255,255,255
255,255,255
255,255,255
255,255,255
255,255,255
255,255,255
255,255,255
255,255,255
255,255,255
255,255,255
255,255,255
255,255,255
255,255,255
255,255,255
255,255,255
255,255,255
255,255,255
255,255,255
255,255,255
255,255,255
255,255,255
255,255,255
255,255,255
255,255,255
255,255,255
255,255,255
255,255,255
255,255,255
255,255,255
255,255,255
255,255,255
255,255,255
255,255,255
255,255,255
255,255,255
255,255,255
255,255,255
255,255,255
255,255,255
255,255,255
255,255,255
255,255,255
255,255,255
255,255,255
255,255,255
255,255,255
255,255,255
255,255,255
255,255,255
255,255,255
255,255,255
255,255,255
255,255,255
255,255,255
255,255,255
255,255,255
255,255,255
255,255,255
255,255,255
255,255,255
255,255,255
255,255,255
255,255,255
255,255,255
255,255,255
255,255,255
255,255,255
255,255,255
255,255,255
255,255,255
255,255,255
255,255,255
255,255,255
255,255,255
255,255,255
255,255,255
255,255,255
255,255,255
255,255,255
255,255,255
255,255,255
255,255,255
255,255,255
222,222,222
155,155,155
105,105,105
78,77,77
69,69,69
57,59,58
55,59,58
60,62,62
63,66,67
64,68,67
63,65,64
66,67,68
79,80,83
70,71,74
70,72,71
73,75,74
76,78,79
91,93,95
117,118,120
80,81,83
81,82,83
81,82,82
80,81,81
83,84,83
83,85,83
84,86,84
88,90,90
97,100,101
121,125,128
102,106,109
85,87,89
88,87,88
90,89,90
92,93,95
96,97,98
100,100,99
98,99,96
97,97,95
94,94,94
92,92,94
91,91,92
89,89,91
92,93,95
96,97,100
98,99,101
95,96,97
96,96,96
98,99,99
100,101,102
102,103,105
108,109,111
104,108,109
95,100,100
94,96,95
96,96,96
96,96,96
96,96,96
97,97,97
98,98,98
96,97,97
96,96,96
96,96,96
95,97,97
104,107,109
112,115,121
93,94,98
90,89,90
93,93,93
104,106,106
100,101,103
91,92,94
89,91,91
89,90,90
90,92,91
88,90,88
87,88,87
83,84,86
81,82,82
84,84,83
87,87,86
85,86,88
79,80,81
75,76,76
78,80,80
86,88,91
103,107,112
101,103,109
76,78,81
72,72,73
67,69,68
64,65,65
69,69,71
72,73,75
73,74,75
69,70,71
62,63,66
71,71,76
113,114,118
102,104,108
57,61,62
48,52,51
52,55,54
60,62,60
69,70,70
83,83,83
130,130,130
202,202,202
255,255,255
254,254,254
255,255,255
255,255,255
255,255,255
255,255,255
255,255,255
255,255,255
255,255,255
255,255,255
255,255,255
255,255,255
255,255,255
255,255,255
255,255,255
255,255,255
255,255,255
255,255,255
255,255,255
255,255,255
255,255,255
255,255,255
255,255,255
255,255,255
255,255,255
255,255,255
255,255,255
255,255,255
255,255,255
255,255,255
255,255,255
255,255,255
255,255,255
255,255,255
255,255,255
255,255,255
255,255,255
255,255,255
255,255,255
255,255,255
255,255,255
255,255,255
255,255,255
255,255,255
255,255,255
255,255,255
255,255,255
255,255,255
255,255,255
255,255,255
255,255,255
255,255,255
255,255,255
255,255,255
255,255,255
255,255,255
255,255,255
255,255,255
255,255,255
255,255,255
255,255,255
255,255,255
255,255,255
255,255,255
255,255,255
255,255,255
255,255,255
255,255,255
255,255,255
255,255,255
255,255,255
255,255,255
255,255,255
255,255,255
255,255,255
255,255,255
255,255,255
255,255,255
255,255,255
255,255,255
255,255,255
255,255,255
255,255,255
255,255,255
255,255,255
255,255,255
255,255,255
255,255,255
255,255,255
255,255,255
255,255,255
255,255,255
255,255,255
205,205,205
130,130,130
89,89,89
79,79,79
72,73,72
69,72,71
69,73,72
75,77,76
78,80,79
79,82,81
85,86,87
109,110,113
119,120,124
92,93,96
88,90,89
93,94,93
94,95,96
96,97,99
97,98,100
101,102,105
108,110,110
106,106,106
94,93,93
95,95,95
97,97,95
96,98,94
96,98,95
98,101,102
106,109,113
112,115,120
103,105,108
98,99,99
97,98,97
96,98,97
98,100,99
100,100,99
101,101,99
102,103,101
104,106,107
113,114,117
133,134,138
116,117,119
100,101,103
103,104,106
101,102,103
100,100,100
101,101,101
101,101,101
110,110,110
112,112,114
108,109,111
125,129,130
120,124,125
101,103,102
101,101,101
101,101,101
101,101,101
101,101,101
102,102,102
101,101,101
101,101,101
101,101,101
101,101,102
105,106,110
109,111,116
102,102,102
104,101,100
102,101,101
102,102,102
100,101,103
98,101,103
101,104,105
100,100,103
98,98,98
98,98,98
98,98,99
98,98,100
99,99,101
98,98,99
96,98,98
96,97,99
97,98,100
93,94,96
88,89,91
93,95,97
100,102,105
99,99,100
91,91,91
85,87,85
78,81,81
81,82,84
84,84,87
84,84,84
84,84,83
86,86,87
94,94,97
100,99,104
107,107,111
84,85,87
69,71,70
60,62,62
68,69,72
71,72,75
75,76,78
82,82,82
103,103,103
178,178,178
253,253,253
255,255,255
255,255,255
255,255,255
255,255,255
255,255,255
255,255,255
255,255,255
255,255,255
255,255,255
255,255,255
255,255,255
255,255,255
255,255,255
255,255,255
255,255,255
255,255,255
255,255,255
255,255,255
255,255,255
255,255,255
255,255,255
255,255,255
255,255,255
255,255,255
255,255,255
255,255,255
255,255,255
255,255,255
255,255,255
255,255,255
255,255,255
255,255,255
255,255,255
255,255,255
255,255,255
255,255,255
255,255,255
255,255,255
255,255,255
255,255,255
255,255,255
255,255,255
255,255,255
255,255,255
255,255,255
255,255,255
255,255,255
255,255,255
255,255,255
255,255,255
255,255,255
255,255,255
255,255,255
255,255,255
255,255,255
255,255,255
255,255,255
255,255,255
255,255,255
255,255,255
255,255,255
255,255,255
255,255,255
255,255,255
255,255,255
255,255,255
255,255,255
255,255,255
255,255,255
255,255,255
255,255,255
255,255,255
255,255,255
255,255,255
255,255,255
255,255,255
255,255,255
255,255,255
255,255,255
255,255,255
255,255,255
255,255,255
255,255,255
255,255,255
255,255,255
255,255,255
255,255,255
255,255,255
255,255,255
255,255,255
255,255,255
254,254,254
179,179,179
109,109,109
95,95,95
91,92,92
89,91,90
87,90,89
89,92,91
93,95,94
95,96,97
96,96,96
98,99,100
110,111,113
109,110,113
100,101,103
98,100,99
99,99,99
100,100,101
101,100,102
101,101,103
101,102,103
102,103,103
102,102,102
100,100,100
101,102,101
101,101,102
104,104,105
105,107,106
101,102,102
101,101,102
102,104,104
108,110,109
102,103,102
111,114,115
121,125,127
105,108,110
99,100,99
102,102,100
102,103,101
106,108,109
115,116,120
121,122,127
109,109,114
98,98,100
97,97,97
97,96,96
98,97,96
98,98,98
97,97,97
97,97,97
96,97,97
97,99,100
102,104,106
101,104,106
97,98,98
99,99,99
98,98,98
97,97,97
97,97,97
97,97,97
98,98,98
97,98,97
94,94,94
96,96,97
99,99,102
101,102,105
107,107,106
114,111,109
104,102,100
96,96,95
97,97,96
100,102,101
118,120,122
128,129,133
104,105,107
99,99,100
100,100,101
104,104,106
120,121,123
103,105,107
100,101,103
101,102,104
109,110,112
130,131,132
120,120,123
102,102,106
102,102,103
102,101,98
100,101,96
98,101,97
104,109,111
121,124,128
105,107,109
99,100,98
99,99,97
100,100,101
103,103,104
99,99,100
94,94,95
91,92,92
88,90,89
96,97,98
124,125,130
96,97,102
89,89,91
93,93,93
95,95,95
148,148,148
247,247,247
255,255,255
255,255,255
255,255,255
255,255,255
255,255,255
255,255,255
255,255,255
255,255,255
255,255,255
255,255,255
255,255,255
255,255,255
255,255,255
255,255,255
255,255,255
255,255,255
255,255,255
255,255,255
255,255,255
255,255,255
255,255,255
255,255,255
255,255,255
255,255,255
255,255,255
255,255,255
255,255,255
255,255,255
255,255,255
255,255,255
255,255,255
255,255,255
255,255,255
255,255,255
255,255,255
255,255,255
255,255,255
255,255,255
255,255,255
255,255,255
255,255,255
255,255,255
255,255,255
255,255,255
255,255,255
255,255,255
255,255,255
255,255,255
255,255,255
255,255,255
255,255,255
255,255,255
255,255,255
255,255,255
255,255,255
255,255,255
255,255,255
255,255,255
255,255,255
255,255,255
255,255,255
255,255,255
255,255,255
255,255,255
255,255,255
255,255,255
255,255,255
255,255,255
255,255,255
255,255,255
255,255,255
255,255,255
255,255,255
255,255,255
255,255,255
255,255,255
255,255,255
255,255,255
255,255,255
255,255,255
255,255,255
255,255,255
255,255,255
255,255,255
255,255,255
255,255,255
255,255,255
255,255,255
255,255,255
255,255,255
255,255,255
249,249,249
154,154,154
116,116,116
108,108,108
105,105,105
101,101,101
101,101,101
101,102,101
103,104,107
108,109,112
104,104,106
100,100,102
101,101,103
100,100,102
99,100,101
98,98,98
98,98,98
99,99,100
97,97,98
92,92,93
90,90,90
91,90,91
92,90,91
94,93,93
96,96,97
102,102,106
114,114,119
110,110,113
92,92,92
88,88,88
91,91,91
94,94,94
97,98,101
109,112,117
111,115,119
89,92,94
80,81,79
84,84,82
88,88,87
92,93,94
101,101,103
97,98,100
97,97,99
101,101,102
106,106,106
110,110,109
114,114,113
118,118,118
122,122,122
123,124,124
124,125,124
127,128,128
128,129,129
124,124,125
115,115,115
115,115,115
127,127,127
127,127,127
125,125,125
124,124,124
126,127,126
124,126,125
112,114,113
108,109,109
106,107,107
105,106,106
105,105,105
102,101,101
95,95,94
92,92,92
91,91,91
89,89,89
90,90,92
97,97,100
96,96,97
91,91,92
91,91,93
91,91,92
94,95,96
91,93,94
92,93,94
93,93,95
98,97,101
111,111,115
127,126,131
101,100,104
92,92,92
91,90,87
94,95,91
98,99,99
117,118,120
131,133,137
105,107,109
98,100,99
100,102,100
101,102,100
102,102,101
101,101,101
102,102,102
103,103,103
103,103,103
122,122,124
124,125,127
103,103,106
103,104,105
109,108,108
112,110,111
126,125,126
231,231,231
255,255,255
255,255,255
255,255,255
255,255,255
255,255,255
255,255,255
255,255,255
255,255,255
255,255,255
255,255,255
255,255,255
255,255,255
255,255,255
255,255,255
255,255,255
255,255,255
255,255,255
255,255,255
255,255,255
255,255,255
255,255,255
255,255,255
255,255,255
255,255,255
255,255,255
255,255,255
255,255,255
255,255,255
255,255,255
255,255,255
255,255,255
255,255,255
255,255,255
255,255,255
255,255,255
255,255,255
255,255,255
255,255,255
255,255,255
255,255,255
255,255,255
255,255,255
255,255,255
255,255,255
255,255,255
255,255,255
255,255,255
255,255,255
255,255,255
255,255,255
255,255,255
255,255,255
255,255,255
255,255,255
255,255,255
255,255,255
255,255,255
255,255,255
255,255,255
255,255,255
255,255,255
255,255,255
255,255,255
255,255,255
255,255,255
255,255,255
255,255,255
255,255,255
255,255,255
255,255,255
255,255,255
255,255,255
255,255,255
255,255,255
255,255,255
255,255,255
255,255,255
255,255,255
255,255,255
255,255,255
255,255,255
255,255,255
255,255,255
255,255,255
255,255,255
255,255,255
255,255,255
255,255,255
255,255,255
255,255,255
255,255,255
243,243,243
151,151,151
117,117,117
106,106,106
99,99,99
93,93,93
92,92,92
92,92,93
96,97,101
103,103,106
96,96,98
88,88,89
89,89,90
93,93,94
94,94,94
94,94,94
99,99,99
113,113,113
126,126,126
117,117,117
120,120,120
125,125,125
130,129,129
141,140,140
138,138,140
138,138,143
142,142,149
141,140,145
143,143,144
151,151,151
161,161,160
168,168,168
172,173,177
171,173,180
165,169,174
162,164,165
162,162,160
163,162,160
165,165,165
168,168,168
172,172,172
174,174,175
181,181,181
188,188,189
194,194,194
196,196,197
195,195,195
193,193,193
191,191,191
189,189,189
187,187,187
186,186,186
190,190,190
195,195,195
186,186,186
171,171,171
192,192,192
199,199,199
200,200,200
197,198,198
196,198,197
196,198,197
195,197,196
193,195,194
191,193,192
191,191,191
188,188,188
186,186,186
184,184,184
182,182,182
181,181,181
178,178,178
176,176,176
174,174,176
173,173,174
173,173,173
170,170,172
164,164,164
160,160,160
152,152,152
146,146,146
143,143,143
140,140,141
137,136,141
140,139,145
139,139,143
122,122,122
102,102,100
113,115,113
114,114,115
109,109,111
104,104,107
101,102,104
97,99,97
91,93,92
83,85,83
79,80,78
84,84,84
88,87,87
88,88,88
88,90,89
95,96,96
94,96,96
92,94,94
96,97,97
105,104,104
117,115,116
125,124,125
212,212,212
255,255,255
255,255,255
255,255,255
255,255,255
255,255,255
255,255,255
255,255,255
255,255,255
255,255,255
255,255,255
255,255,255
255,255,255
255,255,255
255,255,255
255,255,255
255,255,255
255,255,255
255,255,255
255,255,255
255,255,255
255,255,255
255,255,255
255,255,255
255,255,255
255,255,255
255,255,255
255,255,255
255,255,255
255,255,255
255,255,255
255,255,255
255,255,255
255,255,255
255,255,255
255,255,255
255,255,255
255,255,255
255,255,255
255,255,255
255,255,255
255,255,255
255,255,255
255,255,255
255,255,255
255,255,255
255,255,255
255,255,255
255,255,255
255,255,255
255,255,255
255,255,255
255,255,255
255,255,255
255,255,255
255,255,255
255,255,255
255,255,255
255,255,255
255,255,255
255,255,255
255,255,255
255,255,255
255,255,255
255,255,255
255,255,255
255,255,255
255,255,255
255,255,255
255,255,255
255,255,255
255,255,255
255,255,255
255,255,255
255,255,255
255,255,255
255,255,255
255,255,255
255,255,255
255,255,255
255,255,255
255,255,255
255,255,255
255,255,255
255,255,255
255,255,255
255,255,255
255,255,255
255,255,255
255,255,255
255,255,255
255,255,255
229,229,229
141,141,141
126,126,126
126,126,126
124,124,124
127,127,127
137,137,138
147,147,149
153,153,155
158,158,159
164,163,164
169,169,169
174,175,174
180,180,180
182,182,182
181,181,181
182,182,182
182,182,182
183,183,183
183,183,183
183,183,183
187,187,187
189,189,189
190,190,190
190,190,190
191,191,190
193,193,193
197,197,198
203,203,203
213,213,213
216,216,216
218,218,218
218,219,219
217,219,219
214,218,218
213,214,213
211,211,209
210,209,207
209,209,209
209,209,209
210,210,210
214,214,214
216,216,216
219,219,219
221,221,221
219,219,219
217,217,217
214,214,214
212,212,212
210,210,210
208,208,208
207,207,207
206,206,206
211,211,211
214,214,214
219,219,219
225,225,225
224,224,224
223,223,223
220,221,220
219,221,220
218,219,219
217,218,218
214,216,215
213,215,214
213,213,213
212,212,212
210,210,210
208,208,208
209,209,209
208,208,208
208,208,208
208,208,208
209,209,209
208,208,208
209,209,209
210,210,210
211,211,211
208,208,208
208,207,208
206,206,206
203,203,202
199,199,199
196,196,196
191,191,193
196,196,198
199,199,199
187,186,187
197,198,198
198,201,200
193,195,195
188,190,190
188,190,189
187,188,188
182,183,182
173,175,174
162,162,162
157,155,156
152,151,151
144,144,144
136,138,137
144,147,145
134,136,135
118,120,119
111,112,111
104,104,104
101,99,100
99,99,99
183,183,183
255,255,255
255,255,255
255,255,255
255,255,255
255,255,255
255,255,255
255,255,255
255,255,255
255,255,255
255,255,255
255,255,255
255,255,255
255,255,255
255,255,255
255,255,255
255,255,255
255,255,255
255,255,255
255,255,255
255,255,255
255,255,255
255,255,255
255,255,255
255,255,255
255,255,255
255,255,255
255,255,255
255,255,255
255,255,255
255,255,255
255,255,255
255,255,255
255,255,255
255,255,255
255,255,255
255,255,255
255,255,255
255,255,255
255,255,255
255,255,255
255,255,255
255,255,255
255,255,255
255,255,255
255,255,255
255,255,255
255,255,255
255,255,255
255,255,255
255,255,255
255,255,255
255,255,255
255,255,255
255,255,255
255,255,255
255,255,255
255,255,255
255,255,255
255,255,255
255,255,255
255,255,255
255,255,255
255,255,255
255,255,255
255,255,255
255,255,255
255,255,255
255,255,255
255,255,255
255,255,255
255,255,255
255,255,255
255,255,255
255,255,255
255,255,255
255,255,255
255,255,255
255,255,255
255,255,255
255,255,255
255,255,255
255,255,255
255,255,255
255,255,255
255,255,255
255,255,255
255,255,255
255,255,255
255,255,255
255,255,255
255,255,255
240,240,240
206,206,206
203,203,203
203,203,203
203,203,203
202,202,202
202,202,204
200,200,202
200,199,200
200,199,199
200,198,199
200,200,200
201,201,201
203,203,203
204,204,204
206,206,206
209,209,209
211,211,211
215,215,215
218,218,218
221,221,221
222,222,222
226,226,226
234,234,233
239,239,237
244,245,241
248,248,245
250,250,249
251,251,251
252,252,252
254,254,254
255,255,255
255,255,254
254,255,251
255,255,253
255,255,255
255,255,255
255,255,255
255,255,255
255,255,255
255,255,255
255,255,255
255,255,255
255,255,255
255,255,255
255,255,255
255,255,255
255,255,255
255,255,255
255,255,255
255,255,255
255,255,255
255,255,255
255,255,255
255,255,255
255,255,255
255,255,255
255,255,255
255,255,255
255,255,255
255,255,255
255,255,255
255,255,255
255,255,255
255,255,255
255,255,255
254,254,254
254,254,254
253,253,253
252,252,252
252,252,252
252,252,252
251,251,251
251,251,250
250,250,250
249,249,249
246,246,246
243,243,243
244,244,244
242,241,242
238,238,238
238,238,238
237,237,237
234,235,234
231,231,231
229,229,229
229,229,229
221,221,221
222,222,222
224,224,224
221,221,220
215,215,215
208,208,208
205,205,205
204,204,204
203,204,203
201,201,201
199,198,198
200,199,200
205,205,205
207,208,207
207,209,208
210,212,211
216,218,217
223,224,224
227,226,226
227,226,227
223,223,223
234,234,234
254,254,254
255,255,255
255,255,255
255,255,255
255,255,255
255,255,255
255,255,255
255,255,255
255,255,255
255,255,255
255,255,255
255,255,255
255,255,255
255,255,255
255,255,255
255,255,255
255,255,255
255,255,255
255,255,255
255,255,255
255,255,255
255,255,255
255,255,255
255,255,255
255,255,255
255,255,255
255,255,255
255,255,255
255,255,255
255,255,255
255,255,255
255,255,255
255,255,255
255,255,255
255,255,255
255,255,255
255,255,255
255,255,255
255,255,255
255,255,255
255,255,255
255,255,255
255,255,255
255,255,255
255,255,255
255,255,255
255,255,255
255,255,255
255,255,255
255,255,255
255,255,255
255,255,255
255,255,255
255,255,255
255,255,255
255,255,255
255,255,255
255,255,255
255,255,255
255,255,255
255,255,255
255,255,255
255,255,255
255,255,255
255,255,255
255,255,255
255,255,255
255,255,255
255,255,255
255,255,255
255,255,255
255,255,255
255,255,255
255,255,255
255,255,255
255,255,255
255,255,255
255,255,255
255,255,255
255,255,255
255,255,255
255,255,255
255,255,255
255,255,255
255,255,255
255,255,255
255,255,255
255,255,255
255,255,255
255,255,255
255,255,255
242,242,242
217,217,217
219,219,219
220,220,220
221,221,221
223,223,224
228,227,230
233,231,234
238,235,237
241,240,240
244,243,241
247,247,247
250,250,250
252,252,252
253,253,253
255,255,255
255,255,255
255,255,255
255,255,255
255,255,255
255,255,255
255,255,255
255,255,255
255,255,255
254,254,255
255,255,255
255,255,254
255,255,254
255,255,254
255,255,254
255,255,255
255,255,255
255,255,255
255,255,254
255,255,255
255,255,255
255,255,255
255,255,254
255,255,255
255,255,255
255,255,255
255,255,255
255,255,255
255,255,255
255,255,255
255,255,255
255,255,255
255,255,255
255,255,255
255,255,255
255,255,255
255,255,255
255,255,255
255,255,255
255,255,255
255,255,255
255,255,255
255,255,255
255,255,255
255,255,255
255,255,255
255,255,255
255,255,255
255,255,255
255,255,255
255,255,255
255,255,255
255,255,255
255,255,255
255,255,255
255,255,255
255,255,255
255,255,255
255,255,255
255,255,255
255,255,255
255,255,255
255,255,255
255,255,255
255,255,255
255,255,255
255,254,254
255,254,255
255,255,255
255,255,255
255,255,255
255,255,255
254,254,254
254,254,254
254,254,254
255,255,253
255,255,253
254,254,254
254,254,254
253,253,253
252,252,252
248,248,248
246,246,246
243,243,243
240,240,240
234,236,235
224,227,226
222,224,223
220,222,221
223,224,223
231,230,231
241,239,240
245,244,244
250,250,249
254,254,254
255,255,255
255,255,255
255,255,255
255,255,255
255,255,255
255,255,255
255,255,255
255,255,255
255,255,255
255,255,255
255,255,255
255,255,255
255,255,255
255,255,255
255,255,255
255,255,255
255,255,255
255,255,255
255,255,255
255,255,255
255,255,255
255,255,255
255,255,255
255,255,255
255,255,255
255,255,255
255,255,255
255,255,255
255,255,255
255,255,255
255,255,255
255,255,255
255,255,255
255,255,255
255,255,255
255,255,255
255,255,255
255,255,255
255,255,255
255,255,255
255,255,255
255,255,255
255,255,255
255,255,255
255,255,255
255,255,255
255,255,255
255,255,255
255,255,255
255,255,255
255,255,255
255,255,255
255,255,255
255,255,255
255,255,255
255,255,255
255,255,255
255,255,255
255,255,255
255,255,255
255,255,255
255,255,255
255,255,255
255,255,255
255,255,255
255,255,255
255,255,255
255,255,255
255,255,255
255,255,255
255,255,255
255,255,255
255,255,255
255,255,255
255,255,255
255,255,255
255,255,255
255,255,255
255,255,255
255,255,255
255,255,255
255,255,255
255,255,255
255,255,255
255,255,255
255,255,255
255,255,255
255,255,255
255,255,255
255,255,255
254,254,254
255,255,255
255,255,255
255,255,255
255,255,255
255,255,255
255,255,255
255,255,255
255,255,255
255,254,254
255,255,253
255,255,254
255,255,255
255,255,255
255,255,255
255,255,255
254,254,254
255,255,255
255,255,255
254,254,254
254,254,254
254,254,254
254,255,254
254,255,254
254,254,254
255,255,255
254,254,253
255,255,254
255,255,254
255,255,254
255,255,255
254,254,254
254,254,254
254,254,254
254,254,254
255,255,255
255,255,255
255,255,255
255,255,255
255,255,255
255,255,255
255,255,255
255,255,255
255,255,255
255,255,255
255,255,255
255,255,255
255,255,255
255,255,255
255,255,255
255,255,255
255,255,255
255,255,255
255,255,255
255,255,255
255,255,255
255,255,255
255,255,255
255,255,255
255,255,255
255,255,255
255,255,255
255,255,255
255,255,255
255,255,255
255,255,255
255,255,255
255,255,255
255,255,255
255,255,255
255,255,255
255,255,255
255,255,255
255,255,255
255,255,255
254,254,254
254,254,254
255,255,255
255,255,255
255,255,255
255,255,255
254,254,254
255,253,254
254,254,254
254,254,254
254,254,254
254,254,254
254,254,254
254,254,254
254,254,254
255,255,253
254,254,253
254,254,254
255,255,255
255,255,255
255,255,255
254,254,254
254,254,254
255,255,255
255,255,255
254,255,255
252,254,254
253,255,254
253,254,253
250,251,251
251,250,251
252,251,252
253,252,252
253,253,253
254,254,254
255,255,255
255,255,255
255,255,255
255,255,255
255,255,255
255,255,255
255,255,255
255,255,255
255,255,255
255,255,255
255,255,255
255,255,255
255,255,255
255,255,255
255,255,255
255,255,255
255,255,255
255,255,255
255,255,255
255,255,255
255,255,255
255,255,255
255,255,255
255,255,255
255,255,255
255,255,255
255,255,255
255,255,255
255,255,255
255,255,255
255,255,255
255,255,255
255,255,255
255,255,255
255,255,255
255,255,255
255,255,255
255,255,255
255,255,255
255,255,255
255,255,255
255,255,255
255,255,255
255,255,255
255,255,255
255,255,255
255,255,255
255,255,255
255,255,255
255,255,255
255,255,255
255,255,255
255,255,255
255,255,255
255,255,255
255,255,255
255,255,255
255,255,255
255,255,255
255,255,255
255,255,255
255,255,255
255,255,255
255,255,255
255,255,255
255,255,255
255,255,255
255,255,255
255,255,255
255,255,255
255,255,255
255,255,255
255,255,255
255,255,255
255,255,255
255,255,255
255,255,255
255,255,255
255,255,255
255,255,255
255,255,255
255,255,255
255,255,255
255,255,255
255,255,255
255,255,255
255,255,255
255,255,255
255,255,255
255,255,255
255,255,255
255,255,255
255,255,255
255,255,255
255,255,255
255,255,255
255,255,255
255,255,254
254,255,255
255,255,255
255,255,255
255,255,255
255,255,255
255,255,255
255,255,255
255,255,255
255,255,255
255,255,255
255,255,255
255,255,255
255,255,255
255,255,255
255,255,255
255,255,255
255,255,255
255,255,255
255,255,255
255,255,255
255,255,255
255,255,255
255,255,255
255,255,255
255,255,255
255,255,255
255,255,255
255,255,255
255,255,255
255,255,255
255,255,255
255,255,255
255,255,255
255,255,255
255,255,255
255,255,255
255,255,255
255,255,255
255,255,255
255,255,255
255,255,255
255,255,255
255,255,255
255,255,255
255,255,255
255,255,255
255,255,255
255,255,255
255,255,255
255,255,255
255,255,255
255,255,255
255,255,255
255,255,255
255,255,255
255,255,255
255,255,255
255,255,255
255,255,255
255,255,255
255,255,255
255,255,255
255,255,255
255,255,255
255,255,255
255,255,255
255,255,255
255,255,255
255,255,255
255,255,255
255,255,255
255,255,255
255,255,255
255,255,255
255,255,255
255,255,255
255,255,255
255,255,255
255,255,255
255,255,255
255,255,255
255,255,255
255,255,254
255,255,255
255,255,255
255,255,255
255,255,255
255,255,255
255,255,255
255,255,255
255,255,255
255,255,255
255,255,255
255,255,255
255,255,255
255,255,255
255,255,255
255,255,255
255,255,255
255,255,255
255,255,255
255,255,255
255,255,255
255,255,255
255,255,255
255,255,255
255,255,255
255,255,255
255,255,255
255,255,255
255,255,255
255,255,255
255,255,255
255,255,255
255,255,255
255,255,255
255,255,255
255,255,255
255,255,255
255,255,255
255,255,255
255,255,255
255,255,255
255,255,255
255,255,255
255,255,255
255,255,255
255,255,255
255,255,255
255,255,255
255,255,255
255,255,255
255,255,255
255,255,255
255,255,255
255,255,255
255,255,255
255,255,255
255,255,255
255,255,255
255,255,255
255,255,255
255,255,255
255,255,255
255,255,255
255,255,255
255,255,255
255,255,255
255,255,255
255,255,255
255,255,255
255,255,255
255,255,255
255,255,255
255,255,255
255,255,255
255,255,255
255,255,255
255,255,255
255,255,255
255,255,255
255,255,255
255,255,255
255,255,255
255,255,255
255,255,255
255,255,255
255,255,255
255,255,255
255,255,255
255,255,255
255,255,255
255,255,255
255,255,255
255,255,255
255,255,255
255,255,255
255,255,255
255,255,255
255,255,255
255,255,255
255,255,255
255,255,255
255,255,255
255,255,255
255,255,255
255,255,255
255,255,255
255,255,255
255,255,255
255,255,255
255,255,255
255,255,255
255,255,255
255,255,255
255,255,255
255,255,255
255,255,255
255,255,255
255,255,255
255,255,255
255,255,255
255,255,255
255,255,255
255,255,255
255,255,255
255,255,255
255,255,255
255,255,255
255,255,255
255,255,255
255,255,255
255,255,255
255,255,255
255,255,255
255,255,255
255,255,255
255,255,255
255,255,255
255,255,255
255,255,255
255,255,255
255,255,255
255,255,255
255,255,255
255,255,255
255,255,255
255,255,255
255,255,255
255,255,255
255,255,255
255,255,255
255,255,255
255,255,255
255,255,255
255,255,255
255,255,255
255,255,255
255,255,255
255,255,255
255,255,255
255,255,255
255,255,255
255,255,255
255,255,255
255,255,255
255,255,255
255,255,255
255,255,255
255,255,255
255,255,255
255,255,255
255,255,255
255,255,255
255,255,255
255,255,255
255,255,255
255,255,255
255,255,255
255,255,255
255,255,255
255,255,255
255,255,255
255,255,255
255,255,255
255,255,255
255,255,255
255,255,255
255,255,255
255,255,255
255,255,255
255,255,255
255,255,255
255,255,255
255,255,255
255,255,255
255,255,255
255,255,255
255,255,255
255,255,255
255,255,255
255,255,255
255,255,255
255,255,255
255,255,255
255,255,255
255,255,255
255,255,255
255,255,255
255,255,255
255,255,255
255,255,255
255,255,255
255,255,255
255,255,255
255,255,255
255,255,255
255,255,255
255,255,255
255,255,255
255,255,255
255,255,255
255,255,255
255,255,255
255,255,255
255,255,255
255,255,255
255,255,255
255,255,255
255,255,255
255,255,255
255,255,255
255,255,255
255,255,255
255,255,255
255,255,255
255,255,255
255,255,255
255,255,255
255,255,255
255,255,255
255,255,255
255,255,255
255,255,255
255,255,255
255,255,255
255,255,255
255,255,255
255,255,255
255,255,255
255,255,255
255,255,255
255,255,255
255,255,255
255,255,255
255,255,255
255,255,255
255,255,255
255,255,255
255,255,255
255,255,255
255,255,255
255,255,255
255,255,255
255,255,255
255,255,255
255,255,255
255,255,255
255,255,255
255,255,255
255,255,255
255,255,255
255,255,255
255,255,255
255,255,255
255,255,255
255,255,255
255,255,255
255,255,255
255,255,255
255,255,255
255,255,255
255,255,255
255,255,255
255,255,255
255,255,255
255,255,255
255,255,255
255,255,255
255,255,255
255,255,255
255,255,255
255,255,255
255,255,255
255,255,255
255,255,255
255,255,255
255,255,255
255,255,255
255,255,255
255,255,255
255,255,255
255,255,255
255,255,255
255,255,255
255,255,255
255,255,255
255,255,255
255,255,255
255,255,255
255,255,255
255,255,255
255,255,255
255,255,255
255,255,255
255,255,255
255,255,255
255,255,255
255,255,255
255,255,255
255,255,255
255,255,255
255,255,255
255,255,255
255,255,255
255,255,255
255,255,255
255,255,255
255,255,255
255,255,255
255,255,255
255,255,255
255,255,255
255,255,255
255,255,255
255,255,255
255,255,255
255,255,255
255,255,255
255,255,255
255,255,255
255,255,255
255,255,255
255,255,255
255,255,255
255,255,255
255,255,255
255,255,255
255,255,255
255,255,255
255,255,255
255,255,255
255,255,255
255,255,255
255,255,255
255,255,255
255,255,255
255,255,255
255,255,255
255,255,255
255,255,255
255,255,255
255,255,255
255,255,255
255,255,255
255,255,255
255,255,255
255,255,255
255,255,255
255,255,255
255,255,255
255,255,255
255,255,255
255,255,255
255,255,255
255,255,255
255,255,255
255,255,255
255,255,255
255,255,255
255,255,255
255,255,255
255,255,255
255,255,255
255,255,255
255,255,255
255,255,255
255,255,255
255,255,255
255,255,255
255,255,255
255,255,255
255,255,255
255,255,255
255,255,255
255,255,255
255,255,255
255,255,255
255,255,255
255,255,255
255,255,255
255,255,255
255,255,255
255,255,255
255,255,255
255,255,255
255,255,255
255,255,255
255,255,255
255,255,255
255,255,255
255,255,255
255,255,255
255,255,255
255,255,255
255,255,255
255,255,255
255,255,255
255,255,255
255,255,255
255,255,255
255,255,255
255,255,255
255,255,255
255,255,255
255,255,255
255,255,255
255,255,255
255,255,255
255,255,255
255,255,255
255,255,255
255,255,255
255,255,255
255,255,255
255,255,255
255,255,255
255,255,255
255,255,255
255,255,255
255,255,255
255,255,255
255,255,255
255,255,255
255,255,255
255,255,255
255,255,255
255,255,255
255,255,255
255,255,255
255,255,255
255,255,255
255,255,255
255,255,255
255,255,255
255,255,255
255,255,255
255,255,255
255,255,255
255,255,255
255,255,255
255,255,255
255,255,255
255,255,255
255,255,255
255,255,255
255,255,255
255,255,255
255,255,255
255,255,255
255,255,255
255,255,255
255,255,255
255,255,255
255,255,255
255,255,255
255,255,255
255,255,255
255,255,255
255,255,255
255,255,255
255,255,255
255,255,255
255,255,255
255,255,255
255,255,255
255,255,255
255,255,255
255,255,255
255,255,255
255,255,255
255,255,255
255,255,255
255,255,255
255,255,255
255,255,255
255,255,255
255,255,255
255,255,255
255,255,255
255,255,255
255,255,255
255,255,255
255,255,255
255,255,255
255,255,255
255,255,255
255,255,255
255,255,255
255,255,255
255,255,255
255,255,255
255,255,255
255,255,255
255,255,255
255,255,255
255,255,255
255,255,255
255,255,255
255,255,255
255,255,255
255,255,255
255,255,255
255,255,255
255,255,255
255,255,255
255,255,255
255,255,255
255,255,255
255,255,255
255,255,255
255,255,255
255,255,255
255,255,255
255,255,255
255,255,255
255,255,255
255,255,255
255,255,255
255,255,255
255,255,255
255,255,255
255,255,255
255,255,255
255,255,255
255,255,255
255,255,255
255,255,255
255,255,255
255,255,255
255,255,255
255,255,255
255,255,255
255,255,255
255,255,255
255,255,255
255,255,255
255,255,255
255,255,255
255,255,255
255,255,255
255,255,255
255,255,255
255,255,255
255,255,255
255,255,255
255,255,255
255,255,255
255,255,255
255,255,255
255,255,255
255,255,255
255,255,255
255,255,255
255,255,255
255,255,255
255,255,255
255,255,255
255,255,255
255,255,255
255,255,255
255,255,255
255,255,255
255,255,255
255,255,255
255,255,255
255,255,255
255,255,255
255,255,255
255,255,255
255,255,255
255,255,255
255,255,255
255,255,255
255,255,255
255,255,255
255,255,255
255,255,255
255,255,255
255,255,255
255,255,255
255,255,255
255,255,255
255,255,255
255,255,255
255,255,255
255,255,255
255,255,255
255,255,255
255,255,255
255,255,255
255,255,255
255,255,255
255,255,255
255,255,255
255,255,255
255,255,255
255,255,255
255,255,255
255,255,255
255,255,255
255,255,255
255,255,255
255,255,255
255,255,255
255,255,255
255,255,255
255,255,255
255,255,255
255,255,255
255,255,255
255,255,255
255,255,255
255,255,255
255,255,255
255,255,255
255,255,255
255,255,255
255,255,255
255,255,255
255,255,255
255,255,255
255,255,255
255,255,255
255,255,255
255,255,255
255,255,255
255,255,255
255,255,255
255,255,255
255,255,255
255,255,255
255,255,255
255,255,255
255,255,255
255,255,255
255,255,255
255,255,255
255,255,255
255,255,255
255,255,255
255,255,255
255,255,255
255,255,255
255,255,255
255,255,255
255,255,255
255,255,255
255,255,255
255,255,255
255,255,255
255,255,255
255,255,255
255,255,255
255,255,255
255,255,255
255,255,255
255,255,255
255,255,255
255,255,255
255,255,255
255,255,255
255,255,255
255,255,255
255,255,255
255,255,255
255,255,255
255,255,255
255,255,255
255,255,255
255,255,255
255,255,255
255,255,255
255,255,255
255,255,255
255,255,255
255,255,255
255,255,255
255,255,255
255,255,255
255,255,255
255,255,255
255,255,255
255,255,255
255,255,255
255,255,255
255,255,255
255,255,255
255,255,255
255,255,255
255,255,255
255,255,255
255,255,255
255,255,255
255,255,255
255,255,255
255,255,255
255,255,255
255,255,255
255,255,255
255,255,255
255,255,255
255,255,255
255,255,255
255,255,255
255,255,255
255,255,255
255,255,255
255,255,255
255,255,255
255,255,255
255,255,255
255,255,255
255,255,255
255,255,255
255,255,255
255,255,255
255,255,255
255,255,255
255,255,255
255,255,255
255,255,255
255,255,255
255,255,255
255,255,255
255,255,255
255,255,255
255,255,255
255,255,255
255,255,255
255,255,255
255,255,255
255,255,255
255,255,255
255,255,255
255,255,255
255,255,255
255,255,255
255,255,255
255,255,255
255,255,255
255,255,255
255,255,255
255,255,255
255,255,255
255,255,255
255,255,255
255,255,255
255,255,255
255,255,255
255,255,255
255,255,255
255,255,255
255,255,255
255,255,255
255,255,255
255,255,255
255,255,255
255,255,255
255,255,255
255,255,255
255,255,255
255,255,255
255,255,255
255,255,255
255,255,255
255,255,255
255,255,255
255,255,255
255,255,255
255,255,255
255,255,255
255,255,255
255,255,255
255,255,255
255,255,255
255,255,255
255,255,255
255,255,255
255,255,255
255,255,255
255,255,255
255,255,255
255,255,255
255,255,255
255,255,255
255,255,255
255,255,255
255,255,255
255,255,255
255,255,255
255,255,255
255,255,255
255,255,255
255,255,255
255,255,255
255,255,255
255,255,255
255,255,255
255,255,255
255,255,255
255,255,255
255,255,255
255,255,255
255,255,255
255,255,255
255,255,255
255,255,255
255,255,255
255,255,255
255,255,255
255,255,255
255,255,255
255,255,255
255,255,255
255,255,255
255,255,255
255,255,255
255,255,255
255,255,255
255,255,255
255,255,255
255,255,255
255,255,255
255,255,255
255,255,255
255,255,255
255,255,255
255,255,255
255,255,255
255,255,255
255,255,255
255,255,255
255,255,255
255,255,255
255,255,255
255,255,255
255,255,255
255,255,255
255,255,255
255,255,255
255,255,255
255,255,255
255,255,255
255,255,255
255,255,255
255,255,255
255,255,255
255,255,255
255,255,255
255,255,255
255,255,255
255,255,255
255,255,255
255,255,255
255,255,255
255,255,255
255,255,255
255,255,255
255,255,255
255,255,255
255,255,255
255,255,255
255,255,255
255,255,255
255,255,255
255,255,255
255,255,255
255,255,255
255,255,255
255,255,255
255,255,255
255,255,255
255,255,255
255,255,255
255,255,255
255,255,255
255,255,255
255,255,255
255,255,255
255,255,255
255,255,255
255,255,255
255,255,255
255,255,255
255,255,255
255,255,255
255,255,255
255,255,255
255,255,255
255,255,255
255,255,255
255,255,255
255,255,255
255,255,255
255,255,255
255,255,255
255,255,255
255,255,255
255,255,255
255,255,255
255,255,255
255,255,255
255,255,255
255,255,255
255,255,255
255,255,255
255,255,255
255,255,255
255,255,255
255,255,255
255,255,255
255,255,255
255,255,255
255,255,255
255,255,255
255,255,255
255,255,255
255,255,255
255,255,255
255,255,255
255,255,255
255,255,255
255,255,255
255,255,255
255,255,255
255,255,255
255,255,255
255,255,255
255,255,255
255,255,255
255,255,255
255,255,255
255,255,255
255,255,255
255,255,255
255,255,255
255,255,255
255,255,255
255,255,255
255,255,255
255,255,255
255,255,255
255,255,255
255,255,255
255,255,255
255,255,255
255,255,255
255,255,255
255,255,255
255,255,255
255,255,255
255,255,255
255,255,255
255,255,255
255,255,255
255,255,255
255,255,255
255,255,255
255,255,255
255,255,255
255,255,255
255,255,255
255,255,255
255,255,255
255,255,255
255,255,255
255,255,255
255,255,255
255,255,255
255,255,255
255,255,255
255,255,255
255,255,255
255,255,255
255,255,255
255,255,255
255,255,255
255,255,255
255,255,255
255,255,255
255,255,255
255,255,255
255,255,255
255,255,255
255,255,255
255,255,255
255,255,255
255,255,255
255,255,255
255,255,255
255,255,255
255,255,255
255,255,255
255,255,255
255,255,255
255,255,255
255,255,255
255,255,255
255,255,255
255,255,255
255,255,255
255,255,255
255,255,255
255,255,255
255,255,255
255,255,255
255,255,255
255,255,255
255,255,255
255,255,255
255,255,255
255,255,255
255,255,255
255,255,255
255,255,255
255,255,255
255,255,255
255,255,255
255,255,255
255,255,255
255,255,255
255,255,255
255,255,255
255,255,255
255,255,255
255,255,255
255,255,255
255,255,255
255,255,255
255,255,255
255,255,255
255,255,255
255,255,255
255,255,255
255,255,255
255,255,255
255,255,255
255,255,255
255,255,255
255,255,255
255,255,255
255,255,255
255,255,255
255,255,255
255,255,255
255,255,255
255,255,255
255,255,255
255,255,255
255,255,255
255,255,255
255,255,255
255,255,255
255,255,255
255,255,255
255,255,255
255,255,255
255,255,255
255,255,255
255,255,255
255,255,255
255,255,255
255,255,255
255,255,255
255,255,255
255,255,255
255,255,255
255,255,255
255,255,255
255,255,255
255,255,255
255,255,255
255,255,255
255,255,255
255,255,255
255,255,255
255,255,255
255,255,255
255,255,255
255,255,255
255,255,255
255,255,255
255,255,255
255,255,255
255,255,255
255,255,255
255,255,255
255,255,255
255,255,255
255,255,255
255,255,255
255,255,255
255,255,255
255,255,255
255,255,255
255,255,255
255,255,255
255,255,255
255,255,255
255,255,255
255,255,255
255,255,255
255,255,255
255,255,255
255,255,255
255,255,255
255,255,255
255,255,255
255,255,255
255,255,255
255,255,255
255,255,255
255,255,255
255,255,255
255,255,255
255,255,255
255,255,255
255,255,255
255,255,255
255,255,255
255,255,255
255,255,255
255,255,255
255,255,255
255,255,255
255,255,255
255,255,255
255,255,255
255,255,255
255,255,255
255,255,255
255,255,255
255,255,255
255,255,255
255,255,255
255,255,255
255,255,255
255,255,255
255,255,255
255,255,255
255,255,255
255,255,255
255,255,255
255,255,255
255,255,255
255,255,255
255,255,255
255,255,255
255,255,255
255,255,255
255,255,255
255,255,255
255,255,255
255,255,255
255,255,255
255,255,255
255,255,255
255,255,255
255,255,255
255,255,255
255,255,255
255,255,255
255,255,255
255,255,255
255,255,255
255,255,255
255,255,255
255,255,255
255,255,255
255,255,255
255,255,255
255,255,255
255,255,255
255,255,255
255,255,255
255,255,255
255,255,255
255,255,255
255,255,255
255,255,255
255,255,255
255,255,255
255,255,255
255,255,255
255,255,255
255,255,255
255,255,255
255,255,255
255,255,255
255,255,255
255,255,255
255,255,255
255,255,255
255,255,255
255,255,255
255,255,255
255,255,255
255,255,255
255,255,255
255,255,255
255,255,255
255,255,255
255,255,255
255,255,255
255,255,255
255,255,255
255,255,255
255,255,255
255,255,255
255,255,255
255,255,255
255,255,255
255,255,255
255,255,255
255,255,255
255,255,255
255,255,255
255,255,255
255,255,255
255,255,255
255,255,255
255,255,255
255,255,255
255,255,255
255,255,255
255,255,255
255,255,255
255,255,255
255,255,255
255,255,255
255,255,255
255,255,255
255,255,255
255,255,255
255,255,255
255,255,255
255,255,255
255,255,255
255,255,255
255,255,255
255,255,255
255,255,255
255,255,255
255,255,255
255,255,255
255,255,255
255,255,255
255,255,255
255,255,255
255,255,255
255,255,255
255,255,255
255,255,255
255,255,255
255,255,255
255,255,255
255,255,255
255,255,255
255,255,255
255,255,255
255,255,255
255,255,255
255,255,255
255,255,255
255,255,255
255,255,255
255,255,255
255,255,255
255,255,255
255,255,255
255,255,255
255,255,255
255,255,255
255,255,255
255,255,255
255,255,255
255,255,255
255,255,255
255,255,255
255,255,255
255,255,255
255,255,255
255,255,255
255,255,255
255,255,255
255,255,255
255,255,255
255,255,255
255,255,255
255,255,255
255,255,255
255,255,255
255,255,255
255,255,255
255,255,255
255,255,255
255,255,255
255,255,255
255,255,255
255,255,255
255,255,255
255,255,255
255,255,255
255,255,255
255,255,255
255,255,255
255,255,255
255,255,255
255,255,255
255,255,255
255,255,255
255,255,255
255,255,255
255,255,255
255,255,255
255,255,255
255,255,255
255,255,255
255,255,255
255,255,255
255,255,255
255,255,255
255,255,255
255,255,255
255,255,255
255,255,255
255,255,255
255,255,255
255,255,255
255,255,255
255,255,255
255,255,255
255,255,255
255,255,255
255,255,255
255,255,255
255,255,255
255,255,255
255,255,255
255,255,255
255,255,255
255,255,255
255,255,255
255,255,255
255,255,255
255,255,255
255,255,255
255,255,255
255,255,255
255,255,255
255,255,255
255,255,255
255,255,255
255,255,255
255,255,255
255,255,255
255,255,255
255,255,255
255,255,255
255,255,255
255,255,255
255,255,255
255,255,255
255,255,255
255,255,255
255,255,255
255,255,255
255,255,255
255,255,255
255,255,255
255,255,255
255,255,255
255,255,255
255,255,255
255,255,255
255,255,255
255,255,255
255,255,255
255,255,255
255,255,255
255,255,255
255,255,255
255,255,255
255,255,255
255,255,255
255,255,255
255,255,255
255,255,255
255,255,255
255,255,255
255,255,255
255,255,255
255,255,255
255,255,255
255,255,255
255,255,255
255,255,255
255,255,255
255,255,255
255,255,255
255,255,255
255,255,255
255,255,255
255,255,255
255,255,255
255,255,255
255,255,255
255,255,255
255,255,255
255,255,255
255,255,255
255,255,255
255,255,255
255,255,255
255,255,255
255,255,255
255,255,255
255,255,255
255,255,255
255,255,255
255,255,255
255,255,255
255,255,255
255,255,255
255,255,255
255,255,255
255,255,255
255,255,255
255,255,255
255,255,255
255,255,255
255,255,255
255,255,255
255,255,255
255,255,255
255,255,255
255,255,255
255,255,255
255,255,255
255,255,255
255,255,255
255,255,255
255,255,255
255,255,255
255,255,255
255,255,255
255,255,255
255,255,255
255,255,255
255,255,255
255,255,255
255,255,255
255,255,255
255,255,255
255,255,255
255,255,255
255,255,255
255,255,255
255,255,255
255,255,255
255,255,255
255,255,255
255,255,255
255,255,255
255,255,255
255,255,255
255,255,255
255,255,255
255,255,255
255,255,255
255,255,255
255,255,255
255,255,255
255,255,255
255,255,255
255,255,255
255,255,255
255,255,255
255,255,255
255,255,255
255,255,255
255,255,255
255,255,255
255,255,255
255,255,255
255,255,255
255,255,255
255,255,255
255,255,255
255,255,255
255,255,255
255,255,255
255,255,255
255,255,255
255,255,255
255,255,255
255,255,255
255,255,255
255,255,255
255,255,255
255,255,255
255,255,255
255,255,255
255,255,255
255,255,255
255,255,255
255,255,255
255,255,255
255,255,255
255,255,255
255,255,255
255,255,255
255,255,255
255,255,255
255,255,255
255,255,255
255,255,255
255,255,255
255,255,255
255,255,255
255,255,255
255,255,255
255,255,255
255,255,255
255,255,255
255,255,255
255,255,255
255,255,255
255,255,255
255,255,255
255,255,255
255,255,255
255,255,255
255,255,255
255,255,255
255,255,255
255,255,255
255,255,255
255,255,255
255,255,255
255,255,255
255,255,255
255,255,255
255,255,255
255,255,255
255,255,255
255,255,255
255,255,255
255,255,255
255,255,255
255,255,255
255,255,255
255,255,255
255,255,255
255,255,255
255,255,255
255,255,255
255,255,255
255,255,255
255,255,255
255,255,255
255,255,255
255,255,255
255,255,255
255,255,255
255,255,255
255,255,255
255,255,255
255,255,255
255,255,255
255,255,255
255,255,255
255,255,255
255,255,255
255,255,255
255,255,255
255,255,255
255,255,255
255,255,255
255,255,255
255,255,255
255,255,255
255,255,255
255,255,255
255,255,255
255,255,255
255,255,255
255,255,255
255,255,255
255,255,255
255,255,255
255,255,255
255,255,255
255,255,255
255,255,255
255,255,255
255,255,255
255,255,255
255,255,255
255,255,255
255,255,255
255,255,255
255,255,255
255,255,255
255,255,255
255,255,255
255,255,255
255,255,255
255,255,255
255,255,255
255,255,255
255,255,255
255,255,255
255,255,255
255,255,255
255,255,255
255,255,255
255,255,255
255,255,255
255,255,255
255,255,255
255,255,255
255,255,255
255,255,255
255,255,255
255,255,255
255,255,255
255,255,255
255,255,255
255,255,255
255,255,255
255,255,255
255,255,255
255,255,255
255,255,255
255,255,255
255,255,255
255,255,255
255,255,255
255,255,255
255,255,255
255,255,255
255,255,255
255,255,255
255,255,255
255,255,255
255,255,255
255,255,255
255,255,255
255,255,255
255,255,255
255,255,255
255,255,255
255,255,255
255,255,255
255,255,255
255,255,255
255,255,255
255,255,255
255,255,255
255,255,255
255,255,255
255,255,255
255,255,255
255,255,255
255,255,255
255,255,255
255,255,255
255,255,255
255,255,255
255,255,255
255,255,255
255,255,255
255,255,255
255,255,255
255,255,255
255,255,255
255,255,255
255,255,255
255,255,255
255,255,255
255,255,255
255,255,255
255,255,255
255,255,255
255,255,255
255,255,255
255,255,255
255,255,255
255,255,255
255,255,255
255,255,255
255,255,255
255,255,255
255,255,255
255,255,255
255,255,255
255,255,255
255,255,255
255,255,255
255,255,255
255,255,255
255,255,255
255,255,255
255,255,255
255,255,255
255,255,255
255,255,255
255,255,255
255,255,255
255,255,255
255,255,255
255,255,255
255,255,255
255,255,255
255,255,255
255,255,255
255,255,255
255,255,255
255,255,255
255,255,255
255,255,255
255,255,255
255,255,255
255,255,255
255,255,255
255,255,255
255,255,255
255,255,255
255,255,255
255,255,255
255,255,255
255,255,255
255,255,255
255,255,255
255,255,255
255,255,255
255,255,255
255,255,255
255,255,255
255,255,255
255,255,255
255,255,255
255,255,255
255,255,255
255,255,255
255,255,255
255,255,255
255,255,255
255,255,255
255,255,255
255,255,255
255,255,255
255,255,255
255,255,255
255,255,255
255,255,255
255,255,255
255,255,255
255,255,255
255,255,255
255,255,255
255,255,255
255,255,255
255,255,255
255,255,255
255,255,255
255,255,255
255,255,255
255,255,255
255,255,255
255,255,255
255,255,255
255,255,255
255,255,255
255,255,255
255,255,255
255,255,255
255,255,255
255,255,255
255,255,255
255,255,255
255,255,255
255,255,255
255,255,255
255,255,255
255,255,255
255,255,255
255,255,255
255,255,255
255,255,255
255,255,255
255,255,255
255,255,255
255,255,255
255,255,255
255,255,255
255,255,255
255,255,255
255,255,255
255,255,255
255,255,255
255,255,255
255,255,255
255,255,255
255,255,255
255,255,255
255,255,255
255,255,255
255,255,255
255,255,255
255,255,255
255,255,255
255,255,255
255,255,255
255,255,255
255,255,255
255,255,255
255,255,255
255,255,255
255,255,255
255,255,255
255,255,255
255,255,255
255,255,255
255,255,255
255,255,255
255,255,255
255,255,255
255,255,255
255,255,255
255,255,255
255,255,255
255,255,255
255,255,255
255,255,255
255,255,255
255,255,255
255,255,255
255,255,255
255,255,255
255,255,255
255,255,255
255,255,255
255,255,255
255,255,255
255,255,255
255,255,255
255,255,255
255,255,255
255,255,255
255,255,255
255,255,255
255,255,255
255,255,255
255,255,255
255,255,255
255,255,255
255,255,255
255,255,255
255,255,255
255,255,255
255,255,255
255,255,255
255,255,255
255,255,255
255,255,255
255,255,255
255,255,255
255,255,255
255,255,255
255,255,255
255,255,255
255,255,255
255,255,255
255,255,255
255,255,255
255,255,255
255,255,255
255,255,255
255,255,255
255,255,255
255,255,255
255,255,255
255,255,255
255,255,255
255,255,255
255,255,255
255,255,255
255,255,255
255,255,255
255,255,255
255,255,255
255,255,255
255,255,255
255,255,255
255,255,255
255,255,255
255,255,255
255,255,255
255,255,255
255,255,255
255,255,255
255,255,255
255,255,255
255,255,255
255,255,255
255,255,255
255,255,255
255,255,255
255,255,255
255,255,255
255,255,255
255,255,255
255,255,255
255,255,255
255,255,255
255,255,255
255,255,255
255,255,255
255,255,255
255,255,255
255,255,255
255,255,255
255,255,255
255,255,255
255,255,255
255,255,255
255,255,255
255,255,255
255,255,255
255,255,255
255,255,255
255,255,255
255,255,255
255,255,255
255,255,255
255,255,255
255,255,255
255,255,255
255,255,255
255,255,255
255,255,255
255,255,255
255,255,255
255,255,255
255,255,255
255,255,255
255,255,255
255,255,255
255,255,255
255,255,255
255,255,255
255,255,255
255,255,255
255,255,255
255,255,255
255,255,255
255,255,255
255,255,255
255,255,255
255,255,255
255,255,255
255,255,255
255,255,255
255,255,255
255,255,255
255,255,255
255,255,255
255,255,255
255,255,255
255,255,255
255,255,255
255,255,255
255,255,255
255,255,255
255,255,255
255,255,255
255,255,255
255,255,255
255,255,255
255,255,255
255,255,255
255,255,255
255,255,255
255,255,255
255,255,255
255,255,255
255,255,255
255,255,255
255,255,255
255,255,255
255,255,255
255,255,255
255,255,255
255,255,255
255,255,255
255,255,255
255,255,255
255,255,255
255,255,255
255,255,255
255,255,255
255,255,255
255,255,255
255,255,255
255,255,255
255,255,255
255,255,255
255,255,255
255,255,255
255,255,255
255,255,255
255,255,255
255,255,255
255,255,255
255,255,255
255,255,255
255,255,255
255,255,255
255,255,255
255,255,255
255,255,255
255,255,255
255,255,255
255,255,255
255,255,255
255,255,255
255,255,255
255,255,255
255,255,255
255,255,255
255,255,255
255,255,255
255,255,255
255,255,255
255,255,255
255,255,255
255,255,255
255,255,255
255,255,255
255,255,255
255,255,255
255,255,255
255,255,255
255,255,255
255,255,255
255,255,255
255,255,255
255,255,255
255,255,255
255,255,255
255,255,255
255,255,255
255,255,255
255,255,255
255,255,255
255,255,255
255,255,255
255,255,255
255,255,255
255,255,255
255,255,255
255,255,255
255,255,255
255,255,255
255,255,255
255,255,255
255,255,255
255,255,255
255,255,255
255,255,255
255,255,255
255,255,255
255,255,255
255,255,255
255,255,255
255,255,255
255,255,255
255,255,255
255,255,255
255,255,255
255,255,255
255,255,255
255,255,255
255,255,255
255,255,255
255,255,255
255,255,255
255,255,255
255,255,255
255,255,255
255,255,255
255,255,255
255,255,255
255,255,255
255,255,255
255,255,255
255,255,255
255,255,255
255,255,255
255,255,255
255,255,255
255,255,255
255,255,255
255,255,255
255,255,255
255,255,255
255,255,255
255,255,255
255,255,255
255,255,255
255,255,255
255,255,255
255,255,255
255,255,255
255,255,255
255,255,255
255,255,255
255,255,255
255,255,255
255,255,255
255,255,255
255,255,255
255,255,255
255,255,255
255,255,255
255,255,255
255,255,255
255,255,255
255,255,255
255,255,255
255,255,255
255,255,255
255,255,255
255,255,255
255,255,255
255,255,255
255,255,255
255,255,255
255,255,255
255,255,255
255,255,255
255,255,255
255,255,255
255,255,255
255,255,255
255,255,255
255,255,255
255,255,255
255,255,255
255,255,255
255,255,255
255,255,255
255,255,255
255,255,255
255,255,255
255,255,255
255,255,255
255,255,255
255,255,255
255,255,255
255,255,255
255,255,255
255,255,255
255,255,255
255,255,255
255,255,255
255,255,255
255,255,255
255,255,255
255,255,255
255,255,255
255,255,255
255,255,255
255,255,255
255,255,255
255,255,255
255,255,255
255,255,255
255,255,255
255,255,255
255,255,255
255,255,255
255,255,255
255,255,255
255,255,255
255,255,255
255,255,255
255,255,255
255,255,255
255,255,255
255,255,255
255,255,255
255,255,255
255,255,255
255,255,255
255,255,255
255,255,255
255,255,255
255,255,255
255,255,255
255,255,255
255,255,255
255,255,255
255,255,255
255,255,255
255,255,255
255,255,255
255,255,255
255,255,255
255,255,255
255,255,255
255,255,255
255,255,255
255,255,255
255,255,255
255,255,255
255,255,255
255,255,255
255,255,255
255,255,255
255,255,255
255,255,255
255,255,255
255,255,255
255,255,255
255,255,255
255,255,255
255,255,255
255,255,255
255,255,255
255,255,255
255,255,255
255,255,255
255,255,255
255,255,255
255,255,255
255,255,255
255,255,255
255,255,255
255,255,255
255,255,255
255,255,255
255,255,255
255,255,255
255,255,255
255,255,255
255,255,255
255,255,255
255,255,255
255,255,255
255,255,255
255,255,255
255,255,255
255,255,255
255,255,255
255,255,255
255,255,255
255,255,255
255,255,255
255,255,255
255,255,255
255,255,255
255,255,255
255,255,255
255,255,255
255,255,255
255,255,255
255,255,255
255,255,255
255,255,255
255,255,255
255,255,255
255,255,255
255,255,255
255,255,255
255,255,255
255,255,255
255,255,255
255,255,255
255,255,255
255,255,255
255,255,255
255,255,255
255,255,255
255,255,255
255,255,255
255,255,255
255,255,255
255,255,255
255,255,255
255,255,255
255,255,255
255,255,255
255,255,255
255,255,255
255,255,255
255,255,255
255,255,255
255,255,255
255,255,255
255,255,255
255,255,255
255,255,255
255,255,255
255,255,255
255,255,255
255,255,255
255,255,255
255,255,255
255,255,255
255,255,255
255,255,255
255,255,255
255,255,255
255,255,255
255,255,255
255,255,255
255,255,255
255,255,255
255,255,255
255,255,255
255,255,255
255,255,255
255,255,255
255,255,255
255,255,255
255,255,255
255,255,255
255,255,255
255,255,255
255,255,255
255,255,255
255,255,255
255,255,255
255,255,255
255,255,255
255,255,255
255,255,255
255,255,255
255,255,255
255,255,255
255,255,255
255,255,255
255,255,255
255,255,255
255,255,255
255,255,255
255,255,255
255,255,255
255,255,255
255,255,255
255,255,255
255,255,255
255,255,255
255,255,255
255,255,255
255,255,255
255,255,255
255,255,255
255,255,255
255,255,255
255,255,255
255,255,255
255,255,255
255,255,255
255,255,255
255,255,255
255,255,255
255,255,255
255,255,255
255,255,255
255,255,255
255,255,255
255,255,255
255,255,255
255,255,255
255,255,255
255,255,255
255,255,255
255,255,255
255,255,255
255,255,255
255,255,255
255,255,255
255,255,255
255,255,255
255,255,255
255,255,255
255,255,255
255,255,255
255,255,255
255,255,255
255,255,255
255,255,255
255,255,255
255,255,255
255,255,255
255,255,255
255,255,255
255,255,255
255,255,255
255,255,255
255,255,255
255,255,255
255,255,255
255,255,255
255,255,255
255,255,255
255,255,255
255,255,255
255,255,255
255,255,255
255,255,255
255,255,255
255,255,255
255,255,255
255,255,255
255,255,255
255,255,255
255,255,255
255,255,255
255,255,255
255,255,255
255,255,255
255,255,255
255,255,255
255,255,255
255,255,255
255,255,255
255,255,255
255,255,255
255,255,255
255,255,255
255,255,255
255,255,255
255,255,255
255,255,255
255,255,255
255,255,255
255,255,255
255,255,255
255,255,255
255,255,255
255,255,255
255,255,255
255,255,255
255,255,255
