Red,Green,Blue,X,Y
255,255,255,0,0
255,255,255,1,0
255,255,255,2,0
255,255,255,3,0
255,255,255,4,0
255,255,255,5,0
255,255,255,6,0
255,255,255,7,0
255,255,255,8,0
255,255,255,9,0
255,255,255,10,0
255,255,255,11,0
255,255,255,12,0
255,255,255,13,0
255,255,255,14,0
255,255,255,15,0
255,255,255,16,0
255,255,255,17,0
255,255,255,18,0
255,255,255,19,0
255,255,255,20,0
255,255,255,21,0
255,255,255,22,0
255,255,255,23,0
255,255,255,24,0
255,255,255,25,0
255,255,255,26,0
255,255,255,27,0
255,255,255,28,0
255,255,255,29,0
255,255,255,30,0
255,255,255,31,0
255,255,255,32,0
255,255,255,33,0
255,255,255,34,0
255,255,255,35,0
255,255,255,36,0
255,255,255,37,0
255,255,255,38,0
255,255,255,39,0
255,255,255,40,0
255,255,255,41,0
255,255,255,42,0
255,255,255,43,0
255,255,255,44,0
255,255,255,45,0
255,255,255,46,0
255,255,255,47,0
255,255,255,48,0
255,255,255,49,0
255,255,255,50,0
255,255,255,51,0
255,255,255,52,0
255,255,255,53,0
255,255,255,54,0
255,255,255,55,0
255,255,255,56,0
255,255,255,57,0
255,255,255,58,0
255,255,255,59,0
255,255,255,60,0
255,255,255,61,0
255,255,255,62,0
255,255,255,63,0
255,255,255,64,0
255,255,255,65,0
255,255,255,66,0
255,255,255,67,0
255,255,255,68,0
255,255,255,69,0
255,255,255,70,0
255,255,255,71,0
255,255,255,72,0
255,255,255,73,0
255,255,255,74,0
255,255,255,75,0
255,255,255,76,0
255,255,255,77,0
255,255,255,78,0
255,255,255,79,0
255,255,255,80,0
255,255,255,81,0
255,255,255,82,0
255,255,255,83,0
255,255,255,84,0
255,255,255,85,0
255,255,255,86,0
255,255,255,87,0
255,255,255,88,0
255,255,255,89,0
255,255,255,90,0
255,255,255,91,0
255,255,255,92,0
255,255,255,93,0
255,255,255,94,0
255,255,255,95,0
255,255,255,96,0
255,255,255,97,0
255,255,255,98,0
255,255,255,99,0
255,255,255,100,0
255,255,255,101,0
255,255,255,102,0
255,255,255,103,0
255,255,255,104,0
255,255,255,105,0
255,255,255,106,0
255,255,255,107,0
255,255,255,108,0
255,255,255,109,0
255,255,255,110,0
255,255,255,111,0
255,255,255,112,0
255,255,255,113,0
255,255,255,114,0
255,255,255,115,0
255,255,255,116,0
255,255,255,117,0
255,255,255,118,0
255,255,255,119,0
255,255,255,120,0
255,255,255,121,0
255,255,255,122,0
255,255,255,123,0
255,255,255,124,0
255,255,255,125,0
255,255,255,126,0
255,255,255,127,0
255,255,255,128,0
255,255,255,129,0
255,255,255,130,0
255,255,255,131,0
255,255,255,132,0
255,255,255,133,0
255,255,255,134,0
255,255,255,135,0
255,255,255,136,0
255,255,255,137,0
255,255,255,138,0
255,255,255,139,0
255,255,255,140,0
255,255,255,141,0
255,255,255,142,0
255,255,255,143,0
255,255,255,144,0
255,255,255,145,0
255,255,255,146,0
255,255,255,147,0
255,255,255,148,0
255,255,255,149,0
255,255,255,150,0
255,255,255,151,0
255,255,255,152,0
255,255,255,153,0
255,255,255,154,0
255,255,255,155,0
255,255,255,156,0
255,255,255,157,0
255,255,255,158,0
255,255,255,159,0
255,255,255,160,0
255,255,255,161,0
255,255,255,162,0
255,255,255,163,0
255,255,255,164,0
255,255,255,165,0
255,255,255,166,0
255,255,255,167,0
255,255,255,168,0
255,255,255,169,0
255,255,255,170,0
255,255,255,171,0
255,255,255,172,0
255,255,255,173,0
255,255,255,174,0
255,255,255,175,0
255,255,255,176,0
255,255,255,177,0
255,255,255,178,0
255,255,255,179,0
255,255,255,180,0
255,255,255,181,0
255,255,255,182,0
255,255,255,183,0
255,255,255,184,0
255,255,255,185,0
255,255,255,186,0
255,255,255,187,0
255,255,255,188,0
255,255,255,189,0
255,255,255,190,0
255,255,255,191,0
255,255,255,192,0
255,255,255,193,0
255,255,255,194,0
255,255,255,195,0
255,255,255,196,0
255,255,255,197,0
255,255,255,198,0
255,255,255,199,0
255,255,255,0,1
255,255,255,1,1
255,255,255,2,1
255,255,255,3,1
255,255,255,4,1
255,255,255,5,1
255,255,255,6,1
255,255,255,7,1
255,255,255,8,1
255,255,255,9,1
255,255,255,10,1
255,255,255,11,1
255,255,255,12,1
255,255,255,13,1
255,255,255,14,1
255,255,255,15,1
255,255,255,16,1
255,255,255,17,1
255,255,255,18,1
255,255,255,19,1
255,255,255,20,1
255,255,255,21,1
255,255,255,22,1
255,255,255,23,1
255,255,255,24,1
255,255,255,25,1
255,255,255,26,1
255,255,255,27,1
255,255,255,28,1
255,255,255,29,1
255,255,255,30,1
255,255,255,31,1
255,255,255,32,1
255,255,255,33,1
255,255,255,34,1
255,255,255,35,1
255,255,255,36,1
255,255,255,37,1
255,255,255,38,1
255,255,255,39,1
255,255,255,40,1
255,255,255,41,1
255,255,255,42,1
255,255,255,43,1
255,255,255,44,1
255,255,255,45,1
255,255,255,46,1
255,255,255,47,1
255,255,255,48,1
255,255,255,49,1
255,255,255,50,1
255,255,255,51,1
255,255,255,52,1
255,255,255,53,1
255,255,255,54,1
255,255,255,55,1
255,255,255,56,1
255,255,255,57,1
255,255,255,58,1
255,255,255,59,1
255,255,255,60,1
255,255,255,61,1
255,255,255,62,1
255,255,255,63,1
255,255,255,64,1
255,255,255,65,1
255,255,255,66,1
255,255,255,67,1
255,255,255,68,1
255,255,255,69,1
255,255,255,70,1
255,255,255,71,1
255,255,255,72,1
255,255,255,73,1
255,255,255,74,1
255,255,255,75,1
255,255,255,76,1
255,255,255,77,1
255,255,255,78,1
255,255,255,79,1
255,255,255,80,1
255,255,255,81,1
255,255,255,82,1
255,255,255,83,1
255,255,255,84,1
255,255,255,85,1
255,255,255,86,1
255,255,255,87,1
255,255,255,88,1
255,255,255,89,1
255,255,255,90,1
255,255,255,91,1
255,255,255,92,1
255,255,255,93,1
255,255,255,94,1
255,255,255,95,1
255,255,255,96,1
255,255,255,97,1
255,255,255,98,1
255,255,255,99,1
255,255,255,100,1
255,255,255,101,1
255,255,255,102,1
255,255,255,103,1
255,255,255,104,1
255,255,255,105,1
255,255,255,106,1
255,255,255,107,1
255,255,255,108,1
255,255,255,109,1
255,255,255,110,1
255,255,255,111,1
255,255,255,112,1
255,255,255,113,1
255,255,255,114,1
255,255,255,115,1
255,255,255,116,1
255,255,255,117,1
255,255,255,118,1
255,255,255,119,1
255,255,255,120,1
255,255,255,121,1
255,255,255,122,1
255,255,255,123,1
255,255,255,124,1
255,255,255,125,1
255,255,255,126,1
255,255,255,127,1
255,255,255,128,1
255,255,255,129,1
255,255,255,130,1
255,255,255,131,1
255,255,255,132,1
255,255,255,133,1
255,255,255,134,1
255,255,255,135,1
255,255,255,136,1
255,255,255,137,1
255,255,255,138,1
255,255,255,139,1
255,255,255,140,1
255,255,255,141,1
255,255,255,142,1
255,255,255,143,1
255,255,255,144,1
255,255,255,145,1
255,255,255,146,1
255,255,255,147,1
255,255,255,148,1
255,255,255,149,1
255,255,255,150,1
255,255,255,151,1
255,255,255,152,1
255,255,255,153,1
255,255,255,154,1
255,255,255,155,1
255,255,255,156,1
255,255,255,157,1
255,255,255,158,1
255,255,255,159,1
255,255,255,160,1
255,255,255,161,1
255,255,255,162,1
255,255,255,163,1
255,255,255,164,1
255,255,255,165,1
255,255,255,166,1
255,255,255,167,1
255,255,255,168,1
255,255,255,169,1
255,255,255,170,1
255,255,255,171,1
255,255,255,172,1
255,255,255,173,1
255,255,255,174,1
255,255,255,175,1
255,255,255,176,1
255,255,255,177,1
255,255,255,178,1
255,255,255,179,1
255,255,255,180,1
255,255,255,181,1
255,255,255,182,1
255,255,255,183,1
255,255,255,184,1
255,255,255,185,1
255,255,255,186,1
255,255,255,187,1
255,255,255,188,1
255,255,255,189,1
255,255,255,190,1
255,255,255,191,1
255,255,255,192,1
255,255,255,193,1
255,255,255,194,1
255,255,255,195,1
255,255,255,196,1
255,255,255,197,1
255,255,255,198,1
255,255,255,199,1
255,255,255,0,2
255,255,255,1,2
255,255,255,2,2
255,255,255,3,2
255,255,255,4,2
255,255,255,5,2
255,255,255,6,2
255,255,255,7,2
255,255,255,8,2
255,255,255,9,2
255,255,255,10,2
255,255,255,11,2
255,255,255,12,2
255,255,255,13,2
255,255,255,14,2
255,255,255,15,2
255,255,255,16,2
255,255,255,17,2
255,255,255,18,2
255,255,255,19,2
255,255,255,20,2
255,255,255,21,2
255,255,255,22,2
255,255,255,23,2
255,255,255,24,2
255,255,255,25,2
255,255,255,26,2
255,255,255,27,2
255,255,255,28,2
255,255,255,29,2
255,255,255,30,2
255,255,255,31,2
255,255,255,32,2
255,255,255,33,2
255,255,255,34,2
255,255,255,35,2
255,255,255,36,2
255,255,255,37,2
255,255,255,38,2
255,255,255,39,2
255,255,255,40,2
255,255,255,41,2
255,255,255,42,2
255,255,255,43,2
255,255,255,44,2
255,255,255,45,2
255,255,255,46,2
255,255,255,47,2
255,255,255,48,2
255,255,255,49,2
255,255,255,50,2
255,255,255,51,2
255,255,255,52,2
255,255,255,53,2
255,255,255,54,2
255,255,255,55,2
255,255,255,56,2
255,255,255,57,2
255,255,255,58,2
255,255,255,59,2
255,255,255,60,2
255,255,255,61,2
255,255,255,62,2
255,255,255,63,2
255,255,255,64,2
255,255,255,65,2
255,255,255,66,2
255,255,255,67,2
255,255,255,68,2
255,255,255,69,2
255,255,255,70,2
255,255,255,71,2
255,255,255,72,2
255,255,255,73,2
255,255,255,74,2
255,255,255,75,2
255,255,255,76,2
255,255,255,77,2
255,255,255,78,2
255,255,255,79,2
255,255,255,80,2
255,255,255,81,2
255,255,255,82,2
255,255,255,83,2
255,255,255,84,2
255,255,255,85,2
255,255,255,86,2
255,255,255,87,2
255,255,255,88,2
255,255,255,89,2
255,255,255,90,2
255,255,255,91,2
255,255,255,92,2
255,255,255,93,2
255,255,255,94,2
255,255,255,95,2
255,255,255,96,2
255,255,255,97,2
255,255,255,98,2
255,255,255,99,2
255,255,255,100,2
255,255,255,101,2
255,255,255,102,2
255,255,255,103,2
255,255,255,104,2
255,255,255,105,2
255,255,255,106,2
255,255,255,107,2
255,255,255,108,2
255,255,255,109,2
255,255,255,110,2
255,255,255,111,2
255,255,255,112,2
255,255,255,113,2
255,255,255,114,2
255,255,255,115,2
255,255,255,116,2
255,255,255,117,2
255,255,255,118,2
255,255,255,119,2
255,255,255,120,2
255,255,255,121,2
255,255,255,122,2
255,255,255,123,2
255,255,255,124,2
255,255,255,125,2
255,255,255,126,2
255,255,255,127,2
255,255,255,128,2
255,255,255,129,2
255,255,255,130,2
255,255,255,131,2
255,255,255,132,2
255,255,255,133,2
255,255,255,134,2
255,255,255,135,2
255,255,255,136,2
255,255,255,137,2
255,255,255,138,2
255,255,255,139,2
255,255,255,140,2
255,255,255,141,2
255,255,255,142,2
255,255,255,143,2
255,255,255,144,2
255,255,255,145,2
255,255,255,146,2
255,255,255,147,2
255,255,255,148,2
255,255,255,149,2
255,255,255,150,2
255,255,255,151,2
255,255,255,152,2
255,255,255,153,2
255,255,255,154,2
255,255,255,155,2
255,255,255,156,2
255,255,255,157,2
255,255,255,158,2
255,255,255,159,2
255,255,255,160,2
255,255,255,161,2
255,255,255,162,2
255,255,255,163,2
255,255,255,164,2
255,255,255,165,2
255,255,255,166,2
255,255,255,167,2
255,255,255,168,2
255,255,255,169,2
255,255,255,170,2
255,255,255,171,2
255,255,255,172,2
255,255,255,173,2
255,255,255,174,2
255,255,255,175,2
255,255,255,176,2
255,255,255,177,2
255,255,255,178,2
255,255,255,179,2
255,255,255,180,2
255,255,255,181,2
255,255,255,182,2
255,255,255,183,2
255,255,255,184,2
255,255,255,185,2
255,255,255,186,2
255,255,255,187,2
255,255,255,188,2
255,255,255,189,2
255,255,255,190,2
255,255,255,191,2
255,255,255,192,2
255,255,255,193,2
255,255,255,194,2
255,255,255,195,2
255,255,255,196,2
255,255,255,197,2
255,255,255,198,2
255,255,255,199,2
255,255,255,0,3
255,255,255,1,3
255,255,255,2,3
255,255,255,3,3
255,255,255,4,3
255,255,255,5,3
255,255,255,6,3
255,255,255,7,3
255,255,255,8,3
255,255,255,9,3
255,255,255,10,3
255,255,255,11,3
255,255,255,12,3
255,255,255,13,3
255,255,255,14,3
255,255,255,15,3
255,255,255,16,3
255,255,255,17,3
255,255,255,18,3
255,255,255,19,3
255,255,255,20,3
255,255,255,21,3
255,255,255,22,3
255,255,255,23,3
255,255,255,24,3
255,255,255,25,3
255,255,255,26,3
255,255,255,27,3
255,255,255,28,3
255,255,255,29,3
255,255,255,30,3
255,255,255,31,3
255,255,255,32,3
255,255,255,33,3
255,255,255,34,3
255,255,255,35,3
255,255,255,36,3
255,255,255,37,3
255,255,255,38,3
255,255,255,39,3
255,255,255,40,3
255,255,255,41,3
255,255,255,42,3
255,255,255,43,3
255,255,255,44,3
255,255,255,45,3
255,255,255,46,3
255,255,255,47,3
255,255,255,48,3
255,255,255,49,3
255,255,255,50,3
255,255,255,51,3
255,255,255,52,3
255,255,255,53,3
255,255,255,54,3
255,255,255,55,3
255,255,255,56,3
255,255,255,57,3
255,255,255,58,3
255,255,255,59,3
255,255,255,60,3
255,255,255,61,3
255,255,255,62,3
255,255,255,63,3
255,255,255,64,3
255,255,255,65,3
255,255,255,66,3
255,255,255,67,3
255,255,255,68,3
255,255,255,69,3
255,255,255,70,3
255,255,255,71,3
255,255,255,72,3
255,255,255,73,3
255,255,255,74,3
255,255,255,75,3
255,255,255,76,3
255,255,255,77,3
255,255,255,78,3
255,255,255,79,3
255,255,255,80,3
255,255,255,81,3
255,255,255,82,3
255,255,255,83,3
255,255,255,84,3
255,255,255,85,3
255,255,255,86,3
255,255,255,87,3
255,255,255,88,3
255,255,255,89,3
255,255,255,90,3
255,255,255,91,3
255,255,255,92,3
255,255,255,93,3
255,255,255,94,3
255,255,255,95,3
255,255,255,96,3
255,255,255,97,3
255,255,255,98,3
255,255,255,99,3
255,255,255,100,3
255,255,255,101,3
255,255,255,102,3
255,255,255,103,3
255,255,255,104,3
255,255,255,105,3
255,255,255,106,3
255,255,255,107,3
255,255,255,108,3
255,255,255,109,3
255,255,255,110,3
255,255,255,111,3
255,255,255,112,3
255,255,255,113,3
255,255,255,114,3
255,255,255,115,3
255,255,255,116,3
255,255,255,117,3
255,255,255,118,3
255,255,255,119,3
255,255,255,120,3
255,255,255,121,3
255,255,255,122,3
255,255,255,123,3
255,255,255,124,3
255,255,255,125,3
255,255,255,126,3
255,255,255,127,3
255,255,255,128,3
255,255,255,129,3
255,255,255,130,3
255,255,255,131,3
255,255,255,132,3
255,255,255,133,3
255,255,255,134,3
255,255,255,135,3
255,255,255,136,3
255,255,255,137,3
255,255,255,138,3
255,255,255,139,3
255,255,255,140,3
255,255,255,141,3
255,255,255,142,3
255,255,255,143,3
255,255,255,144,3
255,255,255,145,3
255,255,255,146,3
255,255,255,147,3
255,255,255,148,3
255,255,255,149,3
255,255,255,150,3
255,255,255,151,3
255,255,255,152,3
255,255,255,153,3
255,255,255,154,3
255,255,255,155,3
255,255,255,156,3
255,255,255,157,3
255,255,255,158,3
255,255,255,159,3
255,255,255,160,3
255,255,255,161,3
255,255,255,162,3
255,255,255,163,3
255,255,255,164,3
255,255,255,165,3
255,255,255,166,3
255,255,255,167,3
255,255,255,168,3
255,255,255,169,3
255,255,255,170,3
255,255,255,171,3
255,255,255,172,3
255,255,255,173,3
255,255,255,174,3
255,255,255,175,3
255,255,255,176,3
255,255,255,177,3
255,255,255,178,3
255,255,255,179,3
255,255,255,180,3
255,255,255,181,3
255,255,255,182,3
255,255,255,183,3
255,255,255,184,3
255,255,255,185,3
255,255,255,186,3
255,255,255,187,3
255,255,255,188,3
255,255,255,189,3
255,255,255,190,3
255,255,255,191,3
255,255,255,192,3
255,255,255,193,3
255,255,255,194,3
255,255,255,195,3
255,255,255,196,3
255,255,255,197,3
255,255,255,198,3
255,255,255,199,3
255,255,255,0,4
255,255,255,1,4
255,255,255,2,4
255,255,255,3,4
255,255,255,4,4
255,255,255,5,4
255,255,255,6,4
255,255,255,7,4
255,255,255,8,4
255,255,255,9,4
255,255,255,10,4
255,255,255,11,4
255,255,255,12,4
255,255,255,13,4
255,255,255,14,4
255,255,255,15,4
255,255,255,16,4
255,255,255,17,4
255,255,255,18,4
255,255,255,19,4
255,255,255,20,4
255,255,255,21,4
255,255,255,22,4
255,255,255,23,4
255,255,255,24,4
255,255,255,25,4
255,255,255,26,4
255,255,255,27,4
255,255,255,28,4
255,255,255,29,4
255,255,255,30,4
255,255,255,31,4
255,255,255,32,4
255,255,255,33,4
255,255,255,34,4
255,255,255,35,4
255,255,255,36,4
255,255,255,37,4
255,255,255,38,4
255,255,255,39,4
255,255,255,40,4
255,255,255,41,4
255,255,255,42,4
255,255,255,43,4
255,255,255,44,4
255,255,255,45,4
255,255,255,46,4
255,255,255,47,4
255,255,255,48,4
255,255,255,49,4
255,255,255,50,4
255,255,255,51,4
255,255,255,52,4
255,255,255,53,4
255,255,255,54,4
255,255,255,55,4
255,255,255,56,4
255,255,255,57,4
255,255,255,58,4
255,255,255,59,4
255,255,255,60,4
255,255,255,61,4
255,255,255,62,4
255,255,255,63,4
255,255,255,64,4
255,255,255,65,4
255,255,255,66,4
255,255,255,67,4
255,255,255,68,4
255,255,255,69,4
255,255,255,70,4
255,255,255,71,4
255,255,255,72,4
255,255,255,73,4
255,255,255,74,4
255,255,255,75,4
255,255,255,76,4
255,255,255,77,4
255,255,255,78,4
255,255,255,79,4
255,255,255,80,4
255,255,255,81,4
255,255,255,82,4
255,255,255,83,4
255,255,255,84,4
255,255,255,85,4
255,255,255,86,4
255,255,255,87,4
255,255,255,88,4
255,255,255,89,4
255,255,255,90,4
255,255,255,91,4
255,255,255,92,4
255,255,255,93,4
255,255,255,94,4
255,255,255,95,4
255,255,255,96,4
255,255,255,97,4
255,255,255,98,4
255,255,255,99,4
255,255,255,100,4
255,255,255,101,4
255,255,255,102,4
255,255,255,103,4
255,255,255,104,4
255,255,255,105,4
255,255,255,106,4
255,255,255,107,4
255,255,255,108,4
255,255,255,109,4
255,255,255,110,4
255,255,255,111,4
255,255,255,112,4
255,255,255,113,4
255,255,255,114,4
255,255,255,115,4
255,255,255,116,4
255,255,255,117,4
255,255,255,118,4
255,255,255,119,4
255,255,255,120,4
255,255,255,121,4
255,255,255,122,4
255,255,255,123,4
255,255,255,124,4
255,255,255,125,4
255,255,255,126,4
255,255,255,127,4
255,255,255,128,4
255,255,255,129,4
255,255,255,130,4
255,255,255,131,4
255,255,255,132,4
255,255,255,133,4
255,255,255,134,4
255,255,255,135,4
255,255,255,136,4
255,255,255,137,4
255,255,255,138,4
255,255,255,139,4
255,255,255,140,4
255,255,255,141,4
255,255,255,142,4
255,255,255,143,4
255,255,255,144,4
255,255,255,145,4
255,255,255,146,4
255,255,255,147,4
255,255,255,148,4
255,255,255,149,4
255,255,255,150,4
255,255,255,151,4
255,255,255,152,4
255,255,255,153,4
255,255,255,154,4
255,255,255,155,4
255,255,255,156,4
255,255,255,157,4
255,255,255,158,4
255,255,255,159,4
255,255,255,160,4
255,255,255,161,4
255,255,255,162,4
255,255,255,163,4
255,255,255,164,4
255,255,255,165,4
255,255,255,166,4
255,255,255,167,4
255,255,255,168,4
255,255,255,169,4
255,255,255,170,4
255,255,255,171,4
255,255,255,172,4
255,255,255,173,4
255,255,255,174,4
255,255,255,175,4
255,255,255,176,4
255,255,255,177,4
255,255,255,178,4
255,255,255,179,4
255,255,255,180,4
255,255,255,181,4
255,255,255,182,4
255,255,255,183,4
255,255,255,184,4
255,255,255,185,4
255,255,255,186,4
255,255,255,187,4
255,255,255,188,4
255,255,255,189,4
255,255,255,190,4
255,255,255,191,4
255,255,255,192,4
255,255,255,193,4
255,255,255,194,4
255,255,255,195,4
255,255,255,196,4
255,255,255,197,4
255,255,255,198,4
255,255,255,199,4
255,255,255,0,5
255,255,255,1,5
255,255,255,2,5
255,255,255,3,5
255,255,255,4,5
255,255,255,5,5
255,255,255,6,5
255,255,255,7,5
255,255,255,8,5
255,255,255,9,5
255,255,255,10,5
255,255,255,11,5
255,255,255,12,5
255,255,255,13,5
255,255,255,14,5
255,255,255,15,5
255,255,255,16,5
255,255,255,17,5
255,255,255,18,5
255,255,255,19,5
255,255,255,20,5
255,255,255,21,5
255,255,255,22,5
255,255,255,23,5
255,255,255,24,5
255,255,255,25,5
255,255,255,26,5
255,255,255,27,5
255,255,255,28,5
255,255,255,29,5
255,255,255,30,5
255,255,255,31,5
255,255,255,32,5
255,255,255,33,5
255,255,255,34,5
255,255,255,35,5
255,255,255,36,5
255,255,255,37,5
255,255,255,38,5
255,255,255,39,5
255,255,255,40,5
255,255,255,41,5
255,255,255,42,5
255,255,255,43,5
255,255,255,44,5
255,255,255,45,5
255,255,255,46,5
255,255,255,47,5
255,255,255,48,5
255,255,255,49,5
255,255,255,50,5
255,255,255,51,5
255,255,255,52,5
255,255,255,53,5
255,255,255,54,5
255,255,255,55,5
255,255,255,56,5
255,255,255,57,5
255,255,255,58,5
255,255,255,59,5
255,255,255,60,5
255,255,255,61,5
255,255,255,62,5
255,255,255,63,5
255,255,255,64,5
255,255,255,65,5
255,255,255,66,5
255,255,255,67,5
255,255,255,68,5
255,255,255,69,5
255,255,255,70,5
255,255,255,71,5
255,255,255,72,5
255,255,255,73,5
255,255,255,74,5
255,255,255,75,5
255,255,255,76,5
255,255,255,77,5
255,255,255,78,5
255,255,255,79,5
255,255,255,80,5
255,255,255,81,5
255,255,255,82,5
255,255,255,83,5
255,255,255,84,5
255,255,255,85,5
255,255,255,86,5
255,255,255,87,5
255,255,255,88,5
255,255,255,89,5
255,255,255,90,5
255,255,255,91,5
255,255,255,92,5
255,255,255,93,5
255,255,255,94,5
255,255,255,95,5
255,255,255,96,5
255,255,255,97,5
255,255,255,98,5
255,255,255,99,5
255,255,255,100,5
255,255,255,101,5
255,255,255,102,5
255,255,255,103,5
255,255,255,104,5
255,255,255,105,5
255,255,255,106,5
255,255,255,107,5
255,255,255,108,5
255,255,255,109,5
255,255,255,110,5
255,255,255,111,5
255,255,255,112,5
255,255,255,113,5
255,255,255,114,5
255,255,255,115,5
255,255,255,116,5
255,255,255,117,5
255,255,255,118,5
255,255,255,119,5
255,255,255,120,5
255,255,255,121,5
255,255,255,122,5
255,255,255,123,5
255,255,255,124,5
255,255,255,125,5
255,255,255,126,5
255,255,255,127,5
255,255,255,128,5
255,255,255,129,5
255,255,255,130,5
255,255,255,131,5
255,255,255,132,5
255,255,255,133,5
255,255,255,134,5
255,255,255,135,5
255,255,255,136,5
255,255,255,137,5
255,255,255,138,5
255,255,255,139,5
255,255,255,140,5
255,255,255,141,5
255,255,255,142,5
255,255,255,143,5
255,255,255,144,5
255,255,255,145,5
255,255,255,146,5
255,255,255,147,5
255,255,255,148,5
255,255,255,149,5
255,255,255,150,5
255,255,255,151,5
255,255,255,152,5
255,255,255,153,5
255,255,255,154,5
255,255,255,155,5
255,255,255,156,5
255,255,255,157,5
255,255,255,158,5
255,255,255,159,5
255,255,255,160,5
255,255,255,161,5
255,255,255,162,5
255,255,255,163,5
255,255,255,164,5
255,255,255,165,5
255,255,255,166,5
255,255,255,167,5
255,255,255,168,5
255,255,255,169,5
255,255,255,170,5
255,255,255,171,5
255,255,255,172,5
255,255,255,173,5
255,255,255,174,5
255,255,255,175,5
255,255,255,176,5
255,255,255,177,5
255,255,255,178,5
255,255,255,179,5
255,255,255,180,5
255,255,255,181,5
255,255,255,182,5
255,255,255,183,5
255,255,255,184,5
255,255,255,185,5
255,255,255,186,5
255,255,255,187,5
255,255,255,188,5
255,255,255,189,5
255,255,255,190,5
255,255,255,191,5
255,255,255,192,5
255,255,255,193,5
255,255,255,194,5
255,255,255,195,5
255,255,255,196,5
255,255,255,197,5
255,255,255,198,5
255,255,255,199,5
255,255,255,0,6
255,255,255,1,6
255,255,255,2,6
255,255,255,3,6
255,255,255,4,6
255,255,255,5,6
255,255,255,6,6
255,255,255,7,6
255,255,255,8,6
255,255,255,9,6
255,255,255,10,6
255,255,255,11,6
255,255,255,12,6
255,255,255,13,6
255,255,255,14,6
255,255,255,15,6
255,255,255,16,6
255,255,255,17,6
255,255,255,18,6
255,255,255,19,6
255,255,255,20,6
255,255,255,21,6
255,255,255,22,6
255,255,255,23,6
255,255,255,24,6
255,255,255,25,6
255,255,255,26,6
255,255,255,27,6
255,255,255,28,6
255,255,255,29,6
255,255,255,30,6
255,255,255,31,6
255,255,255,32,6
255,255,255,33,6
255,255,255,34,6
255,255,255,35,6
255,255,255,36,6
255,255,255,37,6
255,255,255,38,6
255,255,255,39,6
255,255,255,40,6
255,255,255,41,6
255,255,255,42,6
255,255,255,43,6
255,255,255,44,6
255,255,255,45,6
255,255,255,46,6
255,255,255,47,6
255,255,255,48,6
255,255,255,49,6
255,255,255,50,6
255,255,255,51,6
255,255,255,52,6
255,255,255,53,6
255,255,255,54,6
255,255,255,55,6
255,255,255,56,6
255,255,255,57,6
255,255,255,58,6
255,255,255,59,6
255,255,255,60,6
255,255,255,61,6
255,255,255,62,6
255,255,255,63,6
255,255,255,64,6
255,255,255,65,6
255,255,255,66,6
255,255,255,67,6
255,255,255,68,6
255,255,255,69,6
255,255,255,70,6
255,255,255,71,6
255,255,255,72,6
255,255,255,73,6
255,255,255,74,6
255,255,255,75,6
255,255,255,76,6
255,255,255,77,6
255,255,255,78,6
255,255,255,79,6
255,255,255,80,6
255,255,255,81,6
255,255,255,82,6
255,255,255,83,6
255,255,255,84,6
255,255,255,85,6
255,255,255,86,6
255,255,255,87,6
255,255,255,88,6
255,255,255,89,6
255,255,255,90,6
255,255,255,91,6
255,255,255,92,6
255,255,255,93,6
255,255,255,94,6
255,255,255,95,6
255,255,255,96,6
255,255,255,97,6
255,255,255,98,6
255,255,255,99,6
255,255,255,100,6
255,255,255,101,6
255,255,255,102,6
255,255,255,103,6
255,255,255,104,6
255,255,255,105,6
255,255,255,106,6
255,255,255,107,6
255,255,255,108,6
255,255,255,109,6
255,255,255,110,6
255,255,255,111,6
255,255,255,112,6
255,255,255,113,6
255,255,255,114,6
255,255,255,115,6
255,255,255,116,6
255,255,255,117,6
255,255,255,118,6
255,255,255,119,6
255,255,255,120,6
255,255,255,121,6
255,255,255,122,6
255,255,255,123,6
255,255,255,124,6
255,255,255,125,6
255,255,255,126,6
255,255,255,127,6
255,255,255,128,6
255,255,255,129,6
255,255,255,130,6
255,255,255,131,6
255,255,255,132,6
255,255,255,133,6
255,255,255,134,6
255,255,255,135,6
255,255,255,136,6
255,255,255,137,6
255,255,255,138,6
255,255,255,139,6
255,255,255,140,6
255,255,255,141,6
255,255,255,142,6
255,255,255,143,6
255,255,255,144,6
255,255,255,145,6
255,255,255,146,6
255,255,255,147,6
255,255,255,148,6
255,255,255,149,6
255,255,255,150,6
255,255,255,151,6
255,255,255,152,6
255,255,255,153,6
255,255,255,154,6
255,255,255,155,6
255,255,255,156,6
255,255,255,157,6
255,255,255,158,6
255,255,255,159,6
255,255,255,160,6
255,255,255,161,6
255,255,255,162,6
255,255,255,163,6
255,255,255,164,6
255,255,255,165,6
255,255,255,166,6
255,255,255,167,6
255,255,255,168,6
255,255,255,169,6
255,255,255,170,6
255,255,255,171,6
255,255,255,172,6
255,255,255,173,6
255,255,255,174,6
255,255,255,175,6
255,255,255,176,6
255,255,255,177,6
255,255,255,178,6
255,255,255,179,6
255,255,255,180,6
255,255,255,181,6
255,255,255,182,6
255,255,255,183,6
255,255,255,184,6
255,255,255,185,6
255,255,255,186,6
255,255,255,187,6
255,255,255,188,6
255,255,255,189,6
255,255,255,190,6
255,255,255,191,6
255,255,255,192,6
255,255,255,193,6
255,255,255,194,6
255,255,255,195,6
255,255,255,196,6
255,255,255,197,6
255,255,255,198,6
255,255,255,199,6
255,255,255,0,7
255,255,255,1,7
255,255,255,2,7
255,255,255,3,7
255,255,255,4,7
255,255,255,5,7
255,255,255,6,7
255,255,255,7,7
255,255,255,8,7
255,255,255,9,7
255,255,255,10,7
255,255,255,11,7
255,255,255,12,7
255,255,255,13,7
255,255,255,14,7
255,255,255,15,7
255,255,255,16,7
255,255,255,17,7
255,255,255,18,7
255,255,255,19,7
255,255,255,20,7
255,255,255,21,7
255,255,255,22,7
255,255,255,23,7
255,255,255,24,7
255,255,255,25,7
255,255,255,26,7
255,255,255,27,7
255,255,255,28,7
255,255,255,29,7
255,255,255,30,7
255,255,255,31,7
255,255,255,32,7
255,255,255,33,7
255,255,255,34,7
255,255,255,35,7
255,255,255,36,7
255,255,255,37,7
255,255,255,38,7
255,255,255,39,7
255,255,255,40,7
255,255,255,41,7
255,255,255,42,7
255,255,255,43,7
255,255,255,44,7
255,255,255,45,7
255,255,255,46,7
255,255,255,47,7
255,255,255,48,7
255,255,255,49,7
255,255,255,50,7
255,255,255,51,7
255,255,255,52,7
255,255,255,53,7
255,255,255,54,7
255,255,255,55,7
255,255,255,56,7
255,255,255,57,7
255,255,255,58,7
255,255,255,59,7
255,255,255,60,7
255,255,255,61,7
255,255,255,62,7
255,255,255,63,7
255,255,255,64,7
255,255,255,65,7
255,255,255,66,7
255,255,255,67,7
255,255,255,68,7
255,255,255,69,7
255,255,255,70,7
255,255,255,71,7
255,255,255,72,7
255,255,255,73,7
255,255,255,74,7
255,255,255,75,7
255,255,255,76,7
255,255,255,77,7
255,255,255,78,7
255,255,255,79,7
255,255,255,80,7
255,255,255,81,7
255,255,255,82,7
255,255,255,83,7
255,255,255,84,7
255,255,255,85,7
255,255,255,86,7
255,255,255,87,7
255,255,255,88,7
255,255,255,89,7
255,255,255,90,7
255,255,255,91,7
255,255,255,92,7
255,255,255,93,7
255,255,255,94,7
255,255,255,95,7
255,255,255,96,7
255,255,255,97,7
255,255,255,98,7
255,255,255,99,7
255,255,255,100,7
255,255,255,101,7
255,255,255,102,7
255,255,255,103,7
255,255,255,104,7
255,255,255,105,7
255,255,255,106,7
255,255,255,107,7
255,255,255,108,7
255,255,255,109,7
255,255,255,110,7
255,255,255,111,7
255,255,255,112,7
255,255,255,113,7
255,255,255,114,7
255,255,255,115,7
255,255,255,116,7
255,255,255,117,7
255,255,255,118,7
255,255,255,119,7
255,255,255,120,7
255,255,255,121,7
255,255,255,122,7
255,255,255,123,7
255,255,255,124,7
255,255,255,125,7
255,255,255,126,7
255,255,255,127,7
255,255,255,128,7
255,255,255,129,7
255,255,255,130,7
255,255,255,131,7
255,255,255,132,7
255,255,255,133,7
255,255,255,134,7
255,255,255,135,7
255,255,255,136,7
255,255,255,137,7
255,255,255,138,7
255,255,255,139,7
255,255,255,140,7
255,255,255,141,7
255,255,255,142,7
255,255,255,143,7
255,255,255,144,7
255,255,255,145,7
255,255,255,146,7
255,255,255,147,7
255,255,255,148,7
255,255,255,149,7
255,255,255,150,7
255,255,255,151,7
255,255,255,152,7
255,255,255,153,7
255,255,255,154,7
255,255,255,155,7
255,255,255,156,7
255,255,255,157,7
255,255,255,158,7
255,255,255,159,7
255,255,255,160,7
255,255,255,161,7
255,255,255,162,7
255,255,255,163,7
255,255,255,164,7
255,255,255,165,7
255,255,255,166,7
255,255,255,167,7
255,255,255,168,7
255,255,255,169,7
255,255,255,170,7
255,255,255,171,7
255,255,255,172,7
255,255,255,173,7
255,255,255,174,7
255,255,255,175,7
255,255,255,176,7
255,255,255,177,7
255,255,255,178,7
255,255,255,179,7
255,255,255,180,7
255,255,255,181,7
255,255,255,182,7
255,255,255,183,7
255,255,255,184,7
255,255,255,185,7
255,255,255,186,7
255,255,255,187,7
255,255,255,188,7
255,255,255,189,7
255,255,255,190,7
255,255,255,191,7
255,255,255,192,7
255,255,255,193,7
255,255,255,194,7
255,255,255,195,7
255,255,255,196,7
255,255,255,197,7
255,255,255,198,7
255,255,255,199,7
255,255,255,0,8
255,255,255,1,8
255,255,255,2,8
255,255,255,3,8
255,255,255,4,8
255,255,255,5,8
255,255,255,6,8
255,255,255,7,8
255,255,255,8,8
255,255,255,9,8
255,255,255,10,8
255,255,255,11,8
255,255,255,12,8
255,255,255,13,8
255,255,255,14,8
255,255,255,15,8
255,255,255,16,8
255,255,255,17,8
255,255,255,18,8
255,255,255,19,8
255,255,255,20,8
255,255,255,21,8
255,255,255,22,8
255,255,255,23,8
255,255,255,24,8
255,255,255,25,8
255,255,255,26,8
255,255,255,27,8
255,255,255,28,8
255,255,255,29,8
255,255,255,30,8
255,255,255,31,8
255,255,255,32,8
255,255,255,33,8
255,255,255,34,8
255,255,255,35,8
255,255,255,36,8
255,255,255,37,8
255,255,255,38,8
255,255,255,39,8
255,255,255,40,8
255,255,255,41,8
255,255,255,42,8
255,255,255,43,8
255,255,255,44,8
255,255,255,45,8
255,255,255,46,8
255,255,255,47,8
255,255,255,48,8
255,255,255,49,8
255,255,255,50,8
255,255,255,51,8
255,255,255,52,8
255,255,255,53,8
255,255,255,54,8
255,255,255,55,8
255,255,255,56,8
255,255,255,57,8
255,255,255,58,8
255,255,255,59,8
255,255,255,60,8
255,255,255,61,8
255,255,255,62,8
255,255,255,63,8
255,255,255,64,8
255,255,255,65,8
255,255,255,66,8
255,255,255,67,8
255,255,255,68,8
255,255,255,69,8
255,255,255,70,8
255,255,255,71,8
255,255,255,72,8
255,255,255,73,8
255,255,255,74,8
255,255,255,75,8
255,255,255,76,8
255,255,255,77,8
255,255,255,78,8
255,255,255,79,8
255,255,255,80,8
255,255,255,81,8
255,255,255,82,8
255,255,255,83,8
255,255,255,84,8
255,255,255,85,8
255,255,255,86,8
255,255,255,87,8
255,255,255,88,8
255,255,255,89,8
255,255,255,90,8
255,255,255,91,8
255,255,255,92,8
255,255,255,93,8
255,255,255,94,8
255,255,255,95,8
255,255,255,96,8
255,255,255,97,8
255,255,255,98,8
255,255,255,99,8
255,255,255,100,8
255,255,255,101,8
255,255,255,102,8
255,255,255,103,8
255,255,255,104,8
255,255,255,105,8
255,255,255,106,8
255,255,255,107,8
255,255,255,108,8
255,255,255,109,8
255,255,255,110,8
255,255,255,111,8
255,255,255,112,8
255,255,255,113,8
255,255,255,114,8
255,255,255,115,8
255,255,255,116,8
255,255,255,117,8
255,255,255,118,8
255,255,255,119,8
255,255,255,120,8
255,255,255,121,8
255,255,255,122,8
255,255,255,123,8
255,255,255,124,8
255,255,255,125,8
255,255,255,126,8
255,255,255,127,8
255,255,255,128,8
255,255,255,129,8
255,255,255,130,8
255,255,255,131,8
255,255,255,132,8
255,255,255,133,8
255,255,255,134,8
255,255,255,135,8
255,255,255,136,8
255,255,255,137,8
255,255,255,138,8
255,255,255,139,8
255,255,255,140,8
255,255,255,141,8
255,255,255,142,8
255,255,255,143,8
255,255,255,144,8
255,255,255,145,8
255,255,255,146,8
255,255,255,147,8
255,255,255,148,8
255,255,255,149,8
255,255,255,150,8
255,255,255,151,8
255,255,255,152,8
255,255,255,153,8
255,255,255,154,8
255,255,255,155,8
255,255,255,156,8
255,255,255,157,8
255,255,255,158,8
255,255,255,159,8
255,255,255,160,8
255,255,255,161,8
255,255,255,162,8
255,255,255,163,8
255,255,255,164,8
255,255,255,165,8
255,255,255,166,8
255,255,255,167,8
255,255,255,168,8
255,255,255,169,8
255,255,255,170,8
255,255,255,171,8
255,255,255,172,8
255,255,255,173,8
255,255,255,174,8
255,255,255,175,8
255,255,255,176,8
255,255,255,177,8
255,255,255,178,8
255,255,255,179,8
255,255,255,180,8
255,255,255,181,8
255,255,255,182,8
255,255,255,183,8
255,255,255,184,8
255,255,255,185,8
255,255,255,186,8
255,255,255,187,8
255,255,255,188,8
255,255,255,189,8
255,255,255,190,8
255,255,255,191,8
255,255,255,192,8
255,255,255,193,8
255,255,255,194,8
255,255,255,195,8
255,255,255,196,8
255,255,255,197,8
255,255,255,198,8
255,255,255,199,8
255,255,255,0,9
255,255,255,1,9
255,255,255,2,9
255,255,255,3,9
255,255,255,4,9
255,255,255,5,9
255,255,255,6,9
255,255,255,7,9
255,255,255,8,9
255,255,255,9,9
255,255,255,10,9
255,255,255,11,9
255,255,255,12,9
255,255,255,13,9
255,255,255,14,9
255,255,255,15,9
255,255,255,16,9
255,255,255,17,9
255,255,255,18,9
255,255,255,19,9
255,255,255,20,9
255,255,255,21,9
255,255,255,22,9
255,255,255,23,9
255,255,255,24,9
255,255,255,25,9
255,255,255,26,9
255,255,255,27,9
255,255,255,28,9
255,255,255,29,9
255,255,255,30,9
255,255,255,31,9
255,255,255,32,9
255,255,255,33,9
255,255,255,34,9
255,255,255,35,9
255,255,255,36,9
255,255,255,37,9
255,255,255,38,9
255,255,255,39,9
255,255,255,40,9
255,255,255,41,9
255,255,255,42,9
255,255,255,43,9
255,255,255,44,9
255,255,255,45,9
255,255,255,46,9
255,255,255,47,9
255,255,255,48,9
255,255,255,49,9
255,255,255,50,9
255,255,255,51,9
255,255,255,52,9
255,255,255,53,9
255,255,255,54,9
255,255,255,55,9
255,255,255,56,9
255,255,255,57,9
255,255,255,58,9
255,255,255,59,9
255,255,255,60,9
255,255,255,61,9
255,255,255,62,9
255,255,255,63,9
255,255,255,64,9
255,255,255,65,9
255,255,255,66,9
255,255,255,67,9
255,255,255,68,9
255,255,255,69,9
255,255,255,70,9
255,255,255,71,9
255,255,255,72,9
255,255,255,73,9
255,255,255,74,9
255,255,255,75,9
255,255,255,76,9
255,255,255,77,9
255,255,255,78,9
255,255,255,79,9
255,255,255,80,9
255,255,255,81,9
255,255,255,82,9
255,255,255,83,9
255,255,255,84,9
255,255,255,85,9
255,255,255,86,9
255,255,255,87,9
255,255,255,88,9
255,255,255,89,9
255,255,255,90,9
255,255,255,91,9
255,255,255,92,9
255,255,255,93,9
255,255,255,94,9
255,255,255,95,9
255,255,255,96,9
255,255,255,97,9
255,255,255,98,9
255,255,255,99,9
255,255,255,100,9
255,255,255,101,9
255,255,255,102,9
255,255,255,103,9
255,255,255,104,9
255,255,255,105,9
255,255,255,106,9
255,255,255,107,9
255,255,255,108,9
255,255,255,109,9
255,255,255,110,9
255,255,255,111,9
255,255,255,112,9
255,255,255,113,9
255,255,255,114,9
255,255,255,115,9
255,255,255,116,9
255,255,255,117,9
255,255,255,118,9
255,255,255,119,9
255,255,255,120,9
255,255,255,121,9
255,255,255,122,9
255,255,255,123,9
255,255,255,124,9
255,255,255,125,9
255,255,255,126,9
255,255,255,127,9
255,255,255,128,9
255,255,255,129,9
255,255,255,130,9
255,255,255,131,9
255,255,255,132,9
255,255,255,133,9
255,255,255,134,9
255,255,255,135,9
255,255,255,136,9
255,255,255,137,9
255,255,255,138,9
255,255,255,139,9
255,255,255,140,9
255,255,255,141,9
255,255,255,142,9
255,255,255,143,9
255,255,255,144,9
255,255,255,145,9
255,255,255,146,9
255,255,255,147,9
255,255,255,148,9
255,255,255,149,9
255,255,255,150,9
255,255,255,151,9
255,255,255,152,9
255,255,255,153,9
255,255,255,154,9
255,255,255,155,9
255,255,255,156,9
255,255,255,157,9
255,255,255,158,9
255,255,255,159,9
255,255,255,160,9
255,255,255,161,9
255,255,255,162,9
255,255,255,163,9
255,255,255,164,9
255,255,255,165,9
255,255,255,166,9
255,255,255,167,9
255,255,255,168,9
255,255,255,169,9
255,255,255,170,9
255,255,255,171,9
255,255,255,172,9
255,255,255,173,9
255,255,255,174,9
255,255,255,175,9
255,255,255,176,9
255,255,255,177,9
255,255,255,178,9
255,255,255,179,9
255,255,255,180,9
255,255,255,181,9
255,255,255,182,9
255,255,255,183,9
255,255,255,184,9
255,255,255,185,9
255,255,255,186,9
255,255,255,187,9
255,255,255,188,9
255,255,255,189,9
255,255,255,190,9
255,255,255,191,9
255,255,255,192,9
255,255,255,193,9
255,255,255,194,9
255,255,255,195,9
255,255,255,196,9
255,255,255,197,9
255,255,255,198,9
255,255,255,199,9
255,255,255,0,10
255,255,255,1,10
255,255,255,2,10
255,255,255,3,10
255,255,255,4,10
255,255,255,5,10
255,255,255,6,10
255,255,255,7,10
255,255,255,8,10
255,255,255,9,10
255,255,255,10,10
255,255,255,11,10
255,255,255,12,10
255,255,255,13,10
255,255,255,14,10
255,255,255,15,10
255,255,255,16,10
255,255,255,17,10
255,255,255,18,10
255,255,255,19,10
255,255,255,20,10
255,255,255,21,10
255,255,255,22,10
255,255,255,23,10
255,255,255,24,10
255,255,255,25,10
255,255,255,26,10
255,255,255,27,10
255,255,255,28,10
255,255,255,29,10
255,255,255,30,10
255,255,255,31,10
255,255,255,32,10
255,255,255,33,10
255,255,255,34,10
255,255,255,35,10
255,255,255,36,10
255,255,255,37,10
255,255,255,38,10
255,255,255,39,10
255,255,255,40,10
255,255,255,41,10
255,255,255,42,10
255,255,255,43,10
255,255,255,44,10
255,255,255,45,10
255,255,255,46,10
255,255,255,47,10
255,255,255,48,10
255,255,255,49,10
255,255,255,50,10
255,255,255,51,10
255,255,255,52,10
255,255,255,53,10
255,255,255,54,10
255,255,255,55,10
255,255,255,56,10
255,255,255,57,10
255,255,255,58,10
255,255,255,59,10
255,255,255,60,10
255,255,255,61,10
255,255,255,62,10
255,255,255,63,10
255,255,255,64,10
255,255,255,65,10
255,255,255,66,10
255,255,255,67,10
255,255,255,68,10
255,255,255,69,10
255,255,255,70,10
255,255,255,71,10
255,255,255,72,10
255,255,255,73,10
255,255,255,74,10
255,255,255,75,10
255,255,255,76,10
255,255,255,77,10
255,255,255,78,10
255,255,255,79,10
255,255,255,80,10
255,255,255,81,10
255,255,255,82,10
255,255,255,83,10
255,255,255,84,10
255,255,255,85,10
255,255,255,86,10
255,255,255,87,10
255,255,255,88,10
255,255,255,89,10
255,255,255,90,10
255,255,255,91,10
255,255,255,92,10
255,255,255,93,10
255,255,255,94,10
255,255,255,95,10
255,255,255,96,10
255,255,255,97,10
255,255,255,98,10
255,255,255,99,10
255,255,255,100,10
255,255,255,101,10
255,255,255,102,10
255,255,255,103,10
255,255,255,104,10
255,255,255,105,10
255,255,255,106,10
255,255,255,107,10
255,255,255,108,10
255,255,255,109,10
255,255,255,110,10
255,255,255,111,10
255,255,255,112,10
255,255,255,113,10
255,255,255,114,10
255,255,255,115,10
255,255,255,116,10
255,255,255,117,10
255,255,255,118,10
255,255,255,119,10
255,255,255,120,10
255,255,255,121,10
255,255,255,122,10
255,255,255,123,10
255,255,255,124,10
255,255,255,125,10
255,255,255,126,10
255,255,255,127,10
255,255,255,128,10
255,255,255,129,10
255,255,255,130,10
255,255,255,131,10
255,255,255,132,10
255,255,255,133,10
255,255,255,134,10
255,255,255,135,10
255,255,255,136,10
255,255,255,137,10
255,255,255,138,10
255,255,255,139,10
255,255,255,140,10
255,255,255,141,10
255,255,255,142,10
255,255,255,143,10
255,255,255,144,10
255,255,255,145,10
255,255,255,146,10
255,255,255,147,10
255,255,255,148,10
255,255,255,149,10
255,255,255,150,10
255,255,255,151,10
255,255,255,152,10
255,255,255,153,10
255,255,255,154,10
255,255,255,155,10
255,255,255,156,10
255,255,255,157,10
255,255,255,158,10
255,255,255,159,10
255,255,255,160,10
255,255,255,161,10
255,255,255,162,10
255,255,255,163,10
255,255,255,164,10
255,255,255,165,10
255,255,255,166,10
255,255,255,167,10
255,255,255,168,10
255,255,255,169,10
255,255,255,170,10
255,255,255,171,10
255,255,255,172,10
255,255,255,173,10
255,255,255,174,10
255,255,255,175,10
255,255,255,176,10
255,255,255,177,10
255,255,255,178,10
255,255,255,179,10
255,255,255,180,10
255,255,255,181,10
255,255,255,182,10
255,255,255,183,10
255,255,255,184,10
255,255,255,185,10
255,255,255,186,10
255,255,255,187,10
255,255,255,188,10
255,255,255,189,10
255,255,255,190,10
255,255,255,191,10
255,255,255,192,10
255,255,255,193,10
255,255,255,194,10
255,255,255,195,10
255,255,255,196,10
255,255,255,197,10
255,255,255,198,10
255,255,255,199,10
255,255,255,0,11
255,255,255,1,11
255,255,255,2,11
255,255,255,3,11
255,255,255,4,11
255,255,255,5,11
255,255,255,6,11
255,255,255,7,11
255,255,255,8,11
255,255,255,9,11
255,255,255,10,11
255,255,255,11,11
255,255,255,12,11
255,255,255,13,11
255,255,255,14,11
255,255,255,15,11
255,255,255,16,11
255,255,255,17,11
255,255,255,18,11
255,255,255,19,11
255,255,255,20,11
255,255,255,21,11
255,255,255,22,11
255,255,255,23,11
255,255,255,24,11
255,255,255,25,11
255,255,255,26,11
255,255,255,27,11
255,255,255,28,11
255,255,255,29,11
255,255,255,30,11
255,255,255,31,11
255,255,255,32,11
255,255,255,33,11
255,255,255,34,11
255,255,255,35,11
255,255,255,36,11
255,255,255,37,11
255,255,255,38,11
255,255,255,39,11
255,255,255,40,11
255,255,255,41,11
255,255,255,42,11
255,255,255,43,11
255,255,255,44,11
255,255,255,45,11
255,255,255,46,11
255,255,255,47,11
255,255,255,48,11
255,255,255,49,11
255,255,255,50,11
255,255,255,51,11
255,255,255,52,11
255,255,255,53,11
255,255,255,54,11
255,255,255,55,11
255,255,255,56,11
255,255,255,57,11
255,255,255,58,11
255,255,255,59,11
255,255,255,60,11
255,255,255,61,11
255,255,255,62,11
255,255,255,63,11
255,255,255,64,11
255,255,255,65,11
255,255,255,66,11
255,255,255,67,11
255,255,255,68,11
255,255,255,69,11
255,255,255,70,11
255,255,255,71,11
255,255,255,72,11
255,255,255,73,11
255,255,255,74,11
255,255,255,75,11
255,255,255,76,11
255,255,255,77,11
255,255,255,78,11
255,255,255,79,11
255,255,255,80,11
255,255,255,81,11
255,255,255,82,11
255,255,255,83,11
255,255,255,84,11
255,255,255,85,11
255,255,255,86,11
255,255,255,87,11
255,255,255,88,11
255,255,255,89,11
255,255,255,90,11
255,255,255,91,11
255,255,255,92,11
255,255,255,93,11
255,255,255,94,11
255,255,255,95,11
255,255,255,96,11
255,255,255,97,11
255,255,255,98,11
255,255,255,99,11
255,255,255,100,11
255,255,255,101,11
255,255,255,102,11
255,255,255,103,11
255,255,255,104,11
255,255,255,105,11
255,255,255,106,11
255,255,255,107,11
255,255,255,108,11
255,255,255,109,11
255,255,255,110,11
255,255,255,111,11
255,255,255,112,11
255,255,255,113,11
255,255,255,114,11
255,255,255,115,11
255,255,255,116,11
255,255,255,117,11
255,255,255,118,11
255,255,255,119,11
255,255,255,120,11
255,255,255,121,11
255,255,255,122,11
255,255,255,123,11
255,255,255,124,11
255,255,255,125,11
255,255,255,126,11
255,255,255,127,11
255,255,255,128,11
255,255,255,129,11
255,255,255,130,11
255,255,255,131,11
255,255,255,132,11
255,255,255,133,11
255,255,255,134,11
255,255,255,135,11
255,255,255,136,11
255,255,255,137,11
255,255,255,138,11
255,255,255,139,11
255,255,255,140,11
255,255,255,141,11
255,255,255,142,11
255,255,255,143,11
255,255,255,144,11
255,255,255,145,11
255,255,255,146,11
255,255,255,147,11
255,255,255,148,11
255,255,255,149,11
255,255,255,150,11
255,255,255,151,11
255,255,255,152,11
255,255,255,153,11
255,255,255,154,11
255,255,255,155,11
255,255,255,156,11
255,255,255,157,11
255,255,255,158,11
255,255,255,159,11
255,255,255,160,11
255,255,255,161,11
255,255,255,162,11
255,255,255,163,11
255,255,255,164,11
255,255,255,165,11
255,255,255,166,11
255,255,255,167,11
255,255,255,168,11
255,255,255,169,11
255,255,255,170,11
255,255,255,171,11
255,255,255,172,11
255,255,255,173,11
255,255,255,174,11
255,255,255,175,11
255,255,255,176,11
255,255,255,177,11
255,255,255,178,11
255,255,255,179,11
255,255,255,180,11
255,255,255,181,11
255,255,255,182,11
255,255,255,183,11
255,255,255,184,11
255,255,255,185,11
255,255,255,186,11
255,255,255,187,11
255,255,255,188,11
255,255,255,189,11
255,255,255,190,11
255,255,255,191,11
255,255,255,192,11
255,255,255,193,11
255,255,255,194,11
255,255,255,195,11
255,255,255,196,11
255,255,255,197,11
255,255,255,198,11
255,255,255,199,11
255,255,255,0,12
255,255,255,1,12
255,255,255,2,12
255,255,255,3,12
255,255,255,4,12
255,255,255,5,12
255,255,255,6,12
255,255,255,7,12
255,255,255,8,12
255,255,255,9,12
255,255,255,10,12
255,255,255,11,12
255,255,255,12,12
255,255,255,13,12
255,255,255,14,12
255,255,255,15,12
255,255,255,16,12
255,255,255,17,12
255,255,255,18,12
255,255,255,19,12
255,255,255,20,12
255,255,255,21,12
255,255,255,22,12
255,255,255,23,12
255,255,255,24,12
255,255,255,25,12
255,255,255,26,12
255,255,255,27,12
255,255,255,28,12
255,255,255,29,12
255,255,255,30,12
255,255,255,31,12
255,255,255,32,12
255,255,255,33,12
255,255,255,34,12
255,255,255,35,12
255,255,255,36,12
255,255,255,37,12
255,255,255,38,12
255,255,255,39,12
255,255,255,40,12
255,255,255,41,12
255,255,255,42,12
255,255,255,43,12
255,255,255,44,12
255,255,255,45,12
255,255,255,46,12
255,255,255,47,12
255,255,255,48,12
255,255,255,49,12
255,255,255,50,12
255,255,255,51,12
255,255,255,52,12
255,255,255,53,12
255,255,255,54,12
255,255,255,55,12
255,255,255,56,12
255,255,255,57,12
255,255,255,58,12
255,255,255,59,12
255,255,255,60,12
255,255,255,61,12
255,255,255,62,12
255,255,255,63,12
255,255,255,64,12
255,255,255,65,12
255,255,255,66,12
255,255,255,67,12
255,255,255,68,12
255,255,255,69,12
255,255,255,70,12
255,255,255,71,12
255,255,255,72,12
255,255,255,73,12
255,255,255,74,12
255,255,255,75,12
255,255,255,76,12
255,255,255,77,12
255,255,255,78,12
255,255,255,79,12
255,255,255,80,12
255,255,255,81,12
255,255,255,82,12
255,255,255,83,12
255,255,255,84,12
255,255,255,85,12
255,255,255,86,12
255,255,255,87,12
255,255,255,88,12
255,255,255,89,12
255,255,255,90,12
255,255,255,91,12
255,255,255,92,12
255,255,255,93,12
255,255,255,94,12
255,255,255,95,12
255,255,255,96,12
255,255,255,97,12
255,255,255,98,12
255,255,255,99,12
255,255,255,100,12
255,255,255,101,12
255,255,255,102,12
255,255,255,103,12
255,255,255,104,12
255,255,255,105,12
255,255,255,106,12
255,255,255,107,12
255,255,255,108,12
255,255,255,109,12
255,255,255,110,12
255,255,255,111,12
255,255,255,112,12
255,255,255,113,12
255,255,255,114,12
255,255,255,115,12
255,255,255,116,12
255,255,255,117,12
255,255,255,118,12
255,255,255,119,12
255,255,255,120,12
255,255,255,121,12
255,255,255,122,12
255,255,255,123,12
255,255,255,124,12
255,255,255,125,12
255,255,255,126,12
255,255,255,127,12
255,255,255,128,12
255,255,255,129,12
255,255,255,130,12
255,255,255,131,12
255,255,255,132,12
255,255,255,133,12
255,255,255,134,12
255,255,255,135,12
255,255,255,136,12
255,255,255,137,12
255,255,255,138,12
255,255,255,139,12
255,255,255,140,12
255,255,255,141,12
255,255,255,142,12
255,255,255,143,12
255,255,255,144,12
255,255,255,145,12
255,255,255,146,12
255,255,255,147,12
255,255,255,148,12
255,255,255,149,12
255,255,255,150,12
255,255,255,151,12
255,255,255,152,12
255,255,255,153,12
255,255,255,154,12
255,255,255,155,12
255,255,255,156,12
255,255,255,157,12
255,255,255,158,12
255,255,255,159,12
255,255,255,160,12
255,255,255,161,12
255,255,255,162,12
255,255,255,163,12
255,255,255,164,12
255,255,255,165,12
255,255,255,166,12
255,255,255,167,12
255,255,255,168,12
255,255,255,169,12
255,255,255,170,12
255,255,255,171,12
255,255,255,172,12
255,255,255,173,12
255,255,255,174,12
255,255,255,175,12
255,255,255,176,12
255,255,255,177,12
255,255,255,178,12
255,255,255,179,12
255,255,255,180,12
255,255,255,181,12
255,255,255,182,12
255,255,255,183,12
255,255,255,184,12
255,255,255,185,12
255,255,255,186,12
255,255,255,187,12
255,255,255,188,12
255,255,255,189,12
255,255,255,190,12
255,255,255,191,12
255,255,255,192,12
255,255,255,193,12
255,255,255,194,12
255,255,255,195,12
255,255,255,196,12
255,255,255,197,12
255,255,255,198,12
255,255,255,199,12
255,255,255,0,13
255,255,255,1,13
255,255,255,2,13
255,255,255,3,13
255,255,255,4,13
255,255,255,5,13
255,255,255,6,13
255,255,255,7,13
255,255,255,8,13
255,255,255,9,13
255,255,255,10,13
255,255,255,11,13
255,255,255,12,13
255,255,255,13,13
255,255,255,14,13
255,255,255,15,13
255,255,255,16,13
255,255,255,17,13
255,255,255,18,13
255,255,255,19,13
255,255,255,20,13
255,255,255,21,13
255,255,255,22,13
255,255,255,23,13
255,255,255,24,13
255,255,255,25,13
255,255,255,26,13
255,255,255,27,13
255,255,255,28,13
255,255,255,29,13
255,255,255,30,13
255,255,255,31,13
255,255,255,32,13
255,255,255,33,13
255,255,255,34,13
255,255,255,35,13
255,255,255,36,13
255,255,255,37,13
255,255,255,38,13
255,255,255,39,13
255,255,255,40,13
255,255,255,41,13
255,255,255,42,13
255,255,255,43,13
255,255,255,44,13
255,255,255,45,13
255,255,255,46,13
255,255,255,47,13
255,255,255,48,13
255,255,255,49,13
255,255,255,50,13
255,255,255,51,13
255,255,255,52,13
255,255,255,53,13
255,255,255,54,13
255,255,255,55,13
255,255,255,56,13
255,255,255,57,13
255,255,255,58,13
255,255,255,59,13
255,255,255,60,13
255,255,255,61,13
255,255,255,62,13
255,255,255,63,13
255,255,255,64,13
255,255,255,65,13
255,255,255,66,13
255,255,255,67,13
255,255,255,68,13
255,255,255,69,13
255,255,255,70,13
255,255,255,71,13
255,255,255,72,13
255,255,255,73,13
255,255,255,74,13
255,255,255,75,13
255,255,255,76,13
255,255,255,77,13
255,255,255,78,13
255,255,255,79,13
255,255,255,80,13
255,255,255,81,13
255,255,255,82,13
255,255,255,83,13
255,255,255,84,13
255,255,255,85,13
255,255,255,86,13
255,255,255,87,13
255,255,255,88,13
255,255,255,89,13
255,255,255,90,13
255,255,255,91,13
255,255,255,92,13
255,255,255,93,13
255,255,255,94,13
255,255,255,95,13
255,255,255,96,13
255,255,255,97,13
255,255,255,98,13
255,255,255,99,13
255,255,255,100,13
255,255,255,101,13
255,255,255,102,13
255,255,255,103,13
255,255,255,104,13
255,255,255,105,13
255,255,255,106,13
255,255,255,107,13
255,255,255,108,13
255,255,255,109,13
255,255,255,110,13
255,255,255,111,13
255,255,255,112,13
255,255,255,113,13
255,255,255,114,13
255,255,255,115,13
255,255,255,116,13
255,255,255,117,13
255,255,255,118,13
255,255,255,119,13
255,255,255,120,13
255,255,255,121,13
255,255,255,122,13
255,255,255,123,13
255,255,255,124,13
255,255,255,125,13
255,255,255,126,13
255,255,255,127,13
255,255,255,128,13
255,255,255,129,13
255,255,255,130,13
255,255,255,131,13
255,255,255,132,13
255,255,255,133,13
255,255,255,134,13
255,255,255,135,13
255,255,255,136,13
255,255,255,137,13
255,255,255,138,13
255,255,255,139,13
255,255,255,140,13
255,255,255,141,13
255,255,255,142,13
255,255,255,143,13
255,255,255,144,13
255,255,255,145,13
255,255,255,146,13
255,255,255,147,13
255,255,255,148,13
255,255,255,149,13
255,255,255,150,13
255,255,255,151,13
255,255,255,152,13
255,255,255,153,13
255,255,255,154,13
255,255,255,155,13
255,255,255,156,13
255,255,255,157,13
255,255,255,158,13
255,255,255,159,13
255,255,255,160,13
255,255,255,161,13
255,255,255,162,13
255,255,255,163,13
255,255,255,164,13
255,255,255,165,13
255,255,255,166,13
255,255,255,167,13
255,255,255,168,13
255,255,255,169,13
255,255,255,170,13
255,255,255,171,13
255,255,255,172,13
255,255,255,173,13
255,255,255,174,13
255,255,255,175,13
255,255,255,176,13
255,255,255,177,13
255,255,255,178,13
255,255,255,179,13
255,255,255,180,13
255,255,255,181,13
255,255,255,182,13
255,255,255,183,13
255,255,255,184,13
255,255,255,185,13
255,255,255,186,13
255,255,255,187,13
255,255,255,188,13
255,255,255,189,13
255,255,255,190,13
255,255,255,191,13
255,255,255,192,13
255,255,255,193,13
255,255,255,194,13
255,255,255,195,13
255,255,255,196,13
255,255,255,197,13
255,255,255,198,13
255,255,255,199,13
255,255,255,0,14
255,255,255,1,14
255,255,255,2,14
255,255,255,3,14
255,255,255,4,14
255,255,255,5,14
255,255,255,6,14
255,255,255,7,14
255,255,255,8,14
255,255,255,9,14
255,255,255,10,14
255,255,255,11,14
255,255,255,12,14
255,255,255,13,14
255,255,255,14,14
255,255,255,15,14
255,255,255,16,14
255,255,255,17,14
255,255,255,18,14
255,255,255,19,14
255,255,255,20,14
255,255,255,21,14
255,255,255,22,14
255,255,255,23,14
255,255,255,24,14
255,255,255,25,14
255,255,255,26,14
255,255,255,27,14
255,255,255,28,14
255,255,255,29,14
255,255,255,30,14
255,255,255,31,14
255,255,255,32,14
255,255,255,33,14
255,255,255,34,14
255,255,255,35,14
255,255,255,36,14
255,255,255,37,14
255,255,255,38,14
255,255,255,39,14
255,255,255,40,14
255,255,255,41,14
255,255,255,42,14
255,255,255,43,14
255,255,255,44,14
255,255,255,45,14
255,255,255,46,14
255,255,255,47,14
255,255,255,48,14
255,255,255,49,14
255,255,255,50,14
255,255,255,51,14
255,255,255,52,14
255,255,255,53,14
255,255,255,54,14
255,255,255,55,14
255,255,255,56,14
255,255,255,57,14
255,255,255,58,14
255,255,255,59,14
255,255,255,60,14
255,255,255,61,14
255,255,255,62,14
255,255,255,63,14
255,255,255,64,14
255,255,255,65,14
255,255,255,66,14
255,255,255,67,14
255,255,255,68,14
255,255,255,69,14
255,255,255,70,14
255,255,255,71,14
255,255,255,72,14
255,255,255,73,14
255,255,255,74,14
255,255,255,75,14
255,255,255,76,14
255,255,255,77,14
255,255,255,78,14
255,255,255,79,14
255,255,255,80,14
255,255,255,81,14
255,255,255,82,14
255,255,255,83,14
255,255,255,84,14
255,255,255,85,14
255,255,255,86,14
255,255,255,87,14
255,255,255,88,14
255,255,255,89,14
255,255,255,90,14
255,255,255,91,14
255,255,255,92,14
255,255,255,93,14
255,255,255,94,14
255,255,255,95,14
255,255,255,96,14
255,255,255,97,14
255,255,255,98,14
255,255,255,99,14
255,255,255,100,14
255,255,255,101,14
255,255,255,102,14
255,255,255,103,14
255,255,255,104,14
255,255,255,105,14
255,255,255,106,14
255,255,255,107,14
255,255,255,108,14
255,255,255,109,14
255,255,255,110,14
255,255,255,111,14
255,255,255,112,14
255,255,255,113,14
255,255,255,114,14
255,255,255,115,14
255,255,255,116,14
255,255,255,117,14
255,255,255,118,14
255,255,255,119,14
255,255,255,120,14
255,255,255,121,14
255,255,255,122,14
255,255,255,123,14
255,255,255,124,14
255,255,255,125,14
255,255,255,126,14
255,255,255,127,14
255,255,255,128,14
255,255,255,129,14
255,255,255,130,14
255,255,255,131,14
255,255,255,132,14
255,255,255,133,14
255,255,255,134,14
255,255,255,135,14
255,255,255,136,14
255,255,255,137,14
255,255,255,138,14
255,255,255,139,14
255,255,255,140,14
255,255,255,141,14
255,255,255,142,14
255,255,255,143,14
255,255,255,144,14
255,255,255,145,14
255,255,255,146,14
255,255,255,147,14
255,255,255,148,14
255,255,255,149,14
255,255,255,150,14
255,255,255,151,14
255,255,255,152,14
255,255,255,153,14
255,255,255,154,14
255,255,255,155,14
255,255,255,156,14
255,255,255,157,14
255,255,255,158,14
255,255,255,159,14
255,255,255,160,14
255,255,255,161,14
255,255,255,162,14
255,255,255,163,14
255,255,255,164,14
255,255,255,165,14
255,255,255,166,14
255,255,255,167,14
255,255,255,168,14
255,255,255,169,14
255,255,255,170,14
255,255,255,171,14
255,255,255,172,14
255,255,255,173,14
255,255,255,174,14
255,255,255,175,14
255,255,255,176,14
255,255,255,177,14
255,255,255,178,14
255,255,255,179,14
255,255,255,180,14
255,255,255,181,14
255,255,255,182,14
255,255,255,183,14
255,255,255,184,14
255,255,255,185,14
255,255,255,186,14
255,255,255,187,14
255,255,255,188,14
255,255,255,189,14
255,255,255,190,14
255,255,255,191,14
255,255,255,192,14
255,255,255,193,14
255,255,255,194,14
255,255,255,195,14
255,255,255,196,14
255,255,255,197,14
255,255,255,198,14
255,255,255,199,14
255,255,255,0,15
255,255,255,1,15
255,255,255,2,15
255,255,255,3,15
255,255,255,4,15
255,255,255,5,15
255,255,255,6,15
255,255,255,7,15
255,255,255,8,15
255,255,255,9,15
255,255,255,10,15
255,255,255,11,15
255,255,255,12,15
255,255,255,13,15
255,255,255,14,15
255,255,255,15,15
255,255,255,16,15
255,255,255,17,15
255,255,255,18,15
255,255,255,19,15
255,255,255,20,15
255,255,255,21,15
255,255,255,22,15
255,255,255,23,15
255,255,255,24,15
255,255,255,25,15
255,255,255,26,15
255,255,255,27,15
255,255,255,28,15
255,255,255,29,15
255,255,255,30,15
255,255,255,31,15
255,255,255,32,15
255,255,255,33,15
255,255,255,34,15
255,255,255,35,15
255,255,255,36,15
255,255,255,37,15
255,255,255,38,15
255,255,255,39,15
255,255,255,40,15
255,255,255,41,15
255,255,255,42,15
255,255,255,43,15
255,255,255,44,15
255,255,255,45,15
255,255,255,46,15
255,255,255,47,15
255,255,255,48,15
255,255,255,49,15
255,255,255,50,15
255,255,255,51,15
255,255,255,52,15
255,255,255,53,15
255,255,255,54,15
255,255,255,55,15
255,255,255,56,15
255,255,255,57,15
255,255,255,58,15
255,255,255,59,15
255,255,255,60,15
255,255,255,61,15
255,255,255,62,15
255,255,255,63,15
255,255,255,64,15
255,255,255,65,15
255,255,255,66,15
255,255,255,67,15
255,255,255,68,15
255,255,255,69,15
255,255,255,70,15
255,255,255,71,15
255,255,255,72,15
255,255,255,73,15
255,255,255,74,15
255,255,255,75,15
255,255,255,76,15
255,255,255,77,15
255,255,255,78,15
255,255,255,79,15
255,255,255,80,15
255,255,255,81,15
255,255,255,82,15
255,255,255,83,15
255,255,255,84,15
255,255,255,85,15
255,255,255,86,15
255,255,255,87,15
255,255,255,88,15
255,255,255,89,15
255,255,255,90,15
255,255,255,91,15
255,255,255,92,15
255,255,255,93,15
255,255,255,94,15
255,255,255,95,15
255,255,255,96,15
255,255,255,97,15
255,255,255,98,15
255,255,255,99,15
255,255,255,100,15
255,255,255,101,15
255,255,255,102,15
255,255,255,103,15
255,255,255,104,15
255,255,255,105,15
255,255,255,106,15
255,255,255,107,15
255,255,255,108,15
255,255,255,109,15
255,255,255,110,15
255,255,255,111,15
255,255,255,112,15
255,255,255,113,15
255,255,255,114,15
255,255,255,115,15
255,255,255,116,15
255,255,255,117,15
255,255,255,118,15
255,255,255,119,15
255,255,255,120,15
255,255,255,121,15
255,255,255,122,15
255,255,255,123,15
255,255,255,124,15
255,255,255,125,15
255,255,255,126,15
255,255,255,127,15
255,255,255,128,15
255,255,255,129,15
255,255,255,130,15
255,255,255,131,15
255,255,255,132,15
255,255,255,133,15
255,255,255,134,15
255,255,255,135,15
255,255,255,136,15
255,255,255,137,15
255,255,255,138,15
255,255,255,139,15
255,255,255,140,15
255,255,255,141,15
255,255,255,142,15
255,255,255,143,15
255,255,255,144,15
255,255,255,145,15
255,255,255,146,15
255,255,255,147,15
255,255,255,148,15
255,255,255,149,15
255,255,255,150,15
255,255,255,151,15
255,255,255,152,15
255,255,255,153,15
255,255,255,154,15
255,255,255,155,15
255,255,255,156,15
255,255,255,157,15
255,255,255,158,15
255,255,255,159,15
255,255,255,160,15
255,255,255,161,15
255,255,255,162,15
255,255,255,163,15
255,255,255,164,15
255,255,255,165,15
255,255,255,166,15
255,255,255,167,15
255,255,255,168,15
255,255,255,169,15
255,255,255,170,15
255,255,255,171,15
255,255,255,172,15
255,255,255,173,15
255,255,255,174,15
255,255,255,175,15
255,255,255,176,15
255,255,255,177,15
255,255,255,178,15
255,255,255,179,15
255,255,255,180,15
255,255,255,181,15
255,255,255,182,15
255,255,255,183,15
255,255,255,184,15
255,255,255,185,15
255,255,255,186,15
255,255,255,187,15
255,255,255,188,15
255,255,255,189,15
255,255,255,190,15
255,255,255,191,15
255,255,255,192,15
255,255,255,193,15
255,255,255,194,15
255,255,255,195,15
255,255,255,196,15
255,255,255,197,15
255,255,255,198,15
255,255,255,199,15
255,255,255,0,16
255,255,255,1,16
255,255,255,2,16
255,255,255,3,16
255,255,255,4,16
255,255,255,5,16
255,255,255,6,16
255,255,255,7,16
255,255,255,8,16
255,255,255,9,16
255,255,255,10,16
255,255,255,11,16
255,255,255,12,16
255,255,255,13,16
255,255,255,14,16
255,255,255,15,16
255,255,255,16,16
255,255,255,17,16
255,255,255,18,16
255,255,255,19,16
255,255,255,20,16
255,255,255,21,16
255,255,255,22,16
255,255,255,23,16
255,255,255,24,16
255,255,255,25,16
255,255,255,26,16
255,255,255,27,16
255,255,255,28,16
255,255,255,29,16
255,255,255,30,16
255,255,255,31,16
255,255,255,32,16
255,255,255,33,16
255,255,255,34,16
255,255,255,35,16
255,255,255,36,16
255,255,255,37,16
255,255,255,38,16
255,255,255,39,16
255,255,255,40,16
254,254,254,41,16
255,255,255,42,16
255,255,255,43,16
253,253,253,44,16
254,254,254,45,16
255,255,255,46,16
255,255,255,47,16
255,255,255,48,16
255,255,255,49,16
255,255,255,50,16
255,255,255,51,16
255,255,255,52,16
255,255,255,53,16
255,255,255,54,16
255,255,255,55,16
255,255,255,56,16
255,255,255,57,16
255,255,255,58,16
255,255,255,59,16
255,255,255,60,16
255,255,255,61,16
255,255,255,62,16
255,255,255,63,16
255,255,255,64,16
255,255,255,65,16
255,255,255,66,16
255,255,255,67,16
255,255,255,68,16
255,255,255,69,16
255,255,255,70,16
255,255,255,71,16
255,255,255,72,16
255,255,255,73,16
255,255,255,74,16
255,255,255,75,16
255,255,255,76,16
255,255,255,77,16
255,255,255,78,16
255,255,255,79,16
255,255,255,80,16
255,255,255,81,16
255,255,255,82,16
255,255,255,83,16
255,255,255,84,16
255,255,255,85,16
255,255,255,86,16
255,255,255,87,16
255,255,255,88,16
255,255,255,89,16
255,255,255,90,16
255,255,255,91,16
255,255,255,92,16
255,255,255,93,16
255,255,255,94,16
255,255,255,95,16
255,255,255,96,16
255,255,255,97,16
255,255,255,98,16
255,255,255,99,16
255,255,255,100,16
255,255,255,101,16
255,255,255,102,16
255,255,255,103,16
255,255,255,104,16
255,255,255,105,16
255,255,255,106,16
255,255,255,107,16
255,255,255,108,16
255,255,255,109,16
255,255,255,110,16
255,255,255,111,16
255,255,255,112,16
255,255,255,113,16
255,255,255,114,16
255,255,255,115,16
255,255,255,116,16
255,255,255,117,16
255,255,255,118,16
255,255,255,119,16
255,255,255,120,16
255,255,255,121,16
255,255,255,122,16
255,255,255,123,16
255,255,255,124,16
255,255,255,125,16
255,255,255,126,16
255,255,255,127,16
255,255,255,128,16
255,255,255,129,16
255,255,255,130,16
255,255,255,131,16
255,255,255,132,16
255,255,255,133,16
255,255,255,134,16
255,255,255,135,16
255,255,255,136,16
255,255,255,137,16
255,255,255,138,16
255,255,255,139,16
255,255,255,140,16
255,255,255,141,16
255,255,255,142,16
255,255,255,143,16
255,255,255,144,16
255,255,255,145,16
254,254,254,146,16
254,254,254,147,16
255,255,255,148,16
255,255,255,149,16
255,255,255,150,16
255,255,255,151,16
255,255,255,152,16
255,255,255,153,16
255,255,255,154,16
255,255,255,155,16
255,255,255,156,16
255,255,255,157,16
255,255,255,158,16
255,255,255,159,16
255,255,255,160,16
255,255,255,161,16
255,255,255,162,16
255,255,255,163,16
255,255,255,164,16
255,255,255,165,16
255,255,255,166,16
255,255,255,167,16
255,255,255,168,16
255,255,255,169,16
255,255,255,170,16
255,255,255,171,16
255,255,255,172,16
255,255,255,173,16
255,255,255,174,16
255,255,255,175,16
255,255,255,176,16
255,255,255,177,16
255,255,255,178,16
255,255,255,179,16
255,255,255,180,16
255,255,255,181,16
255,255,255,182,16
255,255,255,183,16
255,255,255,184,16
255,255,255,185,16
255,255,255,186,16
255,255,255,187,16
255,255,255,188,16
255,255,255,189,16
255,255,255,190,16
255,255,255,191,16
255,255,255,192,16
255,255,255,193,16
255,255,255,194,16
255,255,255,195,16
255,255,255,196,16
255,255,255,197,16
255,255,255,198,16
255,255,255,199,16
255,255,255,0,17
255,255,255,1,17
255,255,255,2,17
255,255,255,3,17
255,255,255,4,17
255,255,255,5,17
255,255,255,6,17
255,255,255,7,17
255,255,255,8,17
255,255,255,9,17
255,255,255,10,17
255,255,255,11,17
255,255,255,12,17
255,255,255,13,17
255,255,255,14,17
255,255,255,15,17
255,255,255,16,17
255,255,255,17,17
255,255,255,18,17
255,255,255,19,17
255,255,255,20,17
255,255,255,21,17
255,255,255,22,17
255,255,255,23,17
255,255,255,24,17
255,255,255,25,17
255,255,255,26,17
255,255,255,27,17
255,255,255,28,17
255,255,255,29,17
255,255,255,30,17
255,255,255,31,17
255,255,255,32,17
255,255,255,33,17
255,255,255,34,17
255,255,255,35,17
255,255,255,36,17
255,255,255,37,17
255,255,255,38,17
255,255,255,39,17
254,254,254,40,17
254,254,254,41,17
253,253,253,42,17
255,255,255,43,17
254,254,254,44,17
254,254,254,45,17
254,254,254,46,17
254,254,254,47,17
255,255,255,48,17
255,255,255,49,17
255,255,255,50,17
255,255,255,51,17
255,255,255,52,17
255,255,255,53,17
255,255,255,54,17
255,255,255,55,17
255,255,255,56,17
255,255,255,57,17
255,255,255,58,17
255,255,255,59,17
255,255,255,60,17
255,255,255,61,17
255,255,255,62,17
255,255,255,63,17
255,255,255,64,17
255,255,255,65,17
255,255,255,66,17
255,255,255,67,17
255,255,255,68,17
255,255,255,69,17
255,255,255,70,17
255,255,255,71,17
255,255,255,72,17
255,255,255,73,17
255,255,255,74,17
255,255,255,75,17
255,255,255,76,17
255,255,255,77,17
255,255,255,78,17
255,255,255,79,17
255,255,255,80,17
255,255,255,81,17
255,255,255,82,17
255,255,255,83,17
255,255,255,84,17
255,255,255,85,17
255,255,255,86,17
255,255,255,87,17
255,255,255,88,17
255,255,255,89,17
255,255,255,90,17
255,255,255,91,17
255,255,255,92,17
255,255,255,93,17
255,255,255,94,17
255,255,255,95,17
255,255,255,96,17
255,255,255,97,17
255,255,255,98,17
255,255,255,99,17
255,255,255,100,17
255,255,255,101,17
255,255,255,102,17
255,255,255,103,17
255,255,255,104,17
255,255,255,105,17
255,255,255,106,17
255,255,255,107,17
255,255,255,108,17
255,255,255,109,17
255,255,255,110,17
255,255,255,111,17
255,255,255,112,17
255,255,255,113,17
255,255,255,114,17
255,255,255,115,17
255,255,255,116,17
255,255,255,117,17
255,255,255,118,17
255,255,255,119,17
255,255,255,120,17
255,255,255,121,17
255,255,255,122,17
255,255,255,123,17
255,255,255,124,17
255,255,255,125,17
255,255,255,126,17
255,255,255,127,17
255,255,255,128,17
255,255,255,129,17
255,255,255,130,17
255,255,255,131,17
255,255,255,132,17
255,255,255,133,17
255,255,255,134,17
255,255,255,135,17
255,255,255,136,17
255,255,255,137,17
255,255,255,138,17
255,255,255,139,17
255,255,255,140,17
255,255,255,141,17
255,255,255,142,17
255,255,255,143,17
254,254,254,144,17
254,254,254,145,17
253,253,253,146,17
253,253,253,147,17
253,253,253,148,17
254,254,254,149,17
255,255,255,150,17
255,255,255,151,17
255,255,255,152,17
255,255,255,153,17
255,255,255,154,17
255,255,255,155,17
255,255,255,156,17
255,255,255,157,17
255,255,255,158,17
255,255,255,159,17
255,255,255,160,17
255,255,255,161,17
255,255,255,162,17
255,255,255,163,17
255,255,255,164,17
255,255,255,165,17
255,255,255,166,17
255,255,255,167,17
255,255,255,168,17
255,255,255,169,17
255,255,255,170,17
255,255,255,171,17
255,255,255,172,17
255,255,255,173,17
255,255,255,174,17
255,255,255,175,17
255,255,255,176,17
255,255,255,177,17
255,255,255,178,17
255,255,255,179,17
255,255,255,180,17
255,255,255,181,17
255,255,255,182,17
255,255,255,183,17
255,255,255,184,17
255,255,255,185,17
255,255,255,186,17
255,255,255,187,17
255,255,255,188,17
255,255,255,189,17
255,255,255,190,17
255,255,255,191,17
255,255,255,192,17
255,255,255,193,17
255,255,255,194,17
255,255,255,195,17
255,255,255,196,17
255,255,255,197,17
255,255,255,198,17
255,255,255,199,17
255,255,255,0,18
255,255,255,1,18
255,255,255,2,18
255,255,255,3,18
255,255,255,4,18
255,255,255,5,18
255,255,255,6,18
255,255,255,7,18
255,255,255,8,18
255,255,255,9,18
255,255,255,10,18
255,255,255,11,18
255,255,255,12,18
255,255,255,13,18
255,255,255,14,18
255,255,255,15,18
255,255,255,16,18
255,255,255,17,18
255,255,255,18,18
255,255,255,19,18
255,255,255,20,18
255,255,255,21,18
255,255,255,22,18
255,255,255,23,18
255,255,255,24,18
255,255,255,25,18
255,255,255,26,18
255,255,255,27,18
255,255,255,28,18
255,255,255,29,18
255,255,255,30,18
255,255,255,31,18
255,255,255,32,18
255,255,255,33,18
255,255,255,34,18
255,255,255,35,18
255,255,255,36,18
255,255,255,37,18
255,255,255,38,18
255,255,255,39,18
254,254,254,40,18
254,254,254,41,18
245,245,245,42,18
250,250,250,43,18
254,254,254,44,18
254,254,254,45,18
254,254,254,46,18
253,253,253,47,18
252,252,252,48,18
252,252,252,49,18
251,251,251,50,18
251,251,251,51,18
251,251,251,52,18
252,252,252,53,18
253,253,253,54,18
253,253,253,55,18
253,253,253,56,18
253,253,253,57,18
253,253,253,58,18
254,254,254,59,18
255,255,255,60,18
255,255,255,61,18
255,255,255,62,18
255,255,255,63,18
255,255,255,64,18
255,255,255,65,18
255,255,255,66,18
255,255,255,67,18
255,255,255,68,18
255,255,255,69,18
255,255,255,70,18
255,255,255,71,18
255,255,255,72,18
255,255,255,73,18
255,255,255,74,18
255,255,255,75,18
255,255,255,76,18
255,255,255,77,18
255,255,255,78,18
255,255,255,79,18
255,255,255,80,18
255,255,255,81,18
255,255,255,82,18
255,255,255,83,18
255,255,255,84,18
255,255,255,85,18
255,255,255,86,18
255,255,255,87,18
255,255,255,88,18
255,255,255,89,18
255,255,255,90,18
255,255,255,91,18
255,255,255,92,18
255,255,255,93,18
255,255,255,94,18
255,255,255,95,18
254,254,254,96,18
254,254,254,97,18
255,255,255,98,18
255,255,255,99,18
255,255,255,100,18
255,255,255,101,18
255,255,255,102,18
255,255,255,103,18
255,255,255,104,18
255,255,255,105,18
255,255,255,106,18
255,255,255,107,18
255,255,255,108,18
255,255,255,109,18
255,255,255,110,18
255,255,255,111,18
255,255,255,112,18
255,255,255,113,18
255,255,255,114,18
255,255,255,115,18
255,255,255,116,18
255,255,255,117,18
255,255,255,118,18
255,255,255,119,18
255,255,255,120,18
255,255,255,121,18
255,255,255,122,18
255,255,255,123,18
255,255,255,124,18
255,255,255,125,18
255,255,255,126,18
255,255,255,127,18
255,255,255,128,18
255,255,255,129,18
255,255,255,130,18
255,255,255,131,18
255,255,255,132,18
255,255,255,133,18
255,255,255,134,18
255,255,255,135,18
255,255,255,136,18
255,255,255,137,18
254,254,254,138,18
254,254,254,139,18
254,254,254,140,18
253,253,253,141,18
253,253,253,142,18
251,251,251,143,18
249,249,249,144,18
246,246,246,145,18
247,247,247,146,18
249,249,249,147,18
251,251,251,148,18
252,252,252,149,18
254,254,254,150,18
254,254,254,151,18
255,255,255,152,18
255,255,255,153,18
255,255,255,154,18
255,255,255,155,18
255,255,255,156,18
255,255,255,157,18
255,255,255,158,18
255,255,255,159,18
255,255,255,160,18
255,255,255,161,18
255,255,255,162,18
255,255,255,163,18
255,255,255,164,18
255,255,255,165,18
255,255,255,166,18
255,255,255,167,18
255,255,255,168,18
255,255,255,169,18
255,255,255,170,18
255,255,255,171,18
255,255,255,172,18
255,255,255,173,18
255,255,255,174,18
255,255,255,175,18
255,255,255,176,18
255,255,255,177,18
255,255,255,178,18
255,255,255,179,18
255,255,255,180,18
255,255,255,181,18
255,255,255,182,18
255,255,255,183,18
255,255,255,184,18
255,255,255,185,18
255,255,255,186,18
255,255,255,187,18
255,255,255,188,18
255,255,255,189,18
255,255,255,190,18
255,255,255,191,18
255,255,255,192,18
255,255,255,193,18
255,255,255,194,18
255,255,255,195,18
255,255,255,196,18
255,255,255,197,18
255,255,255,198,18
255,255,255,199,18
255,255,255,0,19
255,255,255,1,19
255,255,255,2,19
255,255,255,3,19
255,255,255,4,19
255,255,255,5,19
255,255,255,6,19
255,255,255,7,19
255,255,255,8,19
255,255,255,9,19
255,255,255,10,19
255,255,255,11,19
255,255,255,12,19
255,255,255,13,19
255,255,255,14,19
255,255,255,15,19
255,255,255,16,19
255,255,255,17,19
255,255,255,18,19
255,255,255,19,19
255,255,255,20,19
255,255,255,21,19
255,255,255,22,19
255,255,255,23,19
255,255,255,24,19
255,255,255,25,19
255,255,255,26,19
255,255,255,27,19
255,255,255,28,19
255,255,255,29,19
255,255,255,30,19
255,255,255,31,19
255,255,255,32,19
255,255,255,33,19
255,255,255,34,19
255,255,255,35,19
255,255,255,36,19
255,255,255,37,19
255,255,255,38,19
255,255,255,39,19
254,254,254,40,19
254,254,254,41,19
251,251,251,42,19
254,254,254,43,19
255,255,255,44,19
254,254,254,45,19
255,255,255,46,19
255,255,255,47,19
255,255,255,48,19
254,254,254,49,19
253,253,253,50,19
253,253,253,51,19
252,252,252,52,19
250,250,250,53,19
249,249,249,54,19
246,246,246,55,19
245,245,245,56,19
242,242,242,57,19
241,241,241,58,19
243,243,243,59,19
243,243,243,60,19
242,243,243,61,19
239,239,239,62,19
236,236,236,63,19
234,234,234,64,19
242,242,242,65,19
246,246,246,66,19
248,248,248,67,19
248,248,248,68,19
248,248,248,69,19
248,248,248,70,19
248,248,248,71,19
250,250,250,72,19
252,252,252,73,19
251,251,251,74,19
251,251,251,75,19
252,252,252,76,19
253,253,253,77,19
254,254,254,78,19
254,254,254,79,19
253,253,253,80,19
253,253,253,81,19
253,253,253,82,19
253,253,253,83,19
253,253,253,84,19
254,254,254,85,19
255,255,255,86,19
255,255,255,87,19
255,255,255,88,19
254,254,254,89,19
255,255,255,90,19
255,255,255,91,19
255,255,255,92,19
254,254,254,93,19
254,254,254,94,19
254,254,254,95,19
254,254,254,96,19
254,254,254,97,19
255,255,255,98,19
255,255,255,99,19
255,255,255,100,19
255,255,255,101,19
255,255,255,102,19
255,255,255,103,19
255,255,255,104,19
255,255,255,105,19
254,254,254,106,19
254,254,254,107,19
254,254,254,108,19
255,255,255,109,19
255,255,255,110,19
255,255,255,111,19
255,255,255,112,19
255,255,255,113,19
255,255,255,114,19
254,254,254,115,19
254,254,254,116,19
254,254,254,117,19
253,253,253,118,19
252,252,252,119,19
253,253,253,120,19
252,252,252,121,19
251,251,251,122,19
250,250,250,123,19
249,249,249,124,19
248,248,248,125,19
247,247,247,126,19
246,246,246,127,19
248,248,248,128,19
244,244,244,129,19
244,244,244,130,19
244,244,244,131,19
240,240,240,132,19
239,239,238,133,19
238,238,238,134,19
237,237,237,135,19
237,237,237,136,19
237,237,237,137,19
242,242,242,138,19
245,245,245,139,19
248,248,248,140,19
250,250,250,141,19
251,251,251,142,19
251,251,251,143,19
252,252,252,144,19
253,253,253,145,19
254,254,254,146,19
254,254,254,147,19
255,255,255,148,19
255,255,255,149,19
254,254,254,150,19
253,253,253,151,19
255,255,255,152,19
255,255,255,153,19
255,255,255,154,19
255,255,255,155,19
255,255,255,156,19
255,255,255,157,19
255,255,255,158,19
255,255,255,159,19
255,255,255,160,19
255,255,255,161,19
255,255,255,162,19
255,255,255,163,19
255,255,255,164,19
255,255,255,165,19
255,255,255,166,19
255,255,255,167,19
255,255,255,168,19
255,255,255,169,19
255,255,255,170,19
255,255,255,171,19
255,255,255,172,19
255,255,255,173,19
255,255,255,174,19
255,255,255,175,19
255,255,255,176,19
255,255,255,177,19
255,255,255,178,19
255,255,255,179,19
255,255,255,180,19
255,255,255,181,19
255,255,255,182,19
255,255,255,183,19
255,255,255,184,19
255,255,255,185,19
255,255,255,186,19
255,255,255,187,19
255,255,255,188,19
255,255,255,189,19
255,255,255,190,19
255,255,255,191,19
255,255,255,192,19
255,255,255,193,19
255,255,255,194,19
255,255,255,195,19
255,255,255,196,19
255,255,255,197,19
255,255,255,198,19
255,255,255,199,19
255,255,255,0,20
255,255,255,1,20
255,255,255,2,20
255,255,255,3,20
255,255,255,4,20
255,255,255,5,20
255,255,255,6,20
255,255,255,7,20
255,255,255,8,20
255,255,255,9,20
255,255,255,10,20
255,255,255,11,20
255,255,255,12,20
255,255,255,13,20
255,255,255,14,20
255,255,255,15,20
255,255,255,16,20
255,255,255,17,20
255,255,255,18,20
255,255,255,19,20
255,255,255,20,20
255,255,255,21,20
255,255,255,22,20
255,255,255,23,20
255,255,255,24,20
255,255,255,25,20
255,255,255,26,20
255,255,255,27,20
255,255,255,28,20
255,255,255,29,20
255,255,255,30,20
255,255,255,31,20
255,255,255,32,20
255,255,255,33,20
255,255,255,34,20
255,255,255,35,20
255,255,255,36,20
255,255,255,37,20
255,255,255,38,20
255,255,255,39,20
254,254,254,40,20
255,255,255,41,20
243,243,243,42,20
222,221,222,43,20
222,222,222,44,20
221,221,221,45,20
221,222,221,46,20
224,226,225,47,20
231,231,231,48,20
236,236,236,49,20
239,239,239,50,20
243,243,243,51,20
245,245,245,52,20
249,249,249,53,20
249,249,249,54,20
249,249,249,55,20
248,248,248,56,20
248,248,248,57,20
246,246,246,58,20
245,245,245,59,20
244,244,244,60,20
243,243,243,61,20
238,238,238,62,20
227,227,227,63,20
216,216,216,64,20
235,235,235,65,20
243,243,243,66,20
241,241,241,67,20
238,238,238,68,20
238,238,238,69,20
237,237,237,70,20
236,236,236,71,20
237,237,237,72,20
238,238,238,73,20
239,239,239,74,20
239,239,239,75,20
239,239,239,76,20
239,239,239,77,20
240,240,240,78,20
240,240,240,79,20
239,239,239,80,20
238,238,238,81,20
239,239,239,82,20
240,240,240,83,20
241,241,241,84,20
242,242,242,85,20
240,240,240,86,20
239,239,239,87,20
237,237,237,88,20
230,230,230,89,20
225,225,225,90,20
223,223,223,91,20
221,221,221,92,20
220,220,220,93,20
221,221,221,94,20
229,229,229,95,20
238,238,238,96,20
240,240,240,97,20
247,247,247,98,20
246,246,246,99,20
245,245,245,100,20
243,243,243,101,20
243,243,243,102,20
243,243,243,103,20
244,244,244,104,20
244,244,244,105,20
243,243,243,106,20
242,242,242,107,20
242,242,242,108,20
243,243,243,109,20
244,244,244,110,20
244,244,244,111,20
244,244,244,112,20
244,244,243,113,20
244,244,243,114,20
242,242,242,115,20
242,242,242,116,20
241,241,241,117,20
239,239,239,118,20
237,237,237,119,20
235,235,235,120,20
230,230,230,121,20
228,228,228,122,20
228,228,228,123,20
226,226,226,124,20
227,227,227,125,20
229,229,229,126,20
233,233,233,127,20
244,244,244,128,20
229,229,229,129,20
231,232,232,130,20
232,232,232,131,20
227,228,228,132,20
228,229,229,133,20
231,232,232,134,20
234,235,235,135,20
239,239,239,136,20
244,244,244,137,20
244,244,244,138,20
244,244,244,139,20
243,243,243,140,20
242,242,242,141,20
241,241,241,142,20
241,241,242,143,20
240,240,240,144,20
238,238,238,145,20
233,233,233,146,20
230,230,230,147,20
228,228,228,148,20
231,231,231,149,20
231,231,231,150,20
250,250,250,151,20
255,255,255,152,20
255,255,255,153,20
255,255,255,154,20
255,255,255,155,20
255,255,255,156,20
255,255,255,157,20
255,255,255,158,20
255,255,255,159,20
255,255,255,160,20
255,255,255,161,20
255,255,255,162,20
255,255,255,163,20
255,255,255,164,20
255,255,255,165,20
255,255,255,166,20
255,255,255,167,20
255,255,255,168,20
255,255,255,169,20
255,255,255,170,20
255,255,255,171,20
255,255,255,172,20
255,255,255,173,20
255,255,255,174,20
255,255,255,175,20
255,255,255,176,20
255,255,255,177,20
255,255,255,178,20
255,255,255,179,20
255,255,255,180,20
255,255,255,181,20
255,255,255,182,20
255,255,255,183,20
255,255,255,184,20
255,255,255,185,20
255,255,255,186,20
255,255,255,187,20
255,255,255,188,20
255,255,255,189,20
255,255,255,190,20
255,255,255,191,20
255,255,255,192,20
255,255,255,193,20
255,255,255,194,20
255,255,255,195,20
255,255,255,196,20
255,255,255,197,20
255,255,255,198,20
255,255,255,199,20
255,255,255,0,21
255,255,255,1,21
255,255,255,2,21
255,255,255,3,21
255,255,255,4,21
255,255,255,5,21
255,255,255,6,21
255,255,255,7,21
255,255,255,8,21
255,255,255,9,21
255,255,255,10,21
255,255,255,11,21
255,255,255,12,21
255,255,255,13,21
255,255,255,14,21
255,255,255,15,21
255,255,255,16,21
255,255,255,17,21
255,255,255,18,21
255,255,255,19,21
255,255,255,20,21
255,255,255,21,21
255,255,255,22,21
255,255,255,23,21
255,255,255,24,21
255,255,255,25,21
255,255,255,26,21
255,255,255,27,21
255,255,255,28,21
255,255,255,29,21
255,255,255,30,21
255,255,255,31,21
255,255,255,32,21
255,255,255,33,21
255,255,255,34,21
255,255,255,35,21
255,255,255,36,21
255,255,255,37,21
255,255,255,38,21
255,255,255,39,21
255,255,255,40,21
255,255,255,41,21
227,227,227,42,21
147,147,147,43,21
138,139,141,44,21
120,121,123,45,21
106,107,109,46,21
103,105,104,47,21
104,105,105,48,21
111,111,111,49,21
120,120,120,50,21
128,128,128,51,21
137,137,137,52,21
138,138,139,53,21
146,146,146,54,21
153,153,153,55,21
159,159,159,56,21
169,169,169,57,21
177,177,177,58,21
186,185,187,59,21
192,190,191,60,21
198,196,196,61,21
200,199,198,62,21
194,194,194,63,21
191,191,191,64,21
208,208,208,65,21
214,214,214,66,21
214,214,214,67,21
220,220,220,68,21
223,223,223,69,21
226,226,226,70,21
228,228,228,71,21
231,231,231,72,21
232,232,232,73,21
233,233,233,74,21
233,233,234,75,21
234,234,236,76,21
234,234,236,77,21
236,235,236,78,21
236,234,236,79,21
237,235,236,80,21
237,237,237,81,21
237,237,237,82,21
237,237,237,83,21
238,238,238,84,21
239,239,239,85,21
236,236,236,86,21
232,232,233,87,21
230,230,229,88,21
224,224,222,89,21
221,221,219,90,21
219,219,219,91,21
219,219,219,92,21
218,218,218,93,21
220,220,219,94,21
229,229,229,95,21
226,226,225,96,21
216,216,215,97,21
237,237,237,98,21
239,239,241,99,21
237,237,239,100,21
237,237,238,101,21
237,237,238,102,21
236,236,238,103,21
238,238,240,104,21
239,239,239,105,21
240,240,241,106,21
240,240,242,107,21
239,239,241,108,21
240,240,241,109,21
240,240,240,110,21
241,241,241,111,21
240,240,240,112,21
239,239,237,113,21
238,238,237,114,21
236,236,236,115,21
233,233,233,116,21
229,230,230,117,21
227,227,227,118,21
223,223,223,119,21
221,221,221,120,21
218,218,219,121,21
216,216,217,122,21
216,216,216,123,21
214,214,214,124,21
210,210,210,125,21
209,209,209,126,21
209,209,209,127,21
209,211,210,128,21
194,196,195,129,21
194,196,195,130,21
197,197,196,131,21
192,194,192,132,21
192,193,194,133,21
184,185,187,134,21
176,177,179,135,21
170,170,172,136,21
162,163,164,137,21
157,155,156,138,21
154,153,153,139,21
155,156,155,140,21
151,153,151,141,21
125,127,126,142,21
124,124,126,143,21
122,122,123,144,21
117,117,117,145,21
119,119,118,146,21
125,125,123,147,21
134,134,133,148,21
144,144,143,149,21
162,162,162,150,21
247,247,247,151,21
255,255,255,152,21
255,255,255,153,21
255,255,255,154,21
255,255,255,155,21
255,255,255,156,21
255,255,255,157,21
255,255,255,158,21
255,255,255,159,21
255,255,255,160,21
255,255,255,161,21
255,255,255,162,21
255,255,255,163,21
255,255,255,164,21
255,255,255,165,21
255,255,255,166,21
255,255,255,167,21
255,255,255,168,21
255,255,255,169,21
255,255,255,170,21
255,255,255,171,21
255,255,255,172,21
255,255,255,173,21
255,255,255,174,21
255,255,255,175,21
255,255,255,176,21
255,255,255,177,21
255,255,255,178,21
255,255,255,179,21
255,255,255,180,21
255,255,255,181,21
255,255,255,182,21
255,255,255,183,21
255,255,255,184,21
255,255,255,185,21
255,255,255,186,21
255,255,255,187,21
255,255,255,188,21
255,255,255,189,21
255,255,255,190,21
255,255,255,191,21
255,255,255,192,21
255,255,255,193,21
255,255,255,194,21
255,255,255,195,21
255,255,255,196,21
255,255,255,197,21
255,255,255,198,21
255,255,255,199,21
255,255,255,0,22
255,255,255,1,22
255,255,255,2,22
255,255,255,3,22
255,255,255,4,22
255,255,255,5,22
255,255,255,6,22
255,255,255,7,22
255,255,255,8,22
255,255,255,9,22
255,255,255,10,22
255,255,255,11,22
255,255,255,12,22
255,255,255,13,22
255,255,255,14,22
255,255,255,15,22
255,255,255,16,22
255,255,255,17,22
255,255,255,18,22
255,255,255,19,22
255,255,255,20,22
255,255,255,21,22
255,255,255,22,22
255,255,255,23,22
255,255,255,24,22
255,255,255,25,22
255,255,255,26,22
255,255,255,27,22
255,255,255,28,22
255,255,255,29,22
255,255,255,30,22
255,255,255,31,22
255,255,255,32,22
255,255,255,33,22
255,255,255,34,22
255,255,255,35,22
255,255,255,36,22
255,255,255,37,22
255,255,255,38,22
255,255,255,39,22
255,255,255,40,22
255,255,255,41,22
243,243,243,42,22
158,159,159,43,22
146,147,148,44,22
128,129,132,45,22
108,109,111,46,22
92,93,94,47,22
83,83,83,48,22
81,80,81,49,22
79,79,79,50,22
66,66,66,51,22
111,111,111,52,22
98,98,98,53,22
75,75,75,54,22
75,75,75,55,22
76,76,77,56,22
75,75,76,57,22
76,76,78,58,22
88,87,90,59,22
115,112,113,60,22
93,91,90,61,22
92,91,91,62,22
92,93,93,63,22
93,94,94,64,22
113,113,113,65,22
129,129,129,66,22
109,109,109,67,22
110,110,110,68,22
115,115,115,69,22
121,121,121,70,22
125,125,124,71,22
127,127,127,72,22
131,131,131,73,22
133,133,133,74,22
136,136,137,75,22
138,138,141,76,22
139,139,142,77,22
139,140,144,78,22
141,142,145,79,22
144,145,145,80,22
148,148,148,81,22
154,154,154,82,22
157,157,157,83,22
162,163,162,84,22
174,175,174,85,22
185,186,187,86,22
185,185,186,87,22
182,182,182,88,22
180,180,179,89,22
176,176,175,90,22
174,174,174,91,22
172,172,172,92,22
174,174,174,93,22
179,179,178,94,22
179,179,178,95,22
171,171,170,96,22
168,168,168,97,22
179,179,181,98,22
182,182,184,99,22
181,181,181,100,22
182,182,182,101,22
187,187,189,102,22
189,191,194,103,22
183,185,189,104,22
182,182,184,105,22
181,181,182,106,22
184,184,187,107,22
177,176,178,108,22
166,166,165,109,22
160,160,160,110,22
152,152,152,111,22
148,148,148,112,22
142,142,142,113,22
141,141,141,114,22
140,141,143,115,22
148,149,153,116,22
140,142,145,117,22
133,133,134,118,22
130,130,130,119,22
130,130,132,120,22
137,138,140,121,22
143,146,148,122,22
124,124,125,123,22
118,118,118,124,22
113,113,113,125,22
110,110,110,126,22
109,109,110,127,22
104,104,106,128,22
96,98,98,129,22
93,94,93,130,22
91,93,91,131,22
90,91,91,132,22
97,98,100,133,22
100,100,102,134,22
90,92,94,135,22
75,76,78,136,22
75,75,77,137,22
75,73,74,138,22
76,76,75,139,22
79,81,80,140,22
78,81,79,141,22
74,75,76,142,22
77,75,78,143,22
85,85,86,144,22
91,91,92,145,22
101,101,102,146,22
120,120,120,147,22
139,138,138,148,22
143,143,144,149,22
181,181,181,150,22
255,255,255,151,22
254,254,252,152,22
255,255,253,153,22
255,255,255,154,22
255,255,255,155,22
255,255,255,156,22
255,255,255,157,22
255,255,255,158,22
255,255,255,159,22
255,255,255,160,22
255,255,255,161,22
255,255,255,162,22
255,255,255,163,22
255,255,255,164,22
255,255,255,165,22
255,255,255,166,22
255,255,255,167,22
255,255,255,168,22
255,255,255,169,22
255,255,255,170,22
255,255,255,171,22
255,255,255,172,22
255,255,255,173,22
255,255,255,174,22
255,255,255,175,22
255,255,255,176,22
255,255,255,177,22
255,255,255,178,22
255,255,255,179,22
255,255,255,180,22
255,255,255,181,22
255,255,255,182,22
255,255,255,183,22
255,255,255,184,22
255,255,255,185,22
255,255,255,186,22
255,255,255,187,22
255,255,255,188,22
255,255,255,189,22
255,255,255,190,22
255,255,255,191,22
255,255,255,192,22
255,255,255,193,22
255,255,255,194,22
255,255,255,195,22
255,255,255,196,22
255,255,255,197,22
255,255,255,198,22
255,255,255,199,22
255,255,255,0,23
255,255,255,1,23
255,255,255,2,23
255,255,255,3,23
255,255,255,4,23
255,255,255,5,23
255,255,255,6,23
255,255,255,7,23
255,255,255,8,23
255,255,255,9,23
255,255,255,10,23
255,255,255,11,23
255,255,255,12,23
255,255,255,13,23
255,255,255,14,23
255,255,255,15,23
255,255,255,16,23
255,255,255,17,23
255,255,255,18,23
255,255,255,19,23
255,255,255,20,23
255,255,255,21,23
255,255,255,22,23
255,255,255,23,23
255,255,255,24,23
255,255,255,25,23
255,255,255,26,23
255,255,255,27,23
255,255,255,28,23
255,255,255,29,23
255,255,255,30,23
255,255,255,31,23
255,255,255,32,23
255,255,255,33,23
255,255,255,34,23
255,255,255,35,23
255,255,255,36,23
255,255,255,37,23
255,255,255,38,23
255,255,255,39,23
255,255,255,40,23
255,255,255,41,23
252,254,253,42,23
186,188,189,43,23
163,164,167,44,23
151,152,156,45,23
133,134,138,46,23
111,112,114,47,23
93,92,93,48,23
86,86,86,49,23
86,86,86,50,23
80,80,80,51,23
95,95,95,52,23
100,100,100,53,23
86,86,86,54,23
85,85,86,55,23
94,94,97,56,23
99,98,103,57,23
85,85,90,58,23
84,83,86,59,23
87,86,85,60,23
81,80,78,61,23
90,90,91,62,23
106,107,110,63,23
81,82,82,64,23
78,79,78,65,23
88,88,88,66,23
100,100,100,67,23
76,76,76,68,23
77,77,77,69,23
79,79,79,70,23
78,78,78,71,23
76,76,76,72,23
76,76,76,73,23
79,79,79,74,23
82,82,83,75,23
82,83,87,76,23
87,89,94,77,23
97,100,108,78,23
87,91,96,79,23
73,75,76,80,23
74,74,74,81,23
74,74,74,82,23
74,74,74,83,23
75,76,75,84,23
87,90,89,85,23
104,108,106,86,23
87,88,89,87,23
81,82,83,88,23
82,82,82,89,23
82,82,81,90,23
82,82,82,91,23
82,82,82,92,23
83,83,83,93,23
83,83,83,94,23
84,84,85,95,23
84,85,88,96,23
86,85,89,97,23
84,83,88,98,23
80,80,83,99,23
80,81,80,100,23
81,81,81,101,23
93,94,96,102,23
117,121,125,103,23
90,95,99,104,23
76,80,82,105,23
79,79,81,106,23
95,95,97,107,23
99,99,100,108,23
75,75,76,109,23
74,74,74,110,23
74,74,74,111,23
73,73,74,112,23
74,74,75,113,23
82,82,85,114,23
116,119,124,115,23
136,142,150,116,23
95,98,106,117,23
74,73,77,118,23
74,74,74,119,23
76,76,78,120,23
94,95,99,121,23
95,97,98,122,23
78,78,80,123,23
78,78,79,124,23
79,79,80,125,23
80,80,80,126,23
84,85,88,127,23
101,102,108,128,23
115,116,120,129,23
86,87,88,130,23
77,79,79,131,23
78,79,81,132,23
80,80,83,133,23
84,84,86,134,23
86,89,90,135,23
89,91,92,136,23
91,92,94,137,23
87,88,90,138,23
84,84,86,139,23
82,82,84,140,23
82,82,82,141,23
88,87,88,142,23
97,95,96,143,23
111,110,111,144,23
123,123,126,145,23
134,133,137,146,23
138,138,141,147,23
153,154,157,148,23
150,149,153,149,23
212,211,213,150,23
255,255,255,151,23
255,255,253,152,23
255,255,253,153,23
255,255,255,154,23
255,255,255,155,23
255,255,255,156,23
255,255,255,157,23
255,255,255,158,23
255,255,255,159,23
255,255,255,160,23
255,255,255,161,23
255,255,255,162,23
255,255,255,163,23
255,255,255,164,23
255,255,255,165,23
255,255,255,166,23
255,255,255,167,23
255,255,255,168,23
255,255,255,169,23
255,255,255,170,23
255,255,255,171,23
255,255,255,172,23
255,255,255,173,23
255,255,255,174,23
255,255,255,175,23
255,255,255,176,23
255,255,255,177,23
255,255,255,178,23
255,255,255,179,23
255,255,255,180,23
255,255,255,181,23
255,255,255,182,23
255,255,255,183,23
255,255,255,184,23
255,255,255,185,23
255,255,255,186,23
255,255,255,187,23
255,255,255,188,23
255,255,255,189,23
255,255,255,190,23
255,255,255,191,23
255,255,255,192,23
255,255,255,193,23
255,255,255,194,23
255,255,255,195,23
255,255,255,196,23
255,255,255,197,23
255,255,255,198,23
255,255,255,199,23
255,255,255,0,24
255,255,255,1,24
255,255,255,2,24
255,255,255,3,24
255,255,255,4,24
255,255,255,5,24
255,255,255,6,24
255,255,255,7,24
255,255,255,8,24
255,255,255,9,24
255,255,255,10,24
255,255,255,11,24
255,255,255,12,24
255,255,255,13,24
255,255,255,14,24
255,255,255,15,24
255,255,255,16,24
255,255,255,17,24
255,255,255,18,24
255,255,255,19,24
255,255,255,20,24
255,255,255,21,24
255,255,255,22,24
255,255,255,23,24
255,255,255,24,24
255,255,255,25,24
255,255,255,26,24
255,255,255,27,24
255,255,255,28,24
255,255,255,29,24
255,255,255,30,24
255,255,255,31,24
255,255,255,32,24
255,255,255,33,24
255,255,255,34,24
255,255,255,35,24
255,255,255,36,24
255,255,255,37,24
255,255,255,38,24
255,255,255,39,24
255,255,255,40,24
255,255,255,41,24
255,255,255,42,24
216,217,218,43,24
186,187,190,44,24
184,185,190,45,24
160,161,167,46,24
132,133,136,47,24
104,104,105,48,24
89,89,89,49,24
84,84,84,50,24
83,83,83,51,24
87,87,87,52,24
85,85,85,53,24
85,85,85,54,24
86,86,87,55,24
97,98,101,56,24
129,131,138,57,24
129,131,138,58,24
94,95,97,59,24
82,83,82,60,24
83,83,83,61,24
87,87,89,62,24
95,96,98,63,24
85,86,86,64,24
85,85,85,65,24
85,85,85,66,24
84,84,84,67,24
84,84,84,68,24
86,86,89,69,24
91,90,93,70,24
86,85,88,71,24
83,83,84,72,24
85,85,86,73,24
91,90,92,74,24
94,94,98,75,24
104,105,113,76,24
122,126,136,77,24
141,145,157,78,24
117,121,129,79,24
81,82,85,80,24
82,82,82,81,24
82,82,82,82,24
81,81,81,83,24
81,80,80,84,24
79,80,80,85,24
79,81,82,86,24
82,82,84,87,24
86,86,89,88,24
85,85,86,89,24
81,81,81,90,24
80,80,80,91,24
81,81,81,92,24
82,82,81,93,24
84,84,84,94,24
87,88,91,95,24
101,102,109,96,24
127,126,136,97,24
137,137,145,98,24
101,102,107,99,24
77,78,80,100,24
79,80,82,101,24
82,84,87,102,24
93,97,102,103,24
88,93,96,104,24
78,79,83,105,24
80,79,83,106,24
85,85,87,107,24
87,87,89,108,24
80,80,81,109,24
80,80,80,110,24
81,81,81,111,24
81,81,82,112,24
80,80,82,113,24
89,90,93,114,24
125,130,134,115,24
138,145,153,116,24
113,118,125,117,24
84,84,86,118,24
80,80,80,119,24
82,82,83,120,24
86,87,89,121,24
96,97,101,122,24
87,90,94,123,24
82,83,86,124,24
85,86,88,125,24
83,84,83,126,24
85,84,87,127,24
101,101,106,128,24
125,126,131,129,24
98,99,104,130,24
86,87,90,131,24
90,91,95,132,24
86,86,90,133,24
84,84,86,134,24
89,90,92,135,24
97,98,100,136,24
106,107,109,137,24
117,118,122,138,24
108,109,115,139,24
89,89,91,140,24
86,84,85,141,24
89,86,87,142,24
95,93,93,143,24
108,107,107,144,24
137,137,140,145,24
175,175,180,146,24
173,174,180,147,24
165,168,175,148,24
173,173,180,149,24
233,233,236,150,24
255,255,255,151,24
255,255,253,152,24
255,255,253,153,24
255,255,255,154,24
255,255,255,155,24
255,255,255,156,24
255,255,255,157,24
255,255,255,158,24
255,255,255,159,24
255,255,255,160,24
255,255,255,161,24
255,255,255,162,24
255,255,255,163,24
255,255,255,164,24
255,255,255,165,24
255,255,255,166,24
255,255,255,167,24
255,255,255,168,24
255,255,255,169,24
255,255,255,170,24
255,255,255,171,24
255,255,255,172,24
255,255,255,173,24
255,255,255,174,24
255,255,255,175,24
255,255,255,176,24
255,255,255,177,24
255,255,255,178,24
255,255,255,179,24
255,255,255,180,24
255,255,255,181,24
255,255,255,182,24
255,255,255,183,24
255,255,255,184,24
255,255,255,185,24
255,255,255,186,24
255,255,255,187,24
255,255,255,188,24
255,255,255,189,24
255,255,255,190,24
255,255,255,191,24
255,255,255,192,24
255,255,255,193,24
255,255,255,194,24
255,255,255,195,24
255,255,255,196,24
255,255,255,197,24
255,255,255,198,24
255,255,255,199,24
255,255,255,0,25
255,255,255,1,25
255,255,255,2,25
255,255,255,3,25
255,255,255,4,25
255,255,255,5,25
255,255,255,6,25
255,255,255,7,25
255,255,255,8,25
255,255,255,9,25
255,255,255,10,25
255,255,255,11,25
255,255,255,12,25
255,255,255,13,25
255,255,255,14,25
255,255,255,15,25
255,255,255,16,25
255,255,255,17,25
255,255,255,18,25
255,255,255,19,25
255,255,255,20,25
255,255,255,21,25
255,255,255,22,25
255,255,255,23,25
255,255,255,24,25
255,255,255,25,25
255,255,255,26,25
255,255,255,27,25
255,255,255,28,25
255,255,255,29,25
255,255,255,30,25
255,255,255,31,25
255,255,255,32,25
255,255,255,33,25
255,255,255,34,25
255,255,255,35,25
255,255,255,36,25
255,255,255,37,25
255,255,255,38,25
255,255,255,39,25
255,255,255,40,25
255,255,255,41,25
255,255,255,42,25
228,229,230,43,25
182,183,186,44,25
182,183,186,45,25
164,165,168,46,25
133,134,135,47,25
110,111,110,48,25
93,93,93,49,25
86,86,86,50,25
86,86,86,51,25
85,85,85,52,25
84,84,84,53,25
85,85,85,54,25
84,85,85,55,25
80,82,84,56,25
97,102,107,57,25
130,135,140,58,25
102,105,107,59,25
88,89,89,60,25
85,85,85,61,25
84,84,85,62,25
82,82,85,63,25
84,85,85,64,25
87,87,86,65,25
88,88,88,66,25
84,84,84,67,25
86,86,87,68,25
90,90,93,69,25
104,103,107,70,25
97,97,99,71,25
83,83,84,72,25
84,84,84,73,25
88,86,89,74,25
91,92,96,75,25
98,103,109,76,25
107,113,123,77,25
97,103,112,78,25
87,90,95,79,25
83,83,85,80,25
84,84,84,81,25
83,83,83,82,25
83,83,83,83,25
82,83,82,84,25
79,81,81,85,25
81,81,84,86,25
82,81,86,87,25
90,91,95,88,25
107,108,110,89,25
92,93,95,90,25
80,80,80,91,25
81,81,81,92,25
83,83,83,93,25
85,85,85,94,25
105,105,107,95,25
114,113,119,96,25
115,114,123,97,25
117,118,125,98,25
89,92,96,99,25
76,79,80,100,25
79,80,80,101,25
82,82,83,102,25
81,85,87,103,25
81,84,87,104,25
80,81,84,105,25
81,82,84,106,25
82,82,84,107,25
83,83,85,108,25
83,83,85,109,25
83,82,83,110,25
81,82,82,111,25
83,82,84,112,25
82,82,83,113,25
82,83,84,114,25
90,94,95,115,25
98,104,106,116,25
92,96,99,117,25
81,82,83,118,25
81,81,80,119,25
81,81,79,120,25
82,82,81,121,25
98,100,101,122,25
134,137,140,123,25
101,104,107,124,25
83,84,86,125,25
83,84,83,126,25
85,84,83,127,25
88,89,88,128,25
89,91,91,129,25
91,92,96,130,25
99,100,104,131,25
97,98,102,132,25
85,85,89,133,25
85,84,86,134,25
84,86,87,135,25
88,89,91,136,25
99,100,102,137,25
130,131,138,138,25
140,146,154,139,25
92,95,96,140,25
85,84,85,141,25
88,87,86,142,25
91,91,89,143,25
104,104,102,144,25
127,127,127,145,25
163,163,167,146,25
181,184,190,147,25
180,185,193,148,25
193,195,201,149,25
242,242,244,150,25
255,255,252,151,25
255,255,253,152,25
255,255,255,153,25
255,255,255,154,25
255,255,255,155,25
255,255,255,156,25
255,255,255,157,25
255,255,255,158,25
255,255,255,159,25
255,255,255,160,25
255,255,255,161,25
255,255,255,162,25
255,255,255,163,25
255,255,255,164,25
255,255,255,165,25
255,255,255,166,25
255,255,255,167,25
255,255,255,168,25
255,255,255,169,25
255,255,255,170,25
255,255,255,171,25
255,255,255,172,25
255,255,255,173,25
255,255,255,174,25
255,255,255,175,25
255,255,255,176,25
255,255,255,177,25
255,255,255,178,25
255,255,255,179,25
255,255,255,180,25
255,255,255,181,25
255,255,255,182,25
255,255,255,183,25
255,255,255,184,25
255,255,255,185,25
255,255,255,186,25
255,255,255,187,25
255,255,255,188,25
255,255,255,189,25
255,255,255,190,25
255,255,255,191,25
255,255,255,192,25
255,255,255,193,25
255,255,255,194,25
255,255,255,195,25
255,255,255,196,25
255,255,255,197,25
255,255,255,198,25
255,255,255,199,25
255,255,255,0,26
255,255,255,1,26
255,255,255,2,26
255,255,255,3,26
255,255,255,4,26
255,255,255,5,26
255,255,255,6,26
255,255,255,7,26
255,255,255,8,26
255,255,255,9,26
255,255,255,10,26
255,255,255,11,26
255,255,255,12,26
255,255,255,13,26
255,255,255,14,26
255,255,255,15,26
255,255,255,16,26
255,255,255,17,26
255,255,255,18,26
255,255,255,19,26
255,255,255,20,26
255,255,255,21,26
255,255,255,22,26
255,255,255,23,26
255,255,255,24,26
255,255,255,25,26
255,255,255,26,26
255,255,255,27,26
255,255,255,28,26
255,255,255,29,26
255,255,255,30,26
255,255,255,31,26
255,255,255,32,26
255,255,255,33,26
255,255,255,34,26
255,255,255,35,26
255,255,255,36,26
255,255,255,37,26
255,255,255,38,26
255,255,255,39,26
255,255,255,40,26
255,255,255,41,26
254,255,255,42,26
234,235,236,43,26
170,170,172,44,26
156,157,159,45,26
153,153,154,46,26
128,129,131,47,26
110,110,111,48,26
97,97,97,49,26
90,90,90,50,26
87,87,87,51,26
87,87,87,52,26
90,90,90,53,26
92,93,93,54,26
83,84,83,55,26
81,83,82,56,26
79,83,84,57,26
87,91,94,58,26
89,92,95,59,26
84,86,87,60,26
84,85,85,61,26
87,87,89,62,26
90,90,93,63,26
88,89,92,64,26
83,84,86,65,26
81,83,82,66,26
84,84,83,67,26
86,86,86,68,26
88,88,89,69,26
99,99,101,70,26
119,119,122,71,26
101,101,104,72,26
83,83,84,73,26
83,82,82,74,26
82,84,81,75,26
80,85,84,76,26
82,86,88,77,26
78,81,83,78,26
81,82,79,79,26
84,84,82,80,26
86,86,85,81,26
92,92,93,82,26
85,85,86,83,26
82,82,83,84,26
82,81,83,85,26
82,80,84,86,26
81,81,84,87,26
82,83,87,88,26
118,120,126,89,26
142,142,148,90,26
88,88,89,91,26
81,81,81,92,26
81,81,82,93,26
81,81,81,94,26
104,104,104,95,26
99,97,99,96,26
79,78,81,97,26
84,87,89,98,26
83,87,87,99,26
78,80,81,100,26
81,81,80,101,26
83,83,83,102,26
83,84,86,103,26
86,86,89,104,26
86,85,87,105,26
84,82,84,106,26
81,81,83,107,26
82,82,84,108,26
84,83,83,109,26
90,88,88,110,26
92,94,96,111,26
85,86,90,112,26
83,83,84,113,26
82,82,82,114,26
83,83,83,115,26
81,83,81,116,26
80,82,81,117,26
81,82,83,118,26
82,82,84,119,26
83,83,81,120,26
82,83,80,121,26
82,84,84,122,26
122,124,126,123,26
129,132,136,124,26
87,88,90,125,26
85,86,84,126,26
85,85,83,127,26
89,89,87,128,26
93,94,94,129,26
100,101,105,130,26
127,128,133,131,26
108,109,113,132,26
84,84,86,133,26
84,84,83,134,26
85,85,86,135,26
84,84,86,136,26
87,88,90,137,26
96,97,102,138,26
109,115,124,139,26
94,99,106,140,26
84,85,88,141,26
87,88,85,142,26
94,95,92,143,26
108,108,106,144,26
129,129,127,145,26
148,149,150,146,26
157,159,163,147,26
164,168,172,148,26
196,198,202,149,26
249,249,249,150,26
255,255,252,151,26
255,255,254,152,26
255,255,255,153,26
255,255,255,154,26
255,255,255,155,26
255,255,255,156,26
255,255,255,157,26
255,255,255,158,26
255,255,255,159,26
255,255,255,160,26
255,255,255,161,26
255,255,255,162,26
255,255,255,163,26
255,255,255,164,26
255,255,255,165,26
255,255,255,166,26
255,255,255,167,26
255,255,255,168,26
255,255,255,169,26
255,255,255,170,26
255,255,255,171,26
255,255,255,172,26
255,255,255,173,26
255,255,255,174,26
255,255,255,175,26
255,255,255,176,26
255,255,255,177,26
255,255,255,178,26
255,255,255,179,26
255,255,255,180,26
255,255,255,181,26
255,255,255,182,26
255,255,255,183,26
255,255,255,184,26
255,255,255,185,26
255,255,255,186,26
255,255,255,187,26
255,255,255,188,26
255,255,255,189,26
255,255,255,190,26
255,255,255,191,26
255,255,255,192,26
255,255,255,193,26
255,255,255,194,26
255,255,255,195,26
255,255,255,196,26
255,255,255,197,26
255,255,255,198,26
255,255,255,199,26
255,255,255,0,27
255,255,255,1,27
255,255,255,2,27
255,255,255,3,27
255,255,255,4,27
255,255,255,5,27
255,255,255,6,27
255,255,255,7,27
255,255,255,8,27
255,255,255,9,27
255,255,255,10,27
255,255,255,11,27
255,255,255,12,27
255,255,255,13,27
255,255,255,14,27
255,255,255,15,27
255,255,255,16,27
255,255,255,17,27
255,255,255,18,27
255,255,255,19,27
255,255,255,20,27
255,255,255,21,27
255,255,255,22,27
255,255,255,23,27
255,255,255,24,27
255,255,255,25,27
255,255,255,26,27
255,255,255,27,27
255,255,255,28,27
255,255,255,29,27
255,255,255,30,27
255,255,255,31,27
255,255,255,32,27
255,255,255,33,27
255,255,255,34,27
255,255,255,35,27
255,255,255,36,27
255,255,255,37,27
255,255,255,38,27
255,255,255,39,27
255,255,255,40,27
255,255,255,41,27
255,255,255,42,27
243,243,245,43,27
182,182,184,44,27
143,143,145,45,27
150,150,152,46,27
139,139,141,47,27
119,119,121,48,27
102,102,102,49,27
92,92,92,50,27
85,85,85,51,27
84,84,84,52,27
97,97,99,53,27
108,108,109,54,27
81,81,81,55,27
83,83,83,56,27
84,85,85,57,27
90,90,93,58,27
118,118,123,59,27
87,87,90,60,27
83,82,84,61,27
85,84,86,62,27
90,90,93,63,27
104,106,110,64,27
106,110,113,65,27
80,83,82,66,27
81,83,80,67,27
82,82,82,68,27
83,83,83,69,27
89,89,91,70,27
121,121,123,71,27
138,137,141,72,27
94,94,96,73,27
83,81,83,74,27
84,84,82,75,27
84,86,83,76,27
89,89,92,77,27
117,117,120,78,27
90,90,87,79,27
81,82,79,80,27
84,84,85,81,27
106,105,108,82,27
93,93,96,83,27
81,81,83,84,27
84,81,83,85,27
82,81,81,86,27
83,83,83,87,27
80,82,83,88,27
92,94,95,89,27
125,126,127,90,27
101,101,102,91,27
82,82,82,92,27
81,81,80,93,27
81,81,79,94,27
84,84,84,95,27
107,107,110,96,27
101,101,106,97,27
112,113,118,98,27
117,117,122,99,27
79,80,84,100,27
82,82,82,101,27
84,84,85,102,27
86,86,88,103,27
87,87,89,104,27
93,92,93,105,27
90,87,89,106,27
81,81,82,107,27
81,82,82,108,27
83,83,81,109,27
93,91,91,110,27
128,131,136,111,27
118,123,129,112,27
83,84,87,113,27
90,89,90,114,27
93,92,92,115,27
87,87,85,116,27
89,89,89,117,27
85,84,89,118,27
84,83,86,119,27
83,83,84,120,27
83,83,85,121,27
82,82,84,122,27
88,88,91,123,27
100,101,107,124,27
83,84,89,125,27
83,83,82,126,27
85,83,83,127,27
85,83,85,128,27
85,85,86,129,27
87,88,92,130,27
96,97,101,131,27
92,95,98,132,27
85,85,88,133,27
87,87,88,134,27
84,84,85,135,27
85,84,86,136,27
86,84,86,137,27
93,92,92,138,27
131,136,143,139,27
140,145,158,140,27
91,92,100,141,27
86,87,86,142,27
96,98,96,143,27
114,115,114,144,27
132,132,132,145,27
138,138,139,146,27
134,134,136,147,27
150,151,151,148,27
202,202,204,149,27
252,252,252,150,27
254,254,253,151,27
255,255,255,152,27
255,255,255,153,27
255,255,255,154,27
255,255,255,155,27
255,255,255,156,27
255,255,255,157,27
255,255,255,158,27
255,255,255,159,27
255,255,255,160,27
255,255,255,161,27
255,255,255,162,27
255,255,255,163,27
255,255,255,164,27
255,255,255,165,27
255,255,255,166,27
255,255,255,167,27
255,255,255,168,27
255,255,255,169,27
255,255,255,170,27
255,255,255,171,27
255,255,255,172,27
255,255,255,173,27
255,255,255,174,27
255,255,255,175,27
255,255,255,176,27
255,255,255,177,27
255,255,255,178,27
255,255,255,179,27
255,255,255,180,27
255,255,255,181,27
255,255,255,182,27
255,255,255,183,27
255,255,255,184,27
255,255,255,185,27
255,255,255,186,27
255,255,255,187,27
255,255,255,188,27
255,255,255,189,27
255,255,255,190,27
255,255,255,191,27
255,255,255,192,27
255,255,255,193,27
255,255,255,194,27
255,255,255,195,27
255,255,255,196,27
255,255,255,197,27
255,255,255,198,27
255,255,255,199,27
255,255,255,0,28
255,255,255,1,28
255,255,255,2,28
255,255,255,3,28
255,255,255,4,28
255,255,255,5,28
255,255,255,6,28
255,255,255,7,28
255,255,255,8,28
255,255,255,9,28
255,255,255,10,28
255,255,255,11,28
255,255,255,12,28
255,255,255,13,28
255,255,255,14,28
255,255,255,15,28
255,255,255,16,28
255,255,255,17,28
255,255,255,18,28
255,255,255,19,28
255,255,255,20,28
255,255,255,21,28
255,255,255,22,28
255,255,255,23,28
255,255,255,24,28
255,255,255,25,28
255,255,255,26,28
255,255,255,27,28
255,255,255,28,28
255,255,255,29,28
255,255,255,30,28
255,255,255,31,28
255,255,255,32,28
255,255,255,33,28
255,255,255,34,28
255,255,255,35,28
255,255,255,36,28
255,255,255,37,28
255,255,255,38,28
255,255,255,39,28
255,255,255,40,28
255,255,255,41,28
255,255,255,42,28
251,251,251,43,28
207,207,208,44,28
159,159,162,45,28
156,156,158,46,28
146,146,147,47,28
129,129,131,48,28
109,109,109,49,28
95,95,95,50,28
85,85,85,51,28
82,83,83,52,28
85,87,86,53,28
81,83,82,54,28
80,81,81,55,28
83,83,83,56,28
83,83,84,57,28
96,96,100,58,28
120,122,127,59,28
82,83,86,60,28
81,80,80,61,28
82,81,82,62,28
85,86,87,63,28
100,102,105,64,28
98,101,104,65,28
79,81,80,66,28
81,81,79,67,28
80,80,81,68,28
83,83,83,69,28
83,83,83,70,28
94,94,95,71,28
106,106,105,72,28
84,84,84,73,28
82,82,84,74,28
86,86,86,75,28
90,90,89,76,28
93,92,95,77,28
111,111,116,78,28
92,93,94,79,28
79,80,78,80,28
81,81,83,81,28
84,84,86,82,28
81,81,84,83,28
82,81,83,84,28
83,82,81,85,28
83,83,82,86,28
82,83,85,87,28
81,82,83,88,28
80,82,80,89,28
80,81,78,90,28
82,82,81,91,28
82,82,82,92,28
80,80,80,93,28
81,81,81,94,28
88,89,91,95,28
138,142,147,96,28
125,129,135,97,28
104,106,109,98,28
94,96,100,99,28
79,80,83,100,28
82,82,83,101,28
85,85,85,102,28
85,85,86,103,28
83,83,83,104,28
88,87,86,105,28
90,89,86,106,28
80,81,78,107,28
80,81,81,108,28
83,82,82,109,28
93,90,91,110,28
145,149,157,111,28
137,143,149,112,28
81,82,86,113,28
90,90,90,114,28
102,102,100,115,28
83,82,81,116,28
86,86,88,117,28
109,108,112,118,28
94,94,96,119,28
82,82,83,120,28
83,83,84,121,28
84,84,86,122,28
85,84,89,123,28
78,78,84,124,28
77,80,83,125,28
78,80,81,126,28
81,80,80,127,28
82,79,81,128,28
81,80,81,129,28
80,81,81,130,28
79,80,81,131,28
80,81,84,132,28
89,89,97,133,28
108,108,116,134,28
85,84,88,135,28
79,79,81,136,28
79,79,81,137,28
85,84,85,138,28
114,116,123,139,28
136,144,157,140,28
104,106,116,141,28
90,91,93,142,28
102,104,104,143,28
120,121,120,144,28
134,134,134,145,28
135,135,135,146,28
134,134,134,147,28
162,162,162,148,28
213,213,213,149,28
254,254,254,150,28
254,254,254,151,28
255,255,255,152,28
255,255,255,153,28
255,255,255,154,28
255,255,255,155,28
255,255,255,156,28
255,255,255,157,28
255,255,255,158,28
255,255,255,159,28
255,255,255,160,28
255,255,255,161,28
255,255,255,162,28
255,255,255,163,28
255,255,255,164,28
255,255,255,165,28
255,255,255,166,28
255,255,255,167,28
255,255,255,168,28
255,255,255,169,28
255,255,255,170,28
255,255,255,171,28
255,255,255,172,28
255,255,255,173,28
255,255,255,174,28
255,255,255,175,28
255,255,255,176,28
255,255,255,177,28
255,255,255,178,28
255,255,255,179,28
255,255,255,180,28
255,255,255,181,28
255,255,255,182,28
255,255,255,183,28
255,255,255,184,28
255,255,255,185,28
255,255,255,186,28
255,255,255,187,28
255,255,255,188,28
255,255,255,189,28
255,255,255,190,28
255,255,255,191,28
255,255,255,192,28
255,255,255,193,28
255,255,255,194,28
255,255,255,195,28
255,255,255,196,28
255,255,255,197,28
255,255,255,198,28
255,255,255,199,28
255,255,255,0,29
255,255,255,1,29
255,255,255,2,29
255,255,255,3,29
255,255,255,4,29
255,255,255,5,29
255,255,255,6,29
255,255,255,7,29
255,255,255,8,29
255,255,255,9,29
255,255,255,10,29
255,255,255,11,29
255,255,255,12,29
255,255,255,13,29
255,255,255,14,29
255,255,255,15,29
255,255,255,16,29
255,255,255,17,29
255,255,255,18,29
255,255,255,19,29
255,255,255,20,29
255,255,255,21,29
255,255,255,22,29
255,255,255,23,29
255,255,255,24,29
255,255,255,25,29
255,255,255,26,29
255,255,255,27,29
255,255,255,28,29
255,255,255,29,29
255,255,255,30,29
255,255,255,31,29
255,255,255,32,29
255,255,255,33,29
255,255,255,34,29
255,255,255,35,29
255,255,255,36,29
255,255,255,37,29
255,255,255,38,29
255,255,255,39,29
255,255,255,40,29
255,255,255,41,29
254,254,254,42,29
253,253,253,43,29
218,218,220,44,29
183,182,186,45,29
157,157,160,46,29
150,150,152,47,29
134,134,135,48,29
115,115,115,49,29
99,99,99,50,29
87,87,87,51,29
83,84,83,52,29
78,80,79,53,29
78,80,79,54,29
80,80,80,55,29
82,81,83,56,29
84,82,87,57,29
98,97,103,58,29
90,92,96,59,29
78,79,79,60,29
80,80,79,61,29
82,82,82,62,29
83,83,86,63,29
83,83,87,64,29
79,80,80,65,29
81,82,79,66,29
81,81,81,67,29
81,81,83,68,29
80,80,82,69,29
80,80,79,70,29
82,83,79,71,29
79,79,77,72,29
78,78,77,73,29
81,81,81,74,29
84,84,84,75,29
92,92,92,76,29
105,105,109,77,29
102,102,109,78,29
86,87,90,79,29
79,79,80,80,29
80,80,83,81,29
79,79,81,82,29
81,81,83,83,29
82,82,84,84,29
81,82,83,85,29
82,83,87,86,29
94,93,100,87,29
108,108,114,88,29
83,85,86,89,29
79,80,78,90,29
82,81,80,91,29
81,81,81,92,29
78,78,78,93,29
81,80,81,94,29
89,92,96,95,29
131,140,148,96,29
126,133,140,97,29
83,85,88,98,29
77,77,78,99,29
79,80,80,100,29
82,82,82,101,29
84,84,85,102,29
86,86,87,103,29
90,90,90,104,29
84,83,83,105,29
84,81,79,106,29
80,79,76,107,29
80,80,81,108,29
82,81,83,109,29
93,92,94,110,29
129,133,144,111,29
122,127,135,112,29
82,83,86,113,29
79,79,79,114,29
79,79,76,115,29
80,79,78,116,29
81,81,82,117,29
104,104,106,118,29
95,95,97,119,29
79,79,80,120,29
82,82,81,121,29
84,84,85,122,29
109,108,113,123,29
112,114,118,124,29
76,78,81,125,29
78,79,79,126,29
80,79,80,127,29
81,78,80,128,29
79,78,78,129,29
78,77,75,130,29
81,79,77,131,29
85,84,87,132,29
107,109,120,133,29
144,145,158,134,29
86,84,91,135,29
78,76,79,136,29
80,79,81,137,29
80,78,79,138,29
95,97,103,139,29
118,126,139,140,29
107,109,119,141,29
95,95,100,142,29
109,110,112,143,29
125,126,126,144,29
131,131,131,145,29
134,134,134,146,29
146,146,146,147,29
178,178,178,148,29
220,220,220,149,29
255,255,255,150,29
253,253,253,151,29
255,255,255,152,29
255,255,255,153,29
255,255,255,154,29
255,255,255,155,29
255,255,255,156,29
255,255,255,157,29
255,255,255,158,29
255,255,255,159,29
255,255,255,160,29
255,255,255,161,29
255,255,255,162,29
255,255,255,163,29
255,255,255,164,29
255,255,255,165,29
255,255,255,166,29
255,255,255,167,29
255,255,255,168,29
255,255,255,169,29
255,255,255,170,29
255,255,255,171,29
255,255,255,172,29
255,255,255,173,29
255,255,255,174,29
255,255,255,175,29
255,255,255,176,29
255,255,255,177,29
255,255,255,178,29
255,255,255,179,29
255,255,255,180,29
255,255,255,181,29
255,255,255,182,29
255,255,255,183,29
255,255,255,184,29
255,255,255,185,29
255,255,255,186,29
255,255,255,187,29
255,255,255,188,29
255,255,255,189,29
255,255,255,190,29
255,255,255,191,29
255,255,255,192,29
255,255,255,193,29
255,255,255,194,29
255,255,255,195,29
255,255,255,196,29
255,255,255,197,29
255,255,255,198,29
255,255,255,199,29
255,255,255,0,30
255,255,255,1,30
255,255,255,2,30
255,255,255,3,30
255,255,255,4,30
255,255,255,5,30
255,255,255,6,30
255,255,255,7,30
255,255,255,8,30
255,255,255,9,30
255,255,255,10,30
255,255,255,11,30
255,255,255,12,30
255,255,255,13,30
255,255,255,14,30
255,255,255,15,30
255,255,255,16,30
255,255,255,17,30
255,255,255,18,30
255,255,255,19,30
255,255,255,20,30
255,255,255,21,30
255,255,255,22,30
255,255,255,23,30
255,255,255,24,30
255,255,255,25,30
255,255,255,26,30
255,255,255,27,30
255,255,255,28,30
255,255,255,29,30
255,255,255,30,30
255,255,255,31,30
255,255,255,32,30
255,255,255,33,30
255,255,255,34,30
255,255,255,35,30
255,255,255,36,30
255,255,255,37,30
255,255,255,38,30
255,255,255,39,30
255,255,255,40,30
255,255,255,41,30
254,254,254,42,30
254,254,254,43,30
219,219,220,44,30
189,189,191,45,30
158,158,160,46,30
142,142,143,47,30
134,134,133,48,30
121,121,121,49,30
104,104,104,50,30
91,91,91,51,30
84,84,86,52,30
79,81,80,53,30
79,81,80,54,30
80,80,80,55,30
82,81,82,56,30
85,83,88,57,30
84,83,89,58,30
80,80,82,59,30
80,80,80,60,30
81,81,81,61,30
85,86,89,62,30
91,92,98,63,30
83,83,88,64,30
81,81,80,65,30
83,83,82,66,30
85,85,85,67,30
85,85,87,68,30
82,82,83,69,30
80,80,78,70,30
79,80,76,71,30
80,80,77,72,30
80,80,78,73,30
80,80,80,74,30
81,81,81,75,30
88,89,90,76,30
105,106,111,77,30
134,136,144,78,30
128,131,135,79,30
88,89,91,80,30
81,80,82,81,30
79,79,79,82,30
80,80,79,83,30
81,81,81,84,30
86,86,89,85,30
113,114,119,86,30
136,136,143,87,30
97,97,103,88,30
79,79,82,89,30
81,81,81,90,30
84,84,84,91,30
82,82,82,92,30
79,79,79,93,30
81,81,81,94,30
93,95,99,95,30
132,139,147,96,30
121,127,133,97,30
83,83,86,98,30
79,77,78,99,30
79,81,80,100,30
82,82,82,101,30
83,83,83,102,30
87,87,86,103,30
96,97,98,104,30
98,97,100,105,30
82,78,79,106,30
80,79,78,107,30
80,80,82,108,30
82,81,84,109,30
95,96,98,110,30
119,125,136,111,30
99,105,112,112,30
78,79,82,113,30
81,79,80,114,30
82,80,79,115,30
81,80,80,116,30
79,79,80,117,30
79,79,81,118,30
79,79,81,119,30
79,79,79,120,30
79,79,79,121,30
80,80,80,122,30
93,94,96,123,30
106,109,111,124,30
79,82,82,125,30
81,81,80,126,30
82,81,86,127,30
79,79,85,128,30
78,79,81,129,30
80,80,78,130,30
83,81,79,131,30
91,91,93,132,30
127,131,139,133,30
132,135,146,134,30
96,96,101,135,30
76,74,77,136,30
79,78,82,137,30
80,79,79,138,30
81,84,87,139,30
92,102,109,140,30
92,95,102,141,30
93,94,97,142,30
108,109,109,143,30
118,119,119,144,30
124,124,124,145,30
133,133,133,146,30
153,153,153,147,30
187,187,187,148,30
229,229,229,149,30
255,255,255,150,30
254,254,254,151,30
255,255,255,152,30
255,255,255,153,30
255,255,255,154,30
255,255,255,155,30
255,255,255,156,30
255,255,255,157,30
255,255,255,158,30
255,255,255,159,30
255,255,255,160,30
255,255,255,161,30
255,255,255,162,30
255,255,255,163,30
255,255,255,164,30
255,255,255,165,30
255,255,255,166,30
255,255,255,167,30
255,255,255,168,30
255,255,255,169,30
255,255,255,170,30
255,255,255,171,30
255,255,255,172,30
255,255,255,173,30
255,255,255,174,30
255,255,255,175,30
255,255,255,176,30
255,255,255,177,30
255,255,255,178,30
255,255,255,179,30
255,255,255,180,30
255,255,255,181,30
255,255,255,182,30
255,255,255,183,30
255,255,255,184,30
255,255,255,185,30
255,255,255,186,30
255,255,255,187,30
255,255,255,188,30
255,255,255,189,30
255,255,255,190,30
255,255,255,191,30
255,255,255,192,30
255,255,255,193,30
255,255,255,194,30
255,255,255,195,30
255,255,255,196,30
255,255,255,197,30
255,255,255,198,30
255,255,255,199,30
255,255,255,0,31
255,255,255,1,31
255,255,255,2,31
255,255,255,3,31
255,255,255,4,31
255,255,255,5,31
255,255,255,6,31
255,255,255,7,31
255,255,255,8,31
255,255,255,9,31
255,255,255,10,31
255,255,255,11,31
255,255,255,12,31
255,255,255,13,31
255,255,255,14,31
255,255,255,15,31
255,255,255,16,31
255,255,255,17,31
255,255,255,18,31
255,255,255,19,31
255,255,255,20,31
255,255,255,21,31
255,255,255,22,31
255,255,255,23,31
255,255,255,24,31
255,255,255,25,31
255,255,255,26,31
255,255,255,27,31
255,255,255,28,31
255,255,255,29,31
255,255,255,30,31
255,255,255,31,31
255,255,255,32,31
255,255,255,33,31
255,255,255,34,31
255,255,255,35,31
255,255,255,36,31
255,255,255,37,31
255,255,255,38,31
255,255,255,39,31
255,255,255,40,31
255,255,255,41,31
255,255,255,42,31
255,255,255,43,31
225,225,225,44,31
188,188,189,45,31
152,152,155,46,31
132,132,132,47,31
130,130,129,48,31
124,124,122,49,31
111,111,109,50,31
98,98,99,51,31
94,94,97,52,31
95,97,98,53,31
81,84,84,54,31
80,81,80,55,31
82,82,81,56,31
81,80,80,57,31
79,79,79,58,31
80,80,81,59,31
81,80,81,60,31
82,80,83,61,31
88,92,97,62,31
122,127,135,63,31
85,87,91,64,31
80,80,78,65,31
83,83,82,66,31
84,84,84,67,31
86,86,88,68,31
86,85,89,69,31
82,82,84,70,31
80,80,80,71,31
79,79,78,72,31
80,80,80,73,31
80,80,80,74,31
80,80,79,75,31
82,82,84,76,31
93,94,99,77,31
123,127,133,78,31
148,152,155,79,31
105,107,108,80,31
80,80,80,81,31
78,78,76,82,31
79,79,78,83,31
83,83,84,84,31
101,100,104,85,31
145,146,150,86,31
146,149,149,87,31
77,78,76,88,31
78,78,77,89,31
81,79,80,90,31
84,83,81,91,31
82,83,81,92,31
78,80,78,93,31
78,80,80,94,31
85,89,90,95,31
108,113,118,96,31
98,102,108,97,31
81,81,85,98,31
80,79,84,99,31
78,79,83,100,31
80,81,81,101,31
83,82,82,102,31
85,84,85,103,31
97,95,101,104,31
130,128,135,105,31
92,87,91,106,31
80,77,78,107,31
79,79,82,108,31
82,81,84,109,31
91,92,96,110,31
108,113,122,111,31
86,90,97,112,31
91,92,95,113,31
86,85,86,114,31
81,80,79,115,31
81,81,81,116,31
80,80,81,117,31
80,80,82,118,31
83,82,84,119,31
83,83,82,120,31
80,80,79,121,31
80,80,80,122,31
80,81,81,123,31
79,82,82,124,31
79,82,81,125,31
86,88,87,126,31
105,106,114,127,31
112,115,125,128,31
78,82,88,129,31
78,80,79,130,31
83,83,82,131,31
92,94,94,132,31
122,125,130,133,31
93,97,102,134,31
77,78,78,135,31
81,79,79,136,31
79,79,82,137,31
83,82,82,138,31
90,93,94,139,31
98,108,114,140,31
83,88,93,141,31
92,92,92,142,31
106,107,105,143,31
116,116,115,144,31
126,126,127,145,31
142,143,143,146,31
177,177,179,147,31
197,197,199,148,31
237,237,238,149,31
255,255,255,150,31
255,255,255,151,31
255,255,255,152,31
255,255,255,153,31
255,255,255,154,31
255,255,255,155,31
255,255,255,156,31
255,255,255,157,31
255,255,255,158,31
255,255,255,159,31
255,255,255,160,31
255,255,255,161,31
255,255,255,162,31
255,255,255,163,31
255,255,255,164,31
255,255,255,165,31
255,255,255,166,31
255,255,255,167,31
255,255,255,168,31
255,255,255,169,31
255,255,255,170,31
255,255,255,171,31
255,255,255,172,31
255,255,255,173,31
255,255,255,174,31
255,255,255,175,31
255,255,255,176,31
255,255,255,177,31
255,255,255,178,31
255,255,255,179,31
255,255,255,180,31
255,255,255,181,31
255,255,255,182,31
255,255,255,183,31
255,255,255,184,31
255,255,255,185,31
255,255,255,186,31
255,255,255,187,31
255,255,255,188,31
255,255,255,189,31
255,255,255,190,31
255,255,255,191,31
255,255,255,192,31
255,255,255,193,31
255,255,255,194,31
255,255,255,195,31
255,255,255,196,31
255,255,255,197,31
255,255,255,198,31
255,255,255,199,31
255,255,255,0,32
255,255,255,1,32
255,255,255,2,32
255,255,255,3,32
255,255,255,4,32
255,255,255,5,32
255,255,255,6,32
255,255,255,7,32
255,255,255,8,32
255,255,255,9,32
255,255,255,10,32
255,255,255,11,32
255,255,255,12,32
255,255,255,13,32
255,255,255,14,32
255,255,255,15,32
255,255,255,16,32
255,255,255,17,32
255,255,255,18,32
255,255,255,19,32
255,255,255,20,32
255,255,255,21,32
255,255,255,22,32
255,255,255,23,32
255,255,255,24,32
255,255,255,25,32
255,255,255,26,32
255,255,255,27,32
255,255,255,28,32
255,255,255,29,32
255,255,255,30,32
255,255,255,31,32
255,255,255,32,32
255,255,255,33,32
255,255,255,34,32
255,255,255,35,32
255,255,255,36,32
255,255,255,37,32
255,255,255,38,32
255,255,255,39,32
255,255,255,40,32
255,255,255,41,32
255,255,255,42,32
255,255,255,43,32
233,233,233,44,32
190,190,190,45,32
158,158,159,46,32
136,136,135,47,32
126,126,124,48,32
116,116,114,49,32
109,109,109,50,32
98,98,100,51,32
93,93,96,52,32
118,119,122,53,32
101,105,106,54,32
77,79,80,55,32
79,80,78,56,32
81,81,79,57,32
80,80,80,58,32
79,79,81,59,32
79,79,79,60,32
81,79,82,61,32
92,96,103,62,32
117,122,131,63,32
82,85,90,64,32
79,81,80,65,32
80,81,81,66,32
80,79,82,67,32
80,78,81,68,32
79,79,83,69,32
105,106,111,70,32
119,120,124,71,32
79,80,83,72,32
79,81,81,73,32
80,81,78,74,32
81,81,79,75,32
81,81,81,76,32
84,84,86,77,32
100,101,105,78,32
105,106,107,79,32
91,91,91,80,32
81,81,83,81,32
84,84,88,82,32
83,84,88,83,32
89,90,93,84,32
99,100,104,85,32
86,87,91,86,32
77,78,80,87,32
79,80,78,88,32
79,79,76,89,32
80,79,78,90,32
83,81,82,91,32
82,80,81,92,32
80,79,80,93,32
79,80,79,94,32
79,81,81,95,32
79,82,85,96,32
87,90,95,97,32
106,109,113,98,32
100,103,110,99,32
87,90,95,100,32
80,80,82,101,32
82,80,81,102,32
84,81,85,103,32
96,95,100,104,32
125,125,131,105,32
91,91,96,106,32
77,77,80,107,32
77,79,81,108,32
78,80,83,109,32
85,85,89,110,32
86,86,91,111,32
82,82,87,112,32
109,110,113,113,32
90,91,92,114,32
78,79,79,115,32
79,79,79,116,32
80,80,80,117,32
82,80,81,118,32
82,80,82,119,32
86,85,88,120,32
96,96,100,121,32
82,83,86,122,32
79,80,81,123,32
80,81,79,124,32
82,82,81,125,32
86,87,89,126,32
108,112,121,127,32
138,142,154,128,32
88,93,100,129,32
75,78,81,130,32
81,81,81,131,32
84,85,84,132,32
85,86,89,133,32
77,79,80,134,32
80,80,77,135,32
81,79,78,136,32
80,79,80,137,32
84,82,81,138,32
100,103,105,139,32
146,154,165,140,32
105,107,118,141,32
87,86,87,142,32
103,102,101,143,32
116,115,116,144,32
132,133,135,145,32
151,154,155,146,32
205,206,209,147,32
212,213,216,148,32
243,243,244,149,32
255,255,255,150,32
255,255,255,151,32
255,255,255,152,32
255,255,255,153,32
255,255,255,154,32
255,255,255,155,32
255,255,255,156,32
255,255,255,157,32
255,255,255,158,32
255,255,255,159,32
255,255,255,160,32
255,255,255,161,32
255,255,255,162,32
255,255,255,163,32
255,255,255,164,32
255,255,255,165,32
255,255,255,166,32
255,255,255,167,32
255,255,255,168,32
255,255,255,169,32
255,255,255,170,32
255,255,255,171,32
255,255,255,172,32
255,255,255,173,32
255,255,255,174,32
255,255,255,175,32
255,255,255,176,32
255,255,255,177,32
255,255,255,178,32
255,255,255,179,32
255,255,255,180,32
255,255,255,181,32
255,255,255,182,32
255,255,255,183,32
255,255,255,184,32
255,255,255,185,32
255,255,255,186,32
255,255,255,187,32
255,255,255,188,32
255,255,255,189,32
255,255,255,190,32
255,255,255,191,32
255,255,255,192,32
255,255,255,193,32
255,255,255,194,32
255,255,255,195,32
255,255,255,196,32
255,255,255,197,32
255,255,255,198,32
255,255,255,199,32
255,255,255,0,33
255,255,255,1,33
255,255,255,2,33
255,255,255,3,33
255,255,255,4,33
255,255,255,5,33
255,255,255,6,33
255,255,255,7,33
255,255,255,8,33
255,255,255,9,33
255,255,255,10,33
255,255,255,11,33
255,255,255,12,33
255,255,255,13,33
255,255,255,14,33
255,255,255,15,33
255,255,255,16,33
255,255,255,17,33
255,255,255,18,33
255,255,255,19,33
255,255,255,20,33
255,255,255,21,33
255,255,255,22,33
255,255,255,23,33
255,255,255,24,33
255,255,255,25,33
255,255,255,26,33
255,255,255,27,33
255,255,255,28,33
255,255,255,29,33
255,255,255,30,33
255,255,255,31,33
255,255,255,32,33
255,255,255,33,33
255,255,255,34,33
255,255,255,35,33
255,255,255,36,33
255,255,255,37,33
255,255,255,38,33
255,255,255,39,33
255,255,255,40,33
255,255,255,41,33
255,255,255,42,33
255,255,255,43,33
239,239,239,44,33
192,192,192,45,33
169,169,169,46,33
138,138,138,47,33
119,119,118,48,33
107,107,107,49,33
101,101,102,50,33
91,91,93,51,33
85,85,88,52,33
94,94,96,53,33
92,93,95,54,33
79,80,82,55,33
79,80,79,56,33
80,80,78,57,33
80,80,80,58,33
78,79,81,59,33
79,79,79,60,33
82,79,82,61,33
95,98,104,62,33
118,124,130,63,33
86,88,92,64,33
80,80,79,65,33
80,80,80,66,33
79,79,79,67,33
80,79,80,68,33
79,79,82,69,33
102,103,107,70,33
126,127,131,71,33
84,85,90,72,33
78,80,81,73,33
80,82,78,74,33
81,81,80,75,33
80,80,80,76,33
80,80,80,77,33
82,81,81,78,33
87,88,86,79,33
82,84,84,80,33
87,88,99,81,33
117,117,136,82,33
133,135,147,83,33
84,88,89,84,33
76,81,79,85,33
78,81,80,86,33
80,81,81,87,33
82,82,81,88,33
81,81,83,89,33
79,80,84,90,33
81,80,84,91,33
83,80,84,92,33
82,79,82,93,33
81,79,79,94,33
81,79,82,95,33
89,87,92,96,33
131,130,137,97,33
161,161,170,98,33
150,150,159,99,33
116,116,122,100,33
84,86,89,101,33
77,80,81,102,33
79,81,83,103,33
83,86,87,104,33
89,91,93,105,33
77,80,83,106,33
79,81,85,107,33
107,110,112,108,33
99,99,101,109,33
79,77,76,110,33
84,80,79,111,33
81,79,80,112,33
85,85,86,113,33
77,81,82,114,33
74,77,80,115,33
76,79,81,116,33
80,80,81,117,33
81,79,80,118,33
81,79,80,119,33
83,84,85,120,33
120,121,124,121,33
93,95,96,122,33
79,79,79,123,33
80,80,78,124,33
81,81,79,125,33
81,82,84,126,33
87,91,97,127,33
109,114,120,128,33
92,96,101,129,33
76,77,80,130,33
81,80,81,131,33
83,83,83,132,33
81,81,84,133,33
77,77,81,134,33
78,77,78,135,33
78,78,77,136,33
82,82,80,137,33
85,84,83,138,33
100,101,108,139,33
128,136,150,140,33
93,96,109,141,33
79,79,81,142,33
99,100,97,143,33
117,118,117,144,33
137,139,140,145,33
162,164,165,146,33
201,203,205,147,33
203,205,208,148,33
249,250,251,149,33
255,255,255,150,33
255,255,255,151,33
255,255,255,152,33
255,255,255,153,33
255,255,255,154,33
255,255,255,155,33
255,255,255,156,33
255,255,255,157,33
255,255,255,158,33
255,255,255,159,33
255,255,255,160,33
255,255,255,161,33
255,255,255,162,33
255,255,255,163,33
255,255,255,164,33
255,255,255,165,33
255,255,255,166,33
255,255,255,167,33
255,255,255,168,33
255,255,255,169,33
255,255,255,170,33
255,255,255,171,33
255,255,255,172,33
255,255,255,173,33
255,255,255,174,33
255,255,255,175,33
255,255,255,176,33
255,255,255,177,33
255,255,255,178,33
255,255,255,179,33
255,255,255,180,33
255,255,255,181,33
255,255,255,182,33
255,255,255,183,33
255,255,255,184,33
255,255,255,185,33
255,255,255,186,33
255,255,255,187,33
255,255,255,188,33
255,255,255,189,33
255,255,255,190,33
255,255,255,191,33
255,255,255,192,33
255,255,255,193,33
255,255,255,194,33
255,255,255,195,33
255,255,255,196,33
255,255,255,197,33
255,255,255,198,33
255,255,255,199,33
255,255,255,0,34
255,255,255,1,34
255,255,255,2,34
255,255,255,3,34
255,255,255,4,34
255,255,255,5,34
255,255,255,6,34
255,255,255,7,34
255,255,255,8,34
255,255,255,9,34
255,255,255,10,34
255,255,255,11,34
255,255,255,12,34
255,255,255,13,34
255,255,255,14,34
255,255,255,15,34
255,255,255,16,34
255,255,255,17,34
255,255,255,18,34
255,255,255,19,34
255,255,255,20,34
255,255,255,21,34
255,255,255,22,34
255,255,255,23,34
255,255,255,24,34
255,255,255,25,34
255,255,255,26,34
255,255,255,27,34
255,255,255,28,34
255,255,255,29,34
255,255,255,30,34
255,255,255,31,34
255,255,255,32,34
255,255,255,33,34
255,255,255,34,34
255,255,255,35,34
255,255,255,36,34
255,255,255,37,34
255,255,255,38,34
255,255,255,39,34
255,255,255,40,34
255,255,255,41,34
255,255,255,42,34
255,255,255,43,34
246,246,246,44,34
197,197,197,45,34
179,179,178,46,34
147,147,146,47,34
126,126,125,48,34
106,106,105,49,34
95,95,95,50,34
87,88,88,51,34
80,80,82,52,34
79,79,81,53,34
79,79,80,54,34
82,82,83,55,34
82,82,83,56,34
80,79,80,57,34
79,78,78,58,34
78,79,80,59,34
79,79,80,60,34
81,79,83,61,34
95,96,102,62,34
127,129,135,63,34
89,89,91,64,34
80,80,78,65,34
80,80,78,66,34
79,79,78,67,34
80,79,78,68,34
80,80,82,69,34
83,84,88,70,34
97,97,101,71,34
85,85,88,72,34
79,80,81,73,34
80,81,80,74,34
80,80,80,75,34
81,81,81,76,34
80,80,80,77,34
82,82,81,78,34
86,87,85,79,34
87,90,89,80,34
105,108,122,81,34
139,140,161,82,34
127,129,141,83,34
84,89,89,84,34
77,81,81,85,34
85,86,88,86,34
85,84,86,87,34
83,82,83,88,34
83,83,84,89,34
79,81,82,90,34
76,80,77,91,34
79,80,77,92,34
79,79,78,93,34
77,78,78,94,34
78,79,82,95,34
93,94,101,96,34
127,129,140,97,34
129,133,143,98,34
119,123,131,99,34
98,102,108,100,34
82,85,89,101,34
77,80,80,102,34
79,81,79,103,34
80,79,75,104,34
80,78,74,105,34
79,79,77,106,34
82,81,85,107,34
109,112,117,108,34
114,122,124,109,34
92,102,103,110,34
75,78,78,111,34
80,79,80,112,34
85,85,86,113,34
105,107,111,114,34
109,115,121,115,34
80,85,91,116,34
79,79,83,117,34
81,79,81,118,34
80,79,80,119,34
81,82,81,120,34
84,86,83,121,34
80,82,79,122,34
79,80,79,123,34
80,80,80,124,34
80,81,80,125,34
88,91,92,126,34
96,100,104,127,34
80,85,88,128,34
76,79,81,129,34
77,77,78,130,34
80,78,79,131,34
85,84,87,132,34
103,102,108,133,34
85,85,92,134,34
74,74,77,135,34
79,78,79,136,34
82,82,81,137,34
86,85,84,138,34
99,104,111,139,34
107,116,128,140,34
73,77,87,141,34
76,76,77,142,34
101,102,100,143,34
124,126,125,144,34
141,143,142,145,34
170,172,172,146,34
200,201,203,147,34
205,206,209,148,34
253,253,253,149,34
255,255,255,150,34
255,255,255,151,34
255,255,255,152,34
255,255,255,153,34
255,255,255,154,34
255,255,255,155,34
255,255,255,156,34
255,255,255,157,34
255,255,255,158,34
255,255,255,159,34
255,255,255,160,34
255,255,255,161,34
255,255,255,162,34
255,255,255,163,34
255,255,255,164,34
255,255,255,165,34
255,255,255,166,34
255,255,255,167,34
255,255,255,168,34
255,255,255,169,34
255,255,255,170,34
255,255,255,171,34
255,255,255,172,34
255,255,255,173,34
255,255,255,174,34
255,255,255,175,34
255,255,255,176,34
255,255,255,177,34
255,255,255,178,34
255,255,255,179,34
255,255,255,180,34
255,255,255,181,34
255,255,255,182,34
255,255,255,183,34
255,255,255,184,34
255,255,255,185,34
255,255,255,186,34
255,255,255,187,34
255,255,255,188,34
255,255,255,189,34
255,255,255,190,34
255,255,255,191,34
255,255,255,192,34
255,255,255,193,34
255,255,255,194,34
255,255,255,195,34
255,255,255,196,34
255,255,255,197,34
255,255,255,198,34
255,255,255,199,34
255,255,255,0,35
255,255,255,1,35
255,255,255,2,35
255,255,255,3,35
255,255,255,4,35
255,255,255,5,35
255,255,255,6,35
255,255,255,7,35
255,255,255,8,35
255,255,255,9,35
255,255,255,10,35
255,255,255,11,35
255,255,255,12,35
255,255,255,13,35
255,255,255,14,35
255,255,255,15,35
255,255,255,16,35
255,255,255,17,35
255,255,255,18,35
255,255,255,19,35
255,255,255,20,35
255,255,255,21,35
255,255,255,22,35
255,255,255,23,35
255,255,255,24,35
255,255,255,25,35
255,255,255,26,35
255,255,255,27,35
255,255,255,28,35
255,255,255,29,35
255,255,255,30,35
255,255,255,31,35
255,255,255,32,35
255,255,255,33,35
255,255,255,34,35
255,255,255,35,35
255,255,255,36,35
255,255,255,37,35
255,255,255,38,35
255,255,255,39,35
255,255,255,40,35
255,255,255,41,35
255,255,255,42,35
255,255,255,43,35
250,250,250,44,35
201,201,201,45,35
184,184,184,46,35
155,155,153,47,35
131,131,129,48,35
110,110,108,49,35
94,94,94,50,35
86,86,87,51,35
78,78,80,52,35
76,76,76,53,35
79,79,79,54,35
86,86,86,55,35
91,92,94,56,35
87,88,91,57,35
77,78,79,58,35
79,80,80,59,35
79,80,82,60,35
79,79,83,61,35
88,87,93,62,35
82,83,86,63,35
79,79,79,64,35
81,81,80,65,35
81,81,81,66,35
82,82,83,67,35
80,80,81,68,35
80,79,82,69,35
82,81,86,70,35
84,83,87,71,35
82,82,84,72,35
80,80,81,73,35
81,81,81,74,35
81,81,80,75,35
81,81,81,76,35
81,81,81,77,35
82,82,82,78,35
84,84,83,79,35
89,89,88,80,35
96,98,106,81,35
98,100,113,82,35
91,92,103,83,35
81,83,85,84,35
80,80,85,85,35
84,80,89,86,35
80,75,80,87,35
76,73,79,88,35
76,79,86,89,35
81,87,95,90,35
83,84,91,91,35
86,87,95,92,35
88,91,103,93,35
85,90,107,94,35
81,90,108,95,35
81,94,116,96,35
87,102,123,97,35
78,95,114,98,35
71,89,105,99,35
67,83,97,100,35
64,79,95,101,35
63,78,97,102,35
72,85,103,103,35
73,80,95,104,35
72,76,88,105,35
75,78,85,106,35
80,80,84,107,35
89,90,95,108,35
97,101,104,109,35
90,91,94,110,35
78,76,79,111,35
81,78,81,112,35
85,84,87,113,35
112,115,119,114,35
126,129,137,115,35
95,96,103,116,35
79,78,83,117,35
81,80,81,118,35
81,81,81,119,35
80,79,80,120,35
79,79,80,121,35
77,78,79,122,35
79,79,79,123,35
80,80,79,124,35
79,80,79,125,35
87,90,91,126,35
131,133,138,127,35
85,88,91,128,35
74,76,76,129,35
77,77,77,130,35
78,76,77,131,35
79,79,83,132,35
113,115,122,133,35
102,106,111,134,35
68,70,73,135,35
77,77,78,136,35
80,80,79,137,35
83,83,83,138,35
86,92,99,139,35
83,90,102,140,35
64,65,74,141,35
81,80,78,142,35
108,110,107,143,35
127,132,129,144,35
142,145,143,145,35
172,174,174,146,35
196,197,199,147,35
210,212,213,148,35
255,255,255,149,35
255,255,255,150,35
255,255,255,151,35
255,255,255,152,35
255,255,255,153,35
255,255,255,154,35
255,255,255,155,35
255,255,255,156,35
255,255,255,157,35
255,255,255,158,35
255,255,255,159,35
255,255,255,160,35
255,255,255,161,35
255,255,255,162,35
255,255,255,163,35
255,255,255,164,35
255,255,255,165,35
255,255,255,166,35
255,255,255,167,35
255,255,255,168,35
255,255,255,169,35
255,255,255,170,35
255,255,255,171,35
255,255,255,172,35
255,255,255,173,35
255,255,255,174,35
255,255,255,175,35
255,255,255,176,35
255,255,255,177,35
255,255,255,178,35
255,255,255,179,35
255,255,255,180,35
255,255,255,181,35
255,255,255,182,35
255,255,255,183,35
255,255,255,184,35
255,255,255,185,35
255,255,255,186,35
255,255,255,187,35
255,255,255,188,35
255,255,255,189,35
255,255,255,190,35
255,255,255,191,35
255,255,255,192,35
255,255,255,193,35
255,255,255,194,35
255,255,255,195,35
255,255,255,196,35
255,255,255,197,35
255,255,255,198,35
255,255,255,199,35
255,255,255,0,36
255,255,255,1,36
255,255,255,2,36
255,255,255,3,36
255,255,255,4,36
255,255,255,5,36
255,255,255,6,36
255,255,255,7,36
255,255,255,8,36
255,255,255,9,36
255,255,255,10,36
255,255,255,11,36
255,255,255,12,36
255,255,255,13,36
255,255,255,14,36
255,255,255,15,36
255,255,255,16,36
255,255,255,17,36
255,255,255,18,36
255,255,255,19,36
255,255,255,20,36
255,255,255,21,36
255,255,255,22,36
255,255,255,23,36
255,255,255,24,36
255,255,255,25,36
255,255,255,26,36
255,255,255,27,36
255,255,255,28,36
255,255,255,29,36
255,255,255,30,36
255,255,255,31,36
255,255,255,32,36
255,255,255,33,36
255,255,255,34,36
255,255,255,35,36
255,255,255,36,36
255,255,255,37,36
255,255,255,38,36
255,255,255,39,36
255,255,255,40,36
255,255,255,41,36
255,255,255,42,36
254,254,254,43,36
251,251,251,44,36
208,208,208,45,36
188,188,188,46,36
164,164,163,47,36
137,137,136,48,36
118,117,117,49,36
95,95,96,50,36
84,84,86,51,36
76,76,77,52,36
70,70,69,53,36
71,72,71,54,36
77,79,78,55,36
87,88,91,56,36
110,114,117,57,36
94,98,100,58,36
76,79,78,59,36
78,78,79,60,36
79,79,81,61,36
80,80,83,62,36
77,77,77,63,36
78,78,78,64,36
80,80,81,65,36
84,83,84,66,36
89,89,91,67,36
97,99,104,68,36
89,88,95,69,36
81,80,85,70,36
80,81,82,71,36
80,80,79,72,36
82,81,83,73,36
84,83,85,74,36
85,85,86,75,36
79,79,79,76,36
80,80,79,77,36
81,81,81,78,36
80,80,81,79,36
80,80,81,80,36
77,78,82,81,36
73,77,81,82,36
84,85,95,83,36
88,87,98,84,36
100,98,109,85,36
113,113,119,86,36
128,130,132,87,36
129,134,144,88,36
126,143,164,89,36
112,138,162,90,36
98,125,152,91,36
76,110,143,92,36
60,101,142,93,36
46,93,141,94,36
35,88,140,95,36
20,90,143,96,36
15,88,144,97,36
11,84,141,98,36
11,85,141,99,36
13,86,140,100,36
15,83,135,101,36
16,81,129,102,36
20,83,130,103,36
23,82,129,104,36
24,79,123,105,36
32,79,118,106,36
41,80,112,107,36
51,81,106,108,36
65,87,106,109,36
71,84,93,110,36
71,79,83,111,36
75,78,83,112,36
76,79,82,113,36
75,76,83,114,36
76,80,86,115,36
79,84,87,116,36
79,81,82,117,36
81,79,79,118,36
81,80,81,119,36
83,83,85,120,36
84,86,90,121,36
79,81,85,122,36
78,78,80,123,36
79,79,78,124,36
79,79,79,125,36
80,81,83,126,36
106,107,111,127,36
86,86,90,128,36
74,75,75,129,36
78,77,77,130,36
79,76,78,131,36
78,78,81,132,36
92,95,99,133,36
77,83,86,134,36
64,67,68,135,36
71,71,71,136,36
74,74,73,137,36
76,75,74,138,36
68,71,76,139,36
56,60,68,140,36
62,62,67,141,36
90,88,85,142,36
115,116,113,143,36
132,137,133,144,36
143,146,144,145,36
170,172,173,146,36
191,193,193,147,36
216,218,216,148,36
255,255,255,149,36
255,255,255,150,36
255,255,255,151,36
255,255,255,152,36
255,255,255,153,36
255,255,255,154,36
255,255,255,155,36
255,255,255,156,36
255,255,255,157,36
255,255,255,158,36
255,255,255,159,36
255,255,255,160,36
255,255,255,161,36
255,255,255,162,36
255,255,255,163,36
255,255,255,164,36
255,255,255,165,36
255,255,255,166,36
255,255,255,167,36
255,255,255,168,36
255,255,255,169,36
255,255,255,170,36
255,255,255,171,36
255,255,255,172,36
255,255,255,173,36
255,255,255,174,36
255,255,255,175,36
255,255,255,176,36
255,255,255,177,36
255,255,255,178,36
255,255,255,179,36
255,255,255,180,36
255,255,255,181,36
255,255,255,182,36
255,255,255,183,36
255,255,255,184,36
255,255,255,185,36
255,255,255,186,36
255,255,255,187,36
255,255,255,188,36
255,255,255,189,36
255,255,255,190,36
255,255,255,191,36
255,255,255,192,36
255,255,255,193,36
255,255,255,194,36
255,255,255,195,36
255,255,255,196,36
255,255,255,197,36
255,255,255,198,36
255,255,255,199,36
255,255,255,0,37
255,255,255,1,37
255,255,255,2,37
255,255,255,3,37
255,255,255,4,37
255,255,255,5,37
255,255,255,6,37
255,255,255,7,37
255,255,255,8,37
255,255,255,9,37
255,255,255,10,37
255,255,255,11,37
255,255,255,12,37
255,255,255,13,37
255,255,255,14,37
255,255,255,15,37
255,255,255,16,37
255,255,255,17,37
255,255,255,18,37
255,255,255,19,37
255,255,255,20,37
255,255,255,21,37
255,255,255,22,37
255,255,255,23,37
255,255,255,24,37
255,255,255,25,37
255,255,255,26,37
255,255,255,27,37
255,255,255,28,37
255,255,255,29,37
255,255,255,30,37
255,255,255,31,37
255,255,255,32,37
255,255,255,33,37
255,255,255,34,37
255,255,255,35,37
255,255,255,36,37
255,255,255,37,37
255,255,255,38,37
255,255,255,39,37
255,255,255,40,37
255,255,255,41,37
255,255,255,42,37
255,255,255,43,37
254,254,254,44,37
214,214,214,45,37
189,189,189,46,37
172,173,173,47,37
148,148,148,48,37
131,131,132,49,37
107,107,108,50,37
88,87,89,51,37
76,76,76,52,37
68,69,67,53,37
65,66,64,54,37
66,67,67,55,37
70,71,75,56,37
102,107,111,57,37
107,113,115,58,37
75,78,77,59,37
77,78,78,60,37
78,78,80,61,37
77,77,80,62,37
77,77,78,63,37
79,78,78,64,37
79,78,78,65,37
79,77,78,66,37
80,81,82,67,37
104,107,114,68,37
122,123,133,69,37
84,85,90,70,37
77,79,78,71,37
80,80,80,72,37
83,81,83,73,37
88,87,89,74,37
89,89,92,75,37
77,78,81,76,37
77,78,78,77,37
74,75,78,78,37
69,71,76,79,37
70,72,81,80,37
91,92,99,81,37
129,132,132,82,37
173,174,178,83,37
195,194,204,84,37
180,181,193,85,37
135,146,165,86,37
82,110,138,87,37
42,83,121,88,37
20,72,120,89,37
9,69,121,90,37
7,74,129,91,37
2,79,136,92,37
0,83,141,93,37
0,86,146,94,37
0,86,149,95,37
0,84,148,96,37
1,83,147,97,37
0,83,148,98,37
1,84,150,99,37
0,84,149,100,37
1,83,149,101,37
1,82,148,102,37
1,82,147,103,37
0,81,148,104,37
2,82,148,105,37
2,83,149,106,37
3,82,148,107,37
5,83,144,108,37
15,84,139,109,37
27,86,140,110,37
30,81,126,111,37
46,80,112,112,37
61,77,101,113,37
71,74,88,114,37
74,77,83,115,37
75,83,86,116,37
88,94,99,117,37
91,91,94,118,37
81,79,78,119,37
79,80,83,120,37
84,90,94,121,37
100,105,109,122,37
79,80,83,123,37
78,78,80,124,37
78,78,79,125,37
80,80,82,126,37
82,81,85,127,37
77,76,80,128,37
75,75,77,129,37
76,74,76,130,37
78,74,77,131,37
78,76,79,132,37
79,79,81,133,37
63,65,67,134,37
64,66,65,135,37
69,69,66,136,37
65,65,63,137,37
60,59,58,138,37
49,50,53,139,37
47,50,52,140,37
71,70,71,141,37
99,97,95,142,37
125,125,124,143,37
137,139,138,144,37
146,147,148,145,37
176,178,180,146,37
192,193,193,147,37
224,225,223,148,37
255,255,255,149,37
255,255,255,150,37
255,255,255,151,37
255,255,255,152,37
255,255,255,153,37
255,255,255,154,37
255,255,255,155,37
255,255,255,156,37
255,255,255,157,37
255,255,255,158,37
255,255,255,159,37
255,255,255,160,37
255,255,255,161,37
255,255,255,162,37
255,255,255,163,37
255,255,255,164,37
255,255,255,165,37
255,255,255,166,37
255,255,255,167,37
255,255,255,168,37
255,255,255,169,37
255,255,255,170,37
255,255,255,171,37
255,255,255,172,37
255,255,255,173,37
255,255,255,174,37
255,255,255,175,37
255,255,255,176,37
255,255,255,177,37
255,255,255,178,37
255,255,255,179,37
255,255,255,180,37
255,255,255,181,37
255,255,255,182,37
255,255,255,183,37
255,255,255,184,37
255,255,255,185,37
255,255,255,186,37
255,255,255,187,37
255,255,255,188,37
255,255,255,189,37
255,255,255,190,37
255,255,255,191,37
255,255,255,192,37
255,255,255,193,37
255,255,255,194,37
255,255,255,195,37
255,255,255,196,37
255,255,255,197,37
255,255,255,198,37
255,255,255,199,37
255,255,255,0,38
255,255,255,1,38
255,255,255,2,38
255,255,255,3,38
255,255,255,4,38
255,255,255,5,38
255,255,255,6,38
255,255,255,7,38
255,255,255,8,38
255,255,255,9,38
255,255,255,10,38
255,255,255,11,38
255,255,255,12,38
255,255,255,13,38
255,255,255,14,38
255,255,255,15,38
255,255,255,16,38
255,255,255,17,38
255,255,255,18,38
255,255,255,19,38
255,255,255,20,38
255,255,255,21,38
255,255,255,22,38
255,255,255,23,38
255,255,255,24,38
255,255,255,25,38
255,255,255,26,38
255,255,255,27,38
255,255,255,28,38
255,255,255,29,38
255,255,255,30,38
255,255,255,31,38
255,255,255,32,38
255,255,255,33,38
255,255,255,34,38
255,255,255,35,38
255,255,255,36,38
255,255,255,37,38
255,255,255,38,38
255,255,255,39,38
255,255,255,40,38
255,255,255,41,38
255,255,255,42,38
255,255,255,43,38
255,255,255,44,38
222,222,222,45,38
189,189,189,46,38
179,179,179,47,38
155,155,156,48,38
139,139,141,49,38
116,117,119,50,38
98,99,102,51,38
84,87,87,52,38
73,75,74,53,38
64,64,64,54,38
64,64,64,55,38
66,67,69,56,38
69,73,76,57,38
72,76,78,58,38
73,74,74,59,38
76,76,77,60,38
78,78,80,61,38
78,78,80,62,38
82,82,83,63,38
89,89,90,64,38
85,85,88,65,38
78,77,80,66,38
76,77,75,67,38
75,77,81,68,38
91,91,101,69,38
85,85,90,70,38
78,78,79,71,38
78,77,78,72,38
82,80,82,73,38
86,85,90,74,38
80,82,89,75,38
69,71,80,76,38
70,70,80,77,38
86,89,95,78,38
138,145,146,79,38
199,203,204,80,38
225,227,229,81,38
196,195,202,82,38
116,129,145,83,38
53,82,107,84,38
17,61,93,85,38
1,60,104,86,38
0,71,123,87,38
0,84,139,88,38
1,88,147,89,38
3,91,150,90,38
4,90,153,91,38
3,89,155,92,38
1,88,153,93,38
1,88,152,94,38
2,86,151,95,38
2,84,149,96,38
3,82,148,97,38
2,82,149,98,38
1,82,148,99,38
1,82,148,100,38
0,81,147,101,38
1,80,146,102,38
1,81,148,103,38
1,83,149,104,38
1,85,149,105,38
1,86,150,106,38
1,85,151,107,38
1,86,151,108,38
2,86,152,109,38
3,87,150,110,38
6,88,153,111,38
9,90,153,112,38
12,90,142,113,38
30,84,120,114,38
47,80,101,115,38
64,74,91,116,38
97,96,103,117,38
116,122,130,118,38
69,77,84,119,38
76,76,81,120,38
80,77,78,121,38
87,86,85,122,38
80,80,82,123,38
80,81,83,124,38
82,84,85,125,38
83,84,85,126,38
79,77,80,127,38
72,71,74,128,38
73,72,75,129,38
75,72,75,130,38
77,73,75,131,38
74,72,73,132,38
68,69,69,133,38
63,65,64,134,38
66,66,66,135,38
70,70,70,136,38
60,63,62,137,38
44,46,49,138,38
42,41,47,139,38
55,55,57,140,38
79,79,80,141,38
108,107,108,142,38
138,139,141,143,38
145,147,150,144,38
157,158,162,145,38
187,188,191,146,38
196,196,197,147,38
231,231,229,148,38
255,255,255,149,38
255,255,255,150,38
255,255,255,151,38
255,255,255,152,38
255,255,255,153,38
255,255,255,154,38
255,255,255,155,38
255,255,255,156,38
255,255,255,157,38
255,255,255,158,38
255,255,255,159,38
255,255,255,160,38
255,255,255,161,38
255,255,255,162,38
255,255,255,163,38
255,255,255,164,38
255,255,255,165,38
255,255,255,166,38
255,255,255,167,38
255,255,255,168,38
255,255,255,169,38
255,255,255,170,38
255,255,255,171,38
255,255,255,172,38
255,255,255,173,38
255,255,255,174,38
255,255,255,175,38
255,255,255,176,38
255,255,255,177,38
255,255,255,178,38
255,255,255,179,38
255,255,255,180,38
255,255,255,181,38
255,255,255,182,38
255,255,255,183,38
255,255,255,184,38
255,255,255,185,38
255,255,255,186,38
255,255,255,187,38
255,255,255,188,38
255,255,255,189,38
255,255,255,190,38
255,255,255,191,38
255,255,255,192,38
255,255,255,193,38
255,255,255,194,38
255,255,255,195,38
255,255,255,196,38
255,255,255,197,38
255,255,255,198,38
255,255,255,199,38
255,255,255,0,39
255,255,255,1,39
255,255,255,2,39
255,255,255,3,39
255,255,255,4,39
255,255,255,5,39
255,255,255,6,39
255,255,255,7,39
255,255,255,8,39
255,255,255,9,39
255,255,255,10,39
255,255,255,11,39
255,255,255,12,39
255,255,255,13,39
255,255,255,14,39
255,255,255,15,39
255,255,255,16,39
255,255,255,17,39
255,255,255,18,39
255,255,255,19,39
255,255,255,20,39
255,255,255,21,39
255,255,255,22,39
255,255,255,23,39
255,255,255,24,39
255,255,255,25,39
255,255,255,26,39
255,255,255,27,39
255,255,255,28,39
255,255,255,29,39
255,255,255,30,39
255,255,255,31,39
255,255,255,32,39
255,255,255,33,39
255,255,255,34,39
255,255,255,35,39
255,255,255,36,39
255,255,255,37,39
255,255,255,38,39
255,255,255,39,39
255,255,255,40,39
255,255,255,41,39
255,255,255,42,39
255,255,255,43,39
255,255,255,44,39
227,227,227,45,39
189,189,189,46,39
187,186,186,47,39
168,166,167,48,39
142,140,142,49,39
119,120,124,50,39
107,108,114,51,39
121,125,128,52,39
83,86,87,53,39
63,63,63,54,39
63,61,62,55,39
66,65,66,56,39
68,69,68,57,39
68,69,68,58,39
71,70,70,59,39
73,73,73,60,39
73,73,73,61,39
75,75,74,62,39
82,83,85,63,39
111,113,120,64,39
128,131,142,65,39
86,88,96,66,39
76,77,75,67,39
75,76,75,68,39
77,77,78,69,39
80,80,79,70,39
81,81,82,71,39
79,79,82,72,39
77,76,82,73,39
72,70,77,74,39
74,74,80,75,39
112,119,119,76,39
181,189,189,77,39
239,240,242,78,39
238,234,239,79,39
155,155,166,80,39
63,79,101,81,39
10,52,85,82,39
0,60,105,83,39
0,74,127,84,39
5,85,143,85,39
4,92,152,86,39
1,93,153,87,39
1,92,154,88,39
4,90,154,89,39
3,89,152,90,39
2,88,152,91,39
0,86,150,92,39
0,84,149,93,39
1,82,148,94,39
1,81,148,95,39
1,80,147,96,39
1,80,147,97,39
1,81,148,98,39
1,82,148,99,39
1,82,148,100,39
1,82,147,101,39
2,83,147,102,39
2,84,148,103,39
2,86,150,104,39
1,89,150,105,39
0,89,151,106,39
1,90,154,107,39
1,91,154,108,39
0,91,152,109,39
0,92,153,110,39
2,92,151,111,39
3,93,150,112,39
2,94,150,113,39
3,95,154,114,39
5,89,151,115,39
14,84,144,116,39
28,83,128,117,39
60,93,119,118,39
68,73,85,119,39
77,74,80,120,39
76,72,79,121,39
75,73,75,122,39
79,77,78,123,39
79,79,79,124,39
80,82,81,125,39
84,85,85,126,39
86,85,89,127,39
81,79,85,128,39
76,76,79,129,39
78,76,79,130,39
68,66,68,131,39
66,65,66,132,39
64,64,63,133,39
67,67,66,134,39
71,71,71,135,39
80,81,84,136,39
83,89,94,137,39
67,72,80,138,39
48,48,55,139,39
59,58,62,140,39
87,87,88,141,39
116,116,118,142,39
139,139,142,143,39
158,161,166,144,39
178,180,187,145,39
209,210,215,146,39
215,215,219,147,39
237,237,237,148,39
255,255,255,149,39
255,255,255,150,39
255,255,255,151,39
255,255,255,152,39
255,255,255,153,39
255,255,255,154,39
255,255,255,155,39
255,255,255,156,39
255,255,255,157,39
255,255,255,158,39
255,255,255,159,39
255,255,255,160,39
255,255,255,161,39
255,255,255,162,39
255,255,255,163,39
255,255,255,164,39
255,255,255,165,39
255,255,255,166,39
255,255,255,167,39
255,255,255,168,39
255,255,255,169,39
255,255,255,170,39
255,255,255,171,39
255,255,255,172,39
255,255,255,173,39
255,255,255,174,39
255,255,255,175,39
255,255,255,176,39
255,255,255,177,39
255,255,255,178,39
255,255,255,179,39
255,255,255,180,39
255,255,255,181,39
255,255,255,182,39
255,255,255,183,39
255,255,255,184,39
255,255,255,185,39
255,255,255,186,39
255,255,255,187,39
255,255,255,188,39
255,255,255,189,39
255,255,255,190,39
255,255,255,191,39
255,255,255,192,39
255,255,255,193,39
255,255,255,194,39
255,255,255,195,39
255,255,255,196,39
255,255,255,197,39
255,255,255,198,39
255,255,255,199,39
255,255,255,0,40
255,255,255,1,40
255,255,255,2,40
255,255,255,3,40
255,255,255,4,40
255,255,255,5,40
255,255,255,6,40
255,255,255,7,40
255,255,255,8,40
255,255,255,9,40
255,255,255,10,40
255,255,255,11,40
255,255,255,12,40
255,255,255,13,40
255,255,255,14,40
255,255,255,15,40
255,255,255,16,40
255,255,255,17,40
255,255,255,18,40
255,255,255,19,40
255,255,255,20,40
255,255,255,21,40
255,255,255,22,40
255,255,255,23,40
255,255,255,24,40
255,255,255,25,40
255,255,255,26,40
255,255,255,27,40
255,255,255,28,40
255,255,255,29,40
255,255,255,30,40
255,255,255,31,40
255,255,255,32,40
255,255,255,33,40
255,255,255,34,40
255,255,255,35,40
255,255,255,36,40
255,255,255,37,40
255,255,255,38,40
255,255,255,39,40
255,255,255,40,40
255,255,255,41,40
255,255,255,42,40
255,255,255,43,40
255,255,255,44,40
234,234,234,45,40
190,190,190,46,40
188,188,188,47,40
169,168,168,48,40
151,149,151,49,40
133,132,138,50,40
124,125,132,51,40
136,140,144,52,40
83,87,87,53,40
63,63,63,54,40
59,56,57,55,40
63,62,62,56,40
68,67,65,57,40
69,70,69,58,40
70,70,71,59,40
71,71,71,60,40
71,71,69,61,40
70,71,70,62,40
73,74,77,63,40
92,95,106,64,40
134,138,154,65,40
109,112,123,66,40
76,78,78,67,40
75,75,74,68,40
76,76,76,69,40
78,79,79,70,40
78,79,83,71,40
72,73,80,72,40
76,76,83,73,40
127,127,132,74,40
200,203,205,75,40
254,255,253,76,40
239,239,236,77,40
141,148,157,78,40
44,63,89,79,40
0,43,85,80,40
4,66,120,81,40
3,85,148,82,40
0,93,157,83,40
2,91,156,84,40
1,88,155,85,40
1,87,154,86,40
2,86,151,87,40
3,84,150,88,40
5,83,149,89,40
3,83,148,90,40
1,83,149,91,40
0,83,148,92,40
1,82,148,93,40
1,81,148,94,40
1,80,147,95,40
1,80,147,96,40
1,81,147,97,40
2,82,149,98,40
1,83,149,99,40
1,85,150,100,40
1,86,151,101,40
1,87,152,102,40
1,89,153,103,40
2,92,154,104,40
2,94,156,105,40
2,95,157,106,40
0,94,157,107,40
0,94,158,108,40
1,95,157,109,40
1,95,157,110,40
0,94,153,111,40
1,94,153,112,40
3,92,156,113,40
5,90,158,114,40
3,89,155,115,40
1,90,147,116,40
2,83,144,117,40
11,74,137,118,40
30,72,115,119,40
53,71,94,120,40
64,73,88,121,40
69,75,85,122,40
77,75,79,123,40
76,75,76,124,40
75,75,76,125,40
78,78,78,126,40
86,87,90,127,40
113,114,119,128,40
92,93,97,129,40
130,129,131,130,40
83,82,85,131,40
55,54,56,132,40
60,60,60,133,40
64,64,63,134,40
71,72,72,135,40
84,85,89,136,40
119,124,132,137,40
119,122,134,138,40
47,47,55,139,40
61,61,64,140,40
94,94,95,141,40
125,126,126,142,40
153,154,156,143,40
174,176,182,144,40
190,193,201,145,40
213,215,220,146,40
211,212,216,147,40
240,241,242,148,40
255,255,255,149,40
255,255,255,150,40
255,255,255,151,40
255,255,255,152,40
255,255,255,153,40
255,255,255,154,40
255,255,255,155,40
255,255,255,156,40
255,255,255,157,40
255,255,255,158,40
255,255,255,159,40
255,255,255,160,40
255,255,255,161,40
255,255,255,162,40
255,255,255,163,40
255,255,255,164,40
255,255,255,165,40
255,255,255,166,40
255,255,255,167,40
255,255,255,168,40
255,255,255,169,40
255,255,255,170,40
255,255,255,171,40
255,255,255,172,40
255,255,255,173,40
255,255,255,174,40
255,255,255,175,40
255,255,255,176,40
255,255,255,177,40
255,255,255,178,40
255,255,255,179,40
255,255,255,180,40
255,255,255,181,40
255,255,255,182,40
255,255,255,183,40
255,255,255,184,40
255,255,255,185,40
255,255,255,186,40
255,255,255,187,40
255,255,255,188,40
255,255,255,189,40
255,255,255,190,40
255,255,255,191,40
255,255,255,192,40
255,255,255,193,40
255,255,255,194,40
255,255,255,195,40
255,255,255,196,40
255,255,255,197,40
255,255,255,198,40
255,255,255,199,40
255,255,255,0,41
255,255,255,1,41
255,255,255,2,41
255,255,255,3,41
255,255,255,4,41
255,255,255,5,41
255,255,255,6,41
255,255,255,7,41
255,255,255,8,41
255,255,255,9,41
255,255,255,10,41
255,255,255,11,41
255,255,255,12,41
255,255,255,13,41
255,255,255,14,41
255,255,255,15,41
255,255,255,16,41
255,255,255,17,41
255,255,255,18,41
255,255,255,19,41
255,255,255,20,41
255,255,255,21,41
255,255,255,22,41
255,255,255,23,41
255,255,255,24,41
255,255,255,25,41
255,255,255,26,41
255,255,255,27,41
255,255,255,28,41
255,255,255,29,41
255,255,255,30,41
255,255,255,31,41
255,255,255,32,41
255,255,255,33,41
255,255,255,34,41
255,255,255,35,41
255,255,255,36,41
255,255,255,37,41
255,255,255,38,41
255,255,255,39,41
255,255,255,40,41
255,255,255,41,41
255,255,255,42,41
255,255,255,43,41
255,255,255,44,41
240,240,240,45,41
192,192,192,46,41
187,187,187,47,41
170,170,170,48,41
155,155,157,49,41
140,140,145,50,41
124,125,130,51,41
103,105,107,52,41
75,75,75,53,41
60,58,58,54,41
84,81,82,55,41
92,90,91,56,41
71,72,73,57,41
81,84,89,58,41
94,98,104,59,41
75,79,81,60,41
69,71,70,61,41
69,70,71,62,41
68,69,70,63,41
74,76,82,64,41
102,106,117,65,41
108,112,122,66,41
79,83,83,67,41
73,75,75,68,41
74,77,79,69,41
71,75,79,70,41
66,68,73,71,41
113,114,118,72,41
205,205,208,73,41
251,255,255,74,41
250,255,255,75,41
167,171,179,76,41
48,62,92,77,41
0,43,88,78,41
0,75,126,79,41
4,91,148,80,41
6,90,155,81,41
4,87,155,82,41
3,86,152,83,41
2,86,149,84,41
3,86,150,85,41
3,83,149,86,41
2,81,147,87,41
1,80,146,88,41
1,80,146,89,41
1,80,146,90,41
0,80,146,91,41
0,80,146,92,41
1,80,147,93,41
0,81,147,94,41
0,82,147,95,41
0,83,149,96,41
1,85,150,97,41
2,87,152,98,41
1,88,153,99,41
1,90,154,100,41
1,92,155,101,41
0,94,156,102,41
1,94,156,103,41
1,96,158,104,41
2,98,159,105,41
1,98,161,106,41
0,96,160,107,41
1,96,160,108,41
1,97,159,109,41
2,96,158,110,41
1,95,157,111,41
1,94,157,112,41
3,90,153,113,41
6,85,147,114,41
5,83,142,115,41
5,83,141,116,41
4,80,141,117,41
2,75,142,118,41
4,71,140,119,41
10,68,129,120,41
25,67,105,121,41
52,71,89,122,41
68,74,84,123,41
71,73,78,124,41
71,72,73,125,41
73,74,73,126,41
83,84,85,127,41
122,126,129,128,41
80,81,85,129,41
72,73,74,130,41
78,78,79,131,41
59,59,62,132,41
54,54,55,133,41
57,57,56,134,41
63,63,64,135,41
81,82,85,136,41
102,103,111,137,41
55,56,65,138,41
43,42,49,139,41
68,68,69,140,41
99,99,98,141,41
130,130,131,142,41
158,158,161,143,41
176,177,183,144,41
190,194,199,145,41
202,205,208,146,41
196,197,200,147,41
243,244,244,148,41
254,255,255,149,41
255,255,255,150,41
255,255,255,151,41
255,255,255,152,41
255,255,255,153,41
255,255,255,154,41
255,255,255,155,41
255,255,255,156,41
255,255,255,157,41
255,255,255,158,41
255,255,255,159,41
255,255,255,160,41
255,255,255,161,41
255,255,255,162,41
255,255,255,163,41
255,255,255,164,41
255,255,255,165,41
255,255,255,166,41
255,255,255,167,41
255,255,255,168,41
255,255,255,169,41
255,255,255,170,41
255,255,255,171,41
255,255,255,172,41
255,255,255,173,41
255,255,255,174,41
255,255,255,175,41
255,255,255,176,41
255,255,255,177,41
255,255,255,178,41
255,255,255,179,41
255,255,255,180,41
255,255,255,181,41
255,255,255,182,41
255,255,255,183,41
255,255,255,184,41
255,255,255,185,41
255,255,255,186,41
255,255,255,187,41
255,255,255,188,41
255,255,255,189,41
255,255,255,190,41
255,255,255,191,41
255,255,255,192,41
255,255,255,193,41
255,255,255,194,41
255,255,255,195,41
255,255,255,196,41
255,255,255,197,41
255,255,255,198,41
255,255,255,199,41
255,255,255,0,42
255,255,255,1,42
255,255,255,2,42
255,255,255,3,42
255,255,255,4,42
255,255,255,5,42
255,255,255,6,42
255,255,255,7,42
255,255,255,8,42
255,255,255,9,42
255,255,255,10,42
255,255,255,11,42
255,255,255,12,42
255,255,255,13,42
255,255,255,14,42
255,255,255,15,42
255,255,255,16,42
255,255,255,17,42
255,255,255,18,42
255,255,255,19,42
255,255,255,20,42
255,255,255,21,42
255,255,255,22,42
255,255,255,23,42
255,255,255,24,42
255,255,255,25,42
255,255,255,26,42
255,255,255,27,42
255,255,255,28,42
255,255,255,29,42
255,255,255,30,42
255,255,255,31,42
255,255,255,32,42
255,255,255,33,42
255,255,255,34,42
255,255,255,35,42
255,255,255,36,42
255,255,255,37,42
255,255,255,38,42
255,255,255,39,42
255,255,255,40,42
255,255,255,41,42
255,255,255,42,42
255,255,255,43,42
255,255,255,44,42
243,243,243,45,42
193,193,193,46,42
189,189,189,47,42
174,175,175,48,42
158,159,161,49,42
142,142,145,50,42
118,119,121,51,42
88,88,86,52,42
71,69,69,53,42
55,52,52,54,42
72,70,71,55,42
70,68,71,56,42
70,71,76,57,42
84,88,96,58,42
108,115,122,59,42
96,102,105,60,42
69,71,71,61,42
69,70,69,62,42
67,68,68,63,42
71,72,73,64,42
81,83,87,65,42
81,85,91,66,42
72,75,78,67,42
73,76,79,68,42
72,77,89,69,42
88,91,98,70,42
169,171,171,71,42
247,248,248,72,42
255,255,255,73,42
230,227,231,74,42
93,99,116,75,42
7,42,81,76,42
2,70,125,77,42
4,86,151,78,42
3,87,154,79,42
1,87,151,80,42
1,86,145,81,42
4,84,142,82,42
3,81,142,83,42
2,80,143,84,42
4,79,143,85,42
4,76,143,86,42
2,76,143,87,42
2,77,146,88,42
2,78,147,89,42
1,79,145,90,42
1,80,146,91,42
1,80,145,92,42
1,81,147,93,42
2,83,148,94,42
1,86,150,95,42
1,89,153,96,42
1,92,156,97,42
1,94,157,98,42
1,95,158,99,42
1,97,159,100,42
1,99,160,101,42
1,99,161,102,42
0,100,161,103,42
0,100,162,104,42
1,101,164,105,42
1,101,163,106,42
0,100,162,107,42
1,99,162,108,42
1,98,160,109,42
2,96,157,110,42
1,93,156,111,42
0,91,153,112,42
0,89,148,113,42
1,84,143,114,42
1,79,142,115,42
2,75,141,116,42
4,72,135,117,42
2,71,133,118,42
2,68,135,119,42
3,67,134,120,42
5,65,127,121,42
15,65,114,122,42
42,67,94,123,42
66,69,79,124,42
71,70,73,125,42
74,70,72,126,42
74,77,73,127,42
72,78,77,128,42
60,63,64,129,42
66,66,67,130,42
74,74,74,131,42
91,93,94,132,42
50,51,53,133,42
48,48,47,134,42
54,54,54,135,42
67,66,70,136,42
74,72,78,137,42
28,28,37,138,42
42,42,50,139,42
75,75,75,140,42
105,105,104,141,42
128,128,130,142,42
144,144,147,143,42
157,158,160,144,42
178,181,182,145,42
190,192,194,146,42
197,198,199,147,42
246,248,247,148,42
255,255,255,149,42
255,255,255,150,42
255,255,255,151,42
255,255,255,152,42
255,255,255,153,42
255,255,255,154,42
255,255,255,155,42
255,255,255,156,42
255,255,255,157,42
255,255,255,158,42
255,255,255,159,42
255,255,255,160,42
255,255,255,161,42
255,255,255,162,42
255,255,255,163,42
255,255,255,164,42
255,255,255,165,42
255,255,255,166,42
255,255,255,167,42
255,255,255,168,42
255,255,255,169,42
255,255,255,170,42
255,255,255,171,42
255,255,255,172,42
255,255,255,173,42
255,255,255,174,42
255,255,255,175,42
255,255,255,176,42
255,255,255,177,42
255,255,255,178,42
255,255,255,179,42
255,255,255,180,42
255,255,255,181,42
255,255,255,182,42
255,255,255,183,42
255,255,255,184,42
255,255,255,185,42
255,255,255,186,42
255,255,255,187,42
255,255,255,188,42
255,255,255,189,42
255,255,255,190,42
255,255,255,191,42
255,255,255,192,42
255,255,255,193,42
255,255,255,194,42
255,255,255,195,42
255,255,255,196,42
255,255,255,197,42
255,255,255,198,42
255,255,255,199,42
255,255,255,0,43
255,255,255,1,43
255,255,255,2,43
255,255,255,3,43
255,255,255,4,43
255,255,255,5,43
255,255,255,6,43
255,255,255,7,43
255,255,255,8,43
255,255,255,9,43
255,255,255,10,43
255,255,255,11,43
255,255,255,12,43
255,255,255,13,43
255,255,255,14,43
255,255,255,15,43
255,255,255,16,43
255,255,255,17,43
255,255,255,18,43
255,255,255,19,43
255,255,255,20,43
255,255,255,21,43
255,255,255,22,43
255,255,255,23,43
255,255,255,24,43
255,255,255,25,43
255,255,255,26,43
255,255,255,27,43
255,255,255,28,43
255,255,255,29,43
255,255,255,30,43
255,255,255,31,43
255,255,255,32,43
255,255,255,33,43
255,255,255,34,43
255,255,255,35,43
255,255,255,36,43
255,255,255,37,43
255,255,255,38,43
255,255,255,39,43
255,255,255,40,43
255,255,255,41,43
255,255,255,42,43
255,255,255,43,43
255,255,255,44,43
246,246,246,45,43
196,196,196,46,43
189,190,188,47,43
177,177,177,48,43
161,160,164,49,43
143,143,146,50,43
119,119,120,51,43
89,89,87,52,43
70,68,67,53,43
54,51,52,54,43
46,44,46,55,43
51,48,54,56,43
59,59,63,57,43
63,68,72,58,43
74,79,84,59,43
85,87,88,60,43
72,72,71,61,43
68,68,66,62,43
67,68,67,63,43
68,70,70,64,43
71,72,74,65,43
69,70,74,66,43
68,70,74,67,43
63,64,70,68,43
106,109,121,69,43
217,218,222,70,43
255,255,252,71,43
255,255,255,72,43
194,196,198,73,43
47,61,89,74,43
0,48,96,75,43
8,82,139,76,43
4,87,153,77,43
3,85,148,78,43
2,83,146,79,43
1,80,147,80,43
1,79,143,81,43
1,77,146,82,43
2,74,145,83,43
2,76,140,84,43
1,77,138,85,43
2,75,140,86,43
3,77,144,87,43
2,78,147,88,43
2,80,148,89,43
3,81,146,90,43
3,83,147,91,43
1,86,148,92,43
1,88,150,93,43
1,89,152,94,43
0,93,154,95,43
1,96,158,96,43
2,98,161,97,43
1,100,162,98,43
1,100,163,99,43
1,101,164,100,43
1,103,165,101,43
1,103,165,102,43
1,103,166,103,43
0,102,165,104,43
1,103,165,105,43
0,102,164,106,43
1,101,163,107,43
1,97,160,108,43
1,94,157,109,43
1,91,154,110,43
1,87,152,111,43
1,84,149,112,43
2,79,145,113,43
3,76,140,114,43
2,74,138,115,43
2,71,137,116,43
1,68,137,117,43
1,67,134,118,43
0,67,133,119,43
1,66,136,120,43
2,67,134,121,43
3,68,128,122,43
11,68,127,123,43
32,66,109,124,43
59,65,84,125,43
67,69,65,126,43
63,65,65,127,43
61,60,63,128,43
61,60,63,129,43
64,64,65,130,43
67,67,69,131,43
75,79,81,132,43
51,54,54,133,43
49,49,47,134,43
59,58,57,135,43
61,61,65,136,43
61,59,66,137,43
74,76,88,138,43
91,95,106,139,43
86,87,91,140,43
109,109,109,141,43
131,131,131,142,43
142,141,142,143,43
147,147,148,144,43
172,172,172,145,43
191,191,192,146,43
203,203,204,147,43
250,250,250,148,43
255,255,255,149,43
255,255,255,150,43
255,255,255,151,43
255,255,255,152,43
255,255,255,153,43
255,255,255,154,43
255,255,255,155,43
255,255,255,156,43
255,255,255,157,43
255,255,255,158,43
255,255,255,159,43
255,255,255,160,43
255,255,255,161,43
255,255,255,162,43
255,255,255,163,43
255,255,255,164,43
255,255,255,165,43
255,255,255,166,43
255,255,255,167,43
255,255,255,168,43
255,255,255,169,43
255,255,255,170,43
255,255,255,171,43
255,255,255,172,43
255,255,255,173,43
255,255,255,174,43
255,255,255,175,43
255,255,255,176,43
255,255,255,177,43
255,255,255,178,43
255,255,255,179,43
255,255,255,180,43
255,255,255,181,43
255,255,255,182,43
255,255,255,183,43
255,255,255,184,43
255,255,255,185,43
255,255,255,186,43
255,255,255,187,43
255,255,255,188,43
255,255,255,189,43
255,255,255,190,43
255,255,255,191,43
255,255,255,192,43
255,255,255,193,43
255,255,255,194,43
255,255,255,195,43
255,255,255,196,43
255,255,255,197,43
255,255,255,198,43
255,255,255,199,43
255,255,255,0,44
255,255,255,1,44
255,255,255,2,44
255,255,255,3,44
255,255,255,4,44
255,255,255,5,44
255,255,255,6,44
255,255,255,7,44
255,255,255,8,44
255,255,255,9,44
255,255,255,10,44
255,255,255,11,44
255,255,255,12,44
255,255,255,13,44
255,255,255,14,44
255,255,255,15,44
255,255,255,16,44
255,255,255,17,44
255,255,255,18,44
255,255,255,19,44
255,255,255,20,44
255,255,255,21,44
255,255,255,22,44
255,255,255,23,44
255,255,255,24,44
255,255,255,25,44
255,255,255,26,44
255,255,255,27,44
255,255,255,28,44
255,255,255,29,44
255,255,255,30,44
255,255,255,31,44
255,255,255,32,44
255,255,255,33,44
255,255,255,34,44
255,255,255,35,44
255,255,255,36,44
255,255,255,37,44
255,255,255,38,44
255,255,255,39,44
255,255,255,40,44
255,255,255,41,44
255,255,255,42,44
255,255,255,43,44
255,255,255,44,44
250,250,250,45,44
199,199,199,46,44
188,188,188,47,44
180,180,181,48,44
166,165,169,49,44
158,159,164,50,44
147,148,151,51,44
107,107,110,52,44
78,75,76,53,44
59,55,55,54,44
42,40,43,55,44
65,63,69,56,44
61,60,66,57,44
67,69,72,58,44
78,82,82,59,44
79,80,76,60,44
69,68,65,61,44
68,67,65,62,44
69,69,70,63,44
68,70,70,64,44
69,70,73,65,44
68,69,72,66,44
59,60,63,67,44
117,118,122,68,44
234,236,235,69,44
255,255,255,70,44
255,255,255,71,44
175,180,185,72,44
22,47,70,73,44
1,62,111,74,44
6,86,147,75,44
4,85,145,76,44
3,81,144,77,44
1,79,144,78,44
0,77,144,79,44
0,70,139,80,44
0,68,136,81,44
0,67,135,82,44
0,65,134,83,44
0,70,137,84,44
1,77,142,85,44
1,76,142,86,44
1,79,146,87,44
2,81,147,88,44
2,84,149,89,44
1,88,152,90,44
1,89,153,91,44
0,91,155,92,44
1,94,157,93,44
1,97,158,94,44
1,99,160,95,44
0,101,162,96,44
0,103,164,97,44
1,104,165,98,44
1,104,165,99,44
1,104,165,100,44
2,105,166,101,44
2,105,167,102,44
2,106,167,103,44
2,105,167,104,44
2,104,166,105,44
0,102,164,106,44
1,99,161,107,44
1,96,157,108,44
1,90,155,109,44
1,86,151,110,44
1,82,147,111,44
1,77,143,112,44
3,73,140,113,44
1,71,138,114,44
1,68,137,115,44
1,65,135,116,44
2,63,136,117,44
2,64,132,118,44
3,65,128,119,44
2,65,133,120,44
2,66,134,121,44
5,67,129,122,44
7,71,137,123,44
6,77,141,124,44
24,74,110,125,44
50,63,78,126,44
56,57,69,127,44
58,59,64,128,44
60,59,60,129,44
60,58,59,130,44
61,60,61,131,44
53,56,57,132,44
45,48,48,133,44
54,54,53,134,44
63,63,62,135,44
73,72,75,136,44
81,80,85,137,44
97,99,108,138,44
118,122,132,139,44
104,106,111,140,44
115,115,115,141,44
134,134,134,142,44
143,143,143,143,44
150,150,150,144,44
177,177,175,145,44
192,192,192,146,44
206,206,206,147,44
253,253,253,148,44
255,255,255,149,44
255,255,255,150,44
255,255,255,151,44
255,255,255,152,44
255,255,255,153,44
255,255,255,154,44
255,255,255,155,44
255,255,255,156,44
255,255,255,157,44
255,255,255,158,44
255,255,255,159,44
255,255,255,160,44
255,255,255,161,44
255,255,255,162,44
255,255,255,163,44
255,255,255,164,44
255,255,255,165,44
255,255,255,166,44
255,255,255,167,44
255,255,255,168,44
255,255,255,169,44
255,255,255,170,44
255,255,255,171,44
255,255,255,172,44
255,255,255,173,44
255,255,255,174,44
255,255,255,175,44
255,255,255,176,44
255,255,255,177,44
255,255,255,178,44
255,255,255,179,44
255,255,255,180,44
255,255,255,181,44
255,255,255,182,44
255,255,255,183,44
255,255,255,184,44
255,255,255,185,44
255,255,255,186,44
255,255,255,187,44
255,255,255,188,44
255,255,255,189,44
255,255,255,190,44
255,255,255,191,44
255,255,255,192,44
255,255,255,193,44
255,255,255,194,44
255,255,255,195,44
255,255,255,196,44
255,255,255,197,44
255,255,255,198,44
255,255,255,199,44
255,255,255,0,45
255,255,255,1,45
255,255,255,2,45
255,255,255,3,45
255,255,255,4,45
255,255,255,5,45
255,255,255,6,45
255,255,255,7,45
255,255,255,8,45
255,255,255,9,45
255,255,255,10,45
255,255,255,11,45
255,255,255,12,45
255,255,255,13,45
255,255,255,14,45
255,255,255,15,45
255,255,255,16,45
255,255,255,17,45
255,255,255,18,45
255,255,255,19,45
255,255,255,20,45
255,255,255,21,45
255,255,255,22,45
255,255,255,23,45
255,255,255,24,45
255,255,255,25,45
255,255,255,26,45
255,255,255,27,45
255,255,255,28,45
255,255,255,29,45
255,255,255,30,45
255,255,255,31,45
255,255,255,32,45
255,255,255,33,45
255,255,255,34,45
255,255,255,35,45
255,255,255,36,45
255,255,255,37,45
255,255,255,38,45
255,255,255,39,45
255,255,255,40,45
255,255,255,41,45
255,255,255,42,45
255,255,255,43,45
255,255,255,44,45
250,250,250,45,45
200,200,200,46,45
189,189,188,47,45
184,184,185,48,45
175,175,178,49,45
179,180,186,50,45
182,185,191,51,45
155,157,162,52,45
100,100,103,53,45
59,56,59,54,45
36,33,38,55,45
53,50,57,56,45
92,90,97,57,45
100,101,104,58,45
81,82,82,59,45
68,68,62,60,45
65,64,58,61,45
67,66,66,62,45
77,78,83,63,45
78,80,86,64,45
65,68,73,65,45
56,60,63,66,45
119,121,122,67,45
242,243,243,68,45
254,255,253,69,45
255,255,255,70,45
183,181,191,71,45
19,45,73,72,45
0,67,114,73,45
5,85,141,74,45
2,82,142,75,45
4,82,145,76,45
2,75,133,77,45
5,68,124,78,45
36,90,148,79,45
79,126,164,80,45
104,143,175,81,45
111,145,171,82,45
82,121,158,83,45
25,83,139,84,45
3,72,134,85,45
5,80,145,86,45
3,83,151,87,45
2,84,146,88,45
2,90,151,89,45
1,95,159,90,45
0,97,162,91,45
1,97,162,92,45
1,100,163,93,45
1,103,165,94,45
1,104,166,95,45
1,106,166,96,45
1,107,167,97,45
1,107,167,98,45
1,107,167,99,45
1,108,167,100,45
1,108,167,101,45
1,108,167,102,45
1,108,168,103,45
2,107,167,104,45
1,104,166,105,45
0,101,162,106,45
1,97,158,107,45
1,92,155,108,45
1,87,153,109,45
1,81,148,110,45
2,77,141,111,45
1,73,136,112,45
1,70,136,113,45
1,69,136,114,45
3,67,135,115,45
3,66,131,116,45
4,64,130,117,45
4,65,127,118,45
2,67,126,119,45
3,67,131,120,45
6,67,136,121,45
6,69,140,122,45
5,74,140,123,45
4,81,137,124,45
6,84,144,125,45
25,72,119,126,45
47,55,70,127,45
54,60,64,128,45
57,57,60,129,45
60,58,60,130,45
65,64,67,131,45
66,69,72,132,45
45,48,50,133,45
47,47,48,134,45
58,58,58,135,45
65,65,66,136,45
63,63,66,137,45
63,63,70,138,45
79,79,86,139,45
99,99,102,140,45
122,122,122,141,45
138,138,138,142,45
145,145,145,143,45
151,151,151,144,45
175,175,175,145,45
200,200,200,146,45
215,215,215,147,45
255,255,255,148,45
255,255,255,149,45
255,255,255,150,45
255,255,255,151,45
255,255,255,152,45
255,255,255,153,45
255,255,255,154,45
255,255,255,155,45
255,255,255,156,45
255,255,255,157,45
255,255,255,158,45
255,255,255,159,45
255,255,255,160,45
255,255,255,161,45
255,255,255,162,45
255,255,255,163,45
255,255,255,164,45
255,255,255,165,45
255,255,255,166,45
255,255,255,167,45
255,255,255,168,45
255,255,255,169,45
255,255,255,170,45
255,255,255,171,45
255,255,255,172,45
255,255,255,173,45
255,255,255,174,45
255,255,255,175,45
255,255,255,176,45
255,255,255,177,45
255,255,255,178,45
255,255,255,179,45
255,255,255,180,45
255,255,255,181,45
255,255,255,182,45
255,255,255,183,45
255,255,255,184,45
255,255,255,185,45
255,255,255,186,45
255,255,255,187,45
255,255,255,188,45
255,255,255,189,45
255,255,255,190,45
255,255,255,191,45
255,255,255,192,45
255,255,255,193,45
255,255,255,194,45
255,255,255,195,45
255,255,255,196,45
255,255,255,197,45
255,255,255,198,45
255,255,255,199,45
255,255,255,0,46
255,255,255,1,46
255,255,255,2,46
255,255,255,3,46
255,255,255,4,46
255,255,255,5,46
255,255,255,6,46
255,255,255,7,46
255,255,255,8,46
255,255,255,9,46
255,255,255,10,46
255,255,255,11,46
255,255,255,12,46
255,255,255,13,46
255,255,255,14,46
255,255,255,15,46
255,255,255,16,46
255,255,255,17,46
255,255,255,18,46
255,255,255,19,46
255,255,255,20,46
255,255,255,21,46
255,255,255,22,46
255,255,255,23,46
255,255,255,24,46
255,255,255,25,46
255,255,255,26,46
255,255,255,27,46
255,255,255,28,46
255,255,255,29,46
255,255,255,30,46
255,255,255,31,46
255,255,255,32,46
255,255,255,33,46
255,255,255,34,46
255,255,255,35,46
255,255,255,36,46
255,255,255,37,46
255,255,255,38,46
255,255,255,39,46
255,255,255,40,46
255,255,255,41,46
255,255,255,42,46
255,255,255,43,46
255,255,255,44,46
253,253,253,45,46
203,203,203,46,46
188,188,188,47,46
185,185,185,48,46
177,177,178,49,46
177,179,183,50,46
183,187,193,51,46
177,180,186,52,46
124,126,130,53,46
59,59,62,54,46
35,34,40,55,46
56,56,64,56,46
132,132,140,57,46
112,113,118,58,46
77,78,79,59,46
64,64,60,60,46
60,60,56,61,46
59,60,62,62,46
90,93,103,63,46
108,112,124,64,46
57,61,71,65,46
100,104,109,66,46
236,239,240,67,46
252,254,253,68,46
255,255,255,69,46
211,209,214,70,46
29,50,79,71,46
0,64,116,72,46
1,82,145,73,46
2,81,136,74,46
3,79,141,75,46
0,68,138,76,46
36,84,136,77,46
153,177,190,78,46
231,237,239,79,46
250,255,251,80,46
206,207,212,81,46
178,179,184,82,46
228,237,233,83,46
209,226,231,84,46
72,114,145,85,46
5,77,136,86,46
2,90,157,87,46
2,94,153,88,46
3,95,154,89,46
2,99,164,90,46
1,101,165,91,46
1,102,164,92,46
0,104,166,93,46
2,107,168,94,46
1,107,167,95,46
2,108,168,96,46
2,108,167,97,46
1,108,167,98,46
2,108,167,99,46
0,108,167,100,46
0,108,168,101,46
0,108,168,102,46
2,108,168,103,46
1,106,166,104,46
0,103,165,105,46
0,99,161,106,46
1,94,156,107,46
1,88,152,108,46
1,83,148,109,46
0,77,142,110,46
1,72,137,111,46
2,69,134,112,46
1,67,134,113,46
2,68,135,114,46
4,66,128,115,46
3,60,121,116,46
6,60,123,117,46
8,65,129,118,46
0,67,132,119,46
3,74,144,120,46
2,78,139,121,46
1,79,139,122,46
0,76,140,123,46
0,74,142,124,46
0,82,149,125,46
8,90,145,126,46
29,65,97,127,46
46,57,70,128,46
54,58,65,129,46
64,62,65,130,46
71,71,75,131,46
110,114,120,132,46
62,66,71,133,46
33,34,36,134,46
50,50,50,135,46
49,49,49,136,46
94,94,96,137,46
72,72,75,138,46
70,70,72,139,46
104,104,104,140,46
128,128,127,141,46
140,140,140,142,46
145,145,145,143,46
152,152,152,144,46
173,173,173,145,46
202,202,202,146,46
221,221,221,147,46
255,255,255,148,46
255,255,255,149,46
255,255,255,150,46
255,255,255,151,46
255,255,255,152,46
255,255,255,153,46
255,255,255,154,46
255,255,255,155,46
255,255,255,156,46
255,255,255,157,46
255,255,255,158,46
255,255,255,159,46
255,255,255,160,46
255,255,255,161,46
255,255,255,162,46
255,255,255,163,46
255,255,255,164,46
255,255,255,165,46
255,255,255,166,46
255,255,255,167,46
255,255,255,168,46
255,255,255,169,46
255,255,255,170,46
255,255,255,171,46
255,255,255,172,46
255,255,255,173,46
255,255,255,174,46
255,255,255,175,46
255,255,255,176,46
255,255,255,177,46
255,255,255,178,46
255,255,255,179,46
255,255,255,180,46
255,255,255,181,46
255,255,255,182,46
255,255,255,183,46
255,255,255,184,46
255,255,255,185,46
255,255,255,186,46
255,255,255,187,46
255,255,255,188,46
255,255,255,189,46
255,255,255,190,46
255,255,255,191,46
255,255,255,192,46
255,255,255,193,46
255,255,255,194,46
255,255,255,195,46
255,255,255,196,46
255,255,255,197,46
255,255,255,198,46
255,255,255,199,46
255,255,255,0,47
255,255,255,1,47
255,255,255,2,47
255,255,255,3,47
255,255,255,4,47
255,255,255,5,47
255,255,255,6,47
255,255,255,7,47
255,255,255,8,47
255,255,255,9,47
255,255,255,10,47
255,255,255,11,47
255,255,255,12,47
255,255,255,13,47
255,255,255,14,47
255,255,255,15,47
255,255,255,16,47
255,255,255,17,47
255,255,255,18,47
255,255,255,19,47
255,255,255,20,47
255,255,255,21,47
255,255,255,22,47
255,255,255,23,47
255,255,255,24,47
255,255,255,25,47
255,255,255,26,47
255,255,255,27,47
255,255,255,28,47
255,255,255,29,47
255,255,255,30,47
255,255,255,31,47
255,255,255,32,47
255,255,255,33,47
255,255,255,34,47
255,255,255,35,47
255,255,255,36,47
255,255,255,37,47
255,255,255,38,47
255,255,255,39,47
255,255,255,40,47
255,255,255,41,47
255,255,255,42,47
255,255,255,43,47
255,255,255,44,47
255,255,255,45,47
205,206,206,46,47
187,187,186,47,47
184,183,182,48,47
176,176,175,49,47
172,175,176,50,47
174,179,183,51,47
170,174,178,52,47
117,118,122,53,47
57,57,61,54,47
44,44,49,55,47
85,86,93,56,47
128,131,137,57,47
97,99,103,58,47
70,71,73,59,47
60,62,59,60,47
57,59,58,61,47
54,56,61,62,47
90,96,107,63,47
97,102,120,64,47
74,78,88,65,47
215,220,222,66,47
254,255,255,67,47
251,254,250,68,47
243,241,242,69,47
66,78,101,70,47
1,53,107,71,47
4,79,142,72,47
1,77,139,73,47
3,75,137,74,47
2,65,127,75,47
59,100,137,76,47
204,219,229,77,47
255,255,255,78,47
246,245,239,79,47
115,114,126,80,47
16,33,80,81,47
0,29,74,82,47
162,178,187,83,47
255,255,255,84,47
183,200,210,85,47
15,78,126,86,47
3,97,162,87,47
1,99,159,88,47
3,99,158,89,47
1,103,167,90,47
1,103,166,91,47
3,103,165,92,47
2,106,165,93,47
3,108,166,94,47
1,108,168,95,47
2,106,169,96,47
1,108,168,97,47
0,108,167,98,47
0,108,168,99,47
1,107,169,100,47
1,108,165,101,47
1,108,165,102,47
1,106,169,103,47
0,103,167,104,47
2,100,162,105,47
2,97,156,106,47
2,91,153,107,47
1,83,149,108,47
0,79,144,109,47
0,74,139,110,47
0,69,137,111,47
0,66,133,112,47
1,65,131,113,47
1,67,135,114,47
3,62,126,115,47
56,98,143,116,47
169,192,206,117,47
184,204,214,118,47
94,131,161,119,47
10,71,132,120,47
2,76,137,121,47
64,120,162,122,47
135,166,185,123,47
132,166,187,124,47
80,137,172,125,47
8,84,147,126,47
12,86,144,127,47
31,64,93,128,47
53,57,66,129,47
62,63,67,130,47
71,73,77,131,47
82,88,95,132,47
39,41,49,133,47
39,37,39,134,47
65,63,64,135,47
96,95,98,136,47
109,109,113,137,47
85,85,87,138,47
75,75,75,139,47
111,111,110,140,47
135,135,135,141,47
141,141,143,142,47
146,146,146,143,47
154,154,154,144,47
174,174,174,145,47
193,193,193,146,47
221,221,221,147,47
255,255,255,148,47
255,255,255,149,47
255,255,255,150,47
255,255,255,151,47
255,255,255,152,47
255,255,255,153,47
255,255,255,154,47
255,255,255,155,47
255,255,255,156,47
255,255,255,157,47
255,255,255,158,47
255,255,255,159,47
255,255,255,160,47
255,255,255,161,47
255,255,255,162,47
255,255,255,163,47
255,255,255,164,47
255,255,255,165,47
255,255,255,166,47
255,255,255,167,47
255,255,255,168,47
255,255,255,169,47
255,255,255,170,47
255,255,255,171,47
255,255,255,172,47
255,255,255,173,47
255,255,255,174,47
255,255,255,175,47
255,255,255,176,47
255,255,255,177,47
255,255,255,178,47
255,255,255,179,47
255,255,255,180,47
255,255,255,181,47
255,255,255,182,47
255,255,255,183,47
255,255,255,184,47
255,255,255,185,47
255,255,255,186,47
255,255,255,187,47
255,255,255,188,47
255,255,255,189,47
255,255,255,190,47
255,255,255,191,47
255,255,255,192,47
255,255,255,193,47
255,255,255,194,47
255,255,255,195,47
255,255,255,196,47
255,255,255,197,47
255,255,255,198,47
255,255,255,199,47
255,255,255,0,48
255,255,255,1,48
255,255,255,2,48
255,255,255,3,48
255,255,255,4,48
255,255,255,5,48
255,255,255,6,48
255,255,255,7,48
255,255,255,8,48
255,255,255,9,48
255,255,255,10,48
255,255,255,11,48
255,255,255,12,48
255,255,255,13,48
255,255,255,14,48
255,255,255,15,48
255,255,255,16,48
255,255,255,17,48
255,255,255,18,48
255,255,255,19,48
255,255,255,20,48
255,255,255,21,48
255,255,255,22,48
255,255,255,23,48
255,255,255,24,48
255,255,255,25,48
255,255,255,26,48
255,255,255,27,48
255,255,255,28,48
255,255,255,29,48
255,255,255,30,48
255,255,255,31,48
255,255,255,32,48
255,255,255,33,48
255,255,255,34,48
255,255,255,35,48
255,255,255,36,48
255,255,255,37,48
255,255,255,38,48
255,255,255,39,48
255,255,255,40,48
255,255,255,41,48
255,255,255,42,48
255,255,255,43,48
255,255,255,44,48
255,255,255,45,48
208,208,208,46,48
187,185,184,47,48
184,181,179,48,48
173,172,172,49,48
168,169,170,50,48
164,166,168,51,48
154,156,159,52,48
108,109,110,53,48
61,63,63,54,48
46,48,51,55,48
80,84,88,56,48
85,88,91,57,48
72,74,75,58,48
62,62,63,59,48
57,58,58,60,48
53,54,59,61,48
59,60,68,62,48
86,89,102,63,48
66,71,85,64,48
163,167,169,65,48
255,255,255,66,48
252,252,248,67,48
255,255,255,68,48
155,154,167,69,48
4,38,85,70,48
9,72,138,71,48
3,75,136,72,48
1,74,138,73,48
2,65,128,74,48
50,87,134,75,48
218,223,229,76,48
255,255,249,77,48
253,251,250,78,48
114,119,131,79,48
1,29,77,80,48
4,68,129,81,48
34,90,130,82,48
214,224,228,83,48
255,255,255,84,48
191,199,204,85,48
14,72,112,86,48
3,100,165,87,48
4,100,164,88,48
5,102,162,89,48
4,107,168,90,48
3,106,168,91,48
3,104,168,92,48
4,107,170,93,48
2,109,171,94,48
1,106,172,95,48
2,107,170,96,48
0,108,168,97,48
0,108,168,98,48
1,107,167,99,48
1,107,168,100,48
2,108,167,101,48
2,108,168,102,48
1,104,170,103,48
1,100,167,104,48
3,97,159,105,48
3,94,153,106,48
1,87,151,107,48
1,81,145,108,48
1,77,138,109,48
0,72,133,110,48
0,67,136,111,48
1,65,134,112,48
3,64,128,113,48
3,65,136,114,48
1,57,122,115,48
144,169,191,116,48
255,255,255,117,48
255,255,255,118,48
210,215,226,119,48
19,72,119,120,48
2,74,137,121,48
134,166,193,122,48
255,255,255,123,48
254,255,253,124,48
84,114,136,125,48
1,74,138,126,48
3,91,155,127,48
23,76,123,128,48
50,57,69,129,48
58,61,68,130,48
59,63,66,131,48
47,52,57,132,48
37,36,42,133,48
48,45,45,134,48
108,105,104,135,48
182,180,185,136,48
130,130,137,137,48
79,80,83,138,48
82,82,82,139,48
116,116,115,140,48
145,145,147,141,48
151,150,154,142,48
145,145,147,143,48
157,157,157,144,48
178,178,178,145,48
188,188,188,146,48
221,221,221,147,48
255,255,255,148,48
255,255,255,149,48
255,255,255,150,48
255,255,255,151,48
255,255,255,152,48
255,255,255,153,48
255,255,255,154,48
255,255,255,155,48
255,255,255,156,48
255,255,255,157,48
255,255,255,158,48
255,255,255,159,48
255,255,255,160,48
255,255,255,161,48
255,255,255,162,48
255,255,255,163,48
255,255,255,164,48
255,255,255,165,48
255,255,255,166,48
255,255,255,167,48
255,255,255,168,48
255,255,255,169,48
255,255,255,170,48
255,255,255,171,48
255,255,255,172,48
255,255,255,173,48
255,255,255,174,48
255,255,255,175,48
255,255,255,176,48
255,255,255,177,48
255,255,255,178,48
255,255,255,179,48
255,255,255,180,48
255,255,255,181,48
255,255,255,182,48
255,255,255,183,48
255,255,255,184,48
255,255,255,185,48
255,255,255,186,48
255,255,255,187,48
255,255,255,188,48
255,255,255,189,48
255,255,255,190,48
255,255,255,191,48
255,255,255,192,48
255,255,255,193,48
255,255,255,194,48
255,255,255,195,48
255,255,255,196,48
255,255,255,197,48
255,255,255,198,48
255,255,255,199,48
255,255,255,0,49
255,255,255,1,49
255,255,255,2,49
255,255,255,3,49
255,255,255,4,49
255,255,255,5,49
255,255,255,6,49
255,255,255,7,49
255,255,255,8,49
255,255,255,9,49
255,255,255,10,49
255,255,255,11,49
255,255,255,12,49
255,255,255,13,49
255,255,255,14,49
255,255,255,15,49
255,255,255,16,49
255,255,255,17,49
255,255,255,18,49
255,255,255,19,49
255,255,255,20,49
255,255,255,21,49
255,255,255,22,49
255,255,255,23,49
255,255,255,24,49
255,255,255,25,49
255,255,255,26,49
255,255,255,27,49
255,255,255,28,49
255,255,255,29,49
255,255,255,30,49
255,255,255,31,49
255,255,255,32,49
255,255,255,33,49
255,255,255,34,49
255,255,255,35,49
255,255,255,36,49
255,255,255,37,49
255,255,255,38,49
255,255,255,39,49
255,255,255,40,49
255,255,255,41,49
255,255,255,42,49
255,255,255,43,49
255,255,255,44,49
255,255,255,45,49
211,211,211,46,49
185,184,184,47,49
180,178,178,48,49
171,170,170,49,49
167,167,166,50,49
159,158,159,51,49
142,143,143,52,49
107,108,108,53,49
70,70,69,54,49
46,47,48,55,49
45,49,50,56,49
58,58,60,57,49
58,58,58,58,49
56,56,55,59,49
46,48,50,60,49
53,56,62,61,49
89,92,101,62,49
74,79,91,63,49
89,94,104,64,49
238,242,239,65,49
252,254,254,66,49
255,255,251,67,49
236,236,235,68,49
47,62,91,69,49
5,57,116,70,49
5,68,133,71,49
2,69,129,72,49
0,68,133,73,49
13,66,120,74,49
176,197,210,75,49
255,255,252,76,49
255,255,254,77,49
168,164,175,78,49
7,36,76,79,49
4,73,132,80,49
16,86,139,81,49
157,185,204,82,49
255,255,255,83,49
255,254,253,84,49
111,121,140,85,49
1,73,117,86,49
0,103,172,87,49
0,99,167,88,49
0,103,162,89,49
4,102,163,90,49
4,105,162,91,49
2,104,163,92,49
1,106,170,93,49
2,108,173,94,49
1,108,169,95,49
1,111,170,96,49
0,110,174,97,49
0,106,171,98,49
0,106,168,99,49
1,108,169,100,49
2,106,175,101,49
0,104,173,102,49
0,102,168,103,49
0,97,160,104,49
1,92,155,105,49
3,87,156,106,49
0,80,156,107,49
0,74,146,108,49
0,68,134,109,49
0,66,131,110,49
1,67,137,111,49
1,66,133,112,49
3,64,124,113,49
3,64,129,114,49
4,61,124,115,49
48,77,118,116,49
153,158,175,117,49
173,173,170,118,49
78,88,118,119,49
2,59,103,120,49
27,91,144,121,49
208,224,232,122,49
255,255,255,123,49
188,194,201,124,49
11,49,89,125,49
7,85,143,126,49
3,93,159,127,49
12,88,144,128,49
35,58,83,129,49
52,53,64,130,49
46,48,52,131,49
40,40,43,132,49
44,43,46,133,49
53,53,49,134,49
85,87,92,135,49
135,137,150,136,49
112,114,125,137,49
72,72,76,138,49
90,90,88,139,49
119,119,119,140,49
141,141,144,141,49
156,155,160,142,49
146,146,149,143,49
160,160,161,144,49
180,180,180,145,49
184,184,183,146,49
217,217,217,147,49
255,255,255,148,49
254,254,254,149,49
255,255,255,150,49
255,255,255,151,49
255,255,255,152,49
255,255,255,153,49
255,255,255,154,49
255,255,255,155,49
255,255,255,156,49
255,255,255,157,49
255,255,255,158,49
255,255,255,159,49
255,255,255,160,49
255,255,255,161,49
255,255,255,162,49
255,255,255,163,49
255,255,255,164,49
255,255,255,165,49
255,255,255,166,49
255,255,255,167,49
255,255,255,168,49
255,255,255,169,49
255,255,255,170,49
255,255,255,171,49
255,255,255,172,49
255,255,255,173,49
255,255,255,174,49
255,255,255,175,49
255,255,255,176,49
255,255,255,177,49
255,255,255,178,49
255,255,255,179,49
255,255,255,180,49
255,255,255,181,49
255,255,255,182,49
255,255,255,183,49
255,255,255,184,49
255,255,255,185,49
255,255,255,186,49
255,255,255,187,49
255,255,255,188,49
255,255,255,189,49
255,255,255,190,49
255,255,255,191,49
255,255,255,192,49
255,255,255,193,49
255,255,255,194,49
255,255,255,195,49
255,255,255,196,49
255,255,255,197,49
255,255,255,198,49
255,255,255,199,49
255,255,255,0,50
255,255,255,1,50
255,255,255,2,50
255,255,255,3,50
255,255,255,4,50
255,255,255,5,50
255,255,255,6,50
255,255,255,7,50
255,255,255,8,50
255,255,255,9,50
255,255,255,10,50
255,255,255,11,50
255,255,255,12,50
255,255,255,13,50
255,255,255,14,50
255,255,255,15,50
255,255,255,16,50
255,255,255,17,50
255,255,255,18,50
255,255,255,19,50
255,255,255,20,50
255,255,255,21,50
255,255,255,22,50
255,255,255,23,50
255,255,255,24,50
255,255,255,25,50
255,255,255,26,50
255,255,255,27,50
255,255,255,28,50
255,255,255,29,50
255,255,255,30,50
255,255,255,31,50
255,255,255,32,50
255,255,255,33,50
255,255,255,34,50
255,255,255,35,50
255,255,255,36,50
255,255,255,37,50
255,255,255,38,50
255,255,255,39,50
255,255,255,40,50
255,255,255,41,50
255,255,255,42,50
255,255,255,43,50
255,255,255,44,50
255,255,255,45,50
212,213,214,46,50
193,194,195,47,50
184,183,183,48,50
169,169,168,49,50
163,163,163,50,50
156,156,156,51,50
139,139,139,52,50
111,112,110,53,50
75,75,74,54,50
47,47,49,55,50
42,42,45,56,50
51,51,53,57,50
54,53,55,58,50
51,52,51,59,50
37,40,42,60,50
79,82,89,61,50
122,128,139,62,50
60,67,81,63,50
155,158,166,64,50
255,255,255,65,50
251,252,252,66,50
255,255,255,67,50
180,182,190,68,50
5,37,83,69,50
3,67,130,70,50
2,66,130,71,50
3,65,130,72,50
0,58,123,73,50
105,140,169,74,50
249,254,253,75,50
255,254,245,76,50
231,228,223,77,50
41,53,92,78,50
2,64,122,79,50
2,88,142,80,50
51,114,158,81,50
135,153,170,82,50
137,143,155,83,50
113,125,140,84,50
10,58,103,85,50
3,89,146,86,50
31,113,165,87,50
60,135,180,88,50
53,134,171,89,50
30,111,162,90,50
14,108,164,91,50
31,119,163,92,50
32,121,168,93,50
9,109,177,94,50
2,110,168,95,50
0,106,162,96,50
9,105,166,97,50
37,120,173,98,50
38,122,170,99,50
5,103,159,100,50
0,99,161,101,50
7,100,157,102,50
27,109,160,103,50
33,111,161,104,50
12,90,150,105,50
0,74,135,106,50
2,71,132,107,50
14,74,138,108,50
27,80,138,109,50
17,71,130,110,50
1,61,128,111,50
2,67,132,112,50
1,65,132,113,50
0,66,135,114,50
0,61,131,115,50
0,56,126,116,50
0,46,107,117,50
4,45,98,118,50
2,62,124,119,50
2,78,139,120,50
109,150,181,121,50
253,255,250,122,50
253,254,251,123,50
88,107,127,124,50
4,62,125,125,50
5,92,149,126,50
3,91,156,127,50
5,90,152,128,50
21,67,109,129,50
41,45,64,130,50
45,41,53,131,50
42,40,41,132,50
43,44,46,133,50
54,56,53,134,50
95,103,113,135,50
118,126,143,136,50
81,84,95,137,50
70,69,69,138,50
96,97,93,139,50
122,122,122,140,50
146,146,148,141,50
169,169,171,142,50
147,147,149,143,50
160,160,161,144,50
180,180,180,145,50
182,182,182,146,50
215,215,215,147,50
255,255,255,148,50
255,255,255,149,50
255,255,255,150,50
255,255,255,151,50
255,255,255,152,50
255,255,255,153,50
255,255,255,154,50
255,255,255,155,50
255,255,255,156,50
255,255,255,157,50
255,255,255,158,50
255,255,255,159,50
255,255,255,160,50
255,255,255,161,50
255,255,255,162,50
255,255,255,163,50
255,255,255,164,50
255,255,255,165,50
255,255,255,166,50
255,255,255,167,50
255,255,255,168,50
255,255,255,169,50
255,255,255,170,50
255,255,255,171,50
255,255,255,172,50
255,255,255,173,50
255,255,255,174,50
255,255,255,175,50
255,255,255,176,50
255,255,255,177,50
255,255,255,178,50
255,255,255,179,50
255,255,255,180,50
255,255,255,181,50
255,255,255,182,50
255,255,255,183,50
255,255,255,184,50
255,255,255,185,50
255,255,255,186,50
255,255,255,187,50
255,255,255,188,50
255,255,255,189,50
255,255,255,190,50
255,255,255,191,50
255,255,255,192,50
255,255,255,193,50
255,255,255,194,50
255,255,255,195,50
255,255,255,196,50
255,255,255,197,50
255,255,255,198,50
255,255,255,199,50
255,255,255,0,51
255,255,255,1,51
255,255,255,2,51
255,255,255,3,51
255,255,255,4,51
255,255,255,5,51
255,255,255,6,51
255,255,255,7,51
255,255,255,8,51
255,255,255,9,51
255,255,255,10,51
255,255,255,11,51
255,255,255,12,51
255,255,255,13,51
255,255,255,14,51
255,255,255,15,51
255,255,255,16,51
255,255,255,17,51
255,255,255,18,51
255,255,255,19,51
255,255,255,20,51
255,255,255,21,51
255,255,255,22,51
255,255,255,23,51
255,255,255,24,51
255,255,255,25,51
255,255,255,26,51
255,255,255,27,51
255,255,255,28,51
255,255,255,29,51
255,255,255,30,51
255,255,255,31,51
255,255,255,32,51
255,255,255,33,51
255,255,255,34,51
255,255,255,35,51
255,255,255,36,51
255,255,255,37,51
255,255,255,38,51
255,255,255,39,51
255,255,255,40,51
255,255,255,41,51
255,255,255,42,51
255,255,255,43,51
255,255,255,44,51
254,255,255,45,51
213,216,218,46,51
194,197,197,47,51
188,189,190,48,51
166,166,167,49,51
161,161,161,50,51
155,155,154,51,51
142,142,141,52,51
117,117,115,53,51
84,84,85,54,51
58,57,61,55,51
50,50,55,56,51
55,54,59,57,51
53,52,54,58,51
48,48,49,59,51
37,39,43,60,51
85,89,97,61,51
105,112,124,62,51
66,72,86,63,51
207,210,214,64,51
254,255,255,65,51
253,253,253,66,51
255,255,255,67,51
121,130,147,68,51
1,41,101,69,51
2,67,130,70,51
2,65,127,71,51
2,60,130,72,51
25,73,125,73,51
212,223,229,74,51
254,255,250,75,51
253,255,252,76,51
127,126,141,77,51
0,47,99,78,51
3,87,151,79,51
4,93,155,80,51
8,86,145,81,51
2,71,121,82,51
2,65,112,83,51
2,65,121,84,51
17,90,144,85,51
116,167,193,86,51
216,237,235,87,51
245,253,254,88,51
230,242,243,89,51
206,224,231,90,51
190,218,225,91,51
226,244,238,92,51
165,195,197,93,51
16,97,153,94,51
4,101,159,95,51
64,135,173,96,51
176,210,226,97,51
227,239,237,98,51
228,241,239,99,51
136,182,204,100,51
118,169,196,101,51
184,217,225,102,51
217,234,235,103,51
226,238,237,104,51
181,207,222,105,51
110,144,168,106,51
165,188,203,107,51
202,219,231,108,51
219,233,237,109,51
208,223,230,110,51
92,121,153,111,51
1,59,120,112,51
0,65,131,113,51
24,78,130,114,51
116,143,175,115,51
124,152,180,116,51
114,152,183,117,51
30,86,150,118,51
2,84,145,119,51
24,94,149,120,51
203,223,231,121,51
255,255,255,122,51
194,201,206,123,51
15,54,92,124,51
5,84,150,125,51
1,91,152,126,51
1,89,151,127,51
1,88,152,128,51
10,76,125,129,51
33,47,71,130,51
45,41,53,131,51
40,41,41,132,51
43,44,42,133,51
59,63,59,134,51
105,113,123,135,51
81,89,105,136,51
51,55,64,137,51
71,70,69,138,51
102,102,101,139,51
124,123,124,140,51
155,155,155,141,51
193,193,193,142,51
145,145,145,143,51
158,158,158,144,51
176,176,176,145,51
178,178,178,146,51
218,218,218,147,51
255,255,255,148,51
254,254,254,149,51
255,255,255,150,51
255,255,255,151,51
255,255,255,152,51
255,255,255,153,51
255,255,255,154,51
255,255,255,155,51
255,255,255,156,51
255,255,255,157,51
255,255,255,158,51
255,255,255,159,51
255,255,255,160,51
255,255,255,161,51
255,255,255,162,51
255,255,255,163,51
255,255,255,164,51
255,255,255,165,51
255,255,255,166,51
255,255,255,167,51
255,255,255,168,51
255,255,255,169,51
255,255,255,170,51
255,255,255,171,51
255,255,255,172,51
255,255,255,173,51
255,255,255,174,51
255,255,255,175,51
255,255,255,176,51
255,255,255,177,51
255,255,255,178,51
255,255,255,179,51
255,255,255,180,51
255,255,255,181,51
255,255,255,182,51
255,255,255,183,51
255,255,255,184,51
255,255,255,185,51
255,255,255,186,51
255,255,255,187,51
255,255,255,188,51
255,255,255,189,51
255,255,255,190,51
255,255,255,191,51
255,255,255,192,51
255,255,255,193,51
255,255,255,194,51
255,255,255,195,51
255,255,255,196,51
255,255,255,197,51
255,255,255,198,51
255,255,255,199,51
255,255,255,0,52
255,255,255,1,52
255,255,255,2,52
255,255,255,3,52
255,255,255,4,52
255,255,255,5,52
255,255,255,6,52
255,255,255,7,52
255,255,255,8,52
255,255,255,9,52
255,255,255,10,52
255,255,255,11,52
255,255,255,12,52
255,255,255,13,52
255,255,255,14,52
255,255,255,15,52
255,255,255,16,52
255,255,255,17,52
255,255,255,18,52
255,255,255,19,52
255,255,255,20,52
255,255,255,21,52
255,255,255,22,52
255,255,255,23,52
255,255,255,24,52
255,255,255,25,52
255,255,255,26,52
255,255,255,27,52
255,255,255,28,52
255,255,255,29,52
255,255,255,30,52
255,255,255,31,52
255,255,255,32,52
255,255,255,33,52
255,255,255,34,52
255,255,255,35,52
255,255,255,36,52
255,255,255,37,52
255,255,255,38,52
255,255,255,39,52
255,255,255,40,52
255,255,255,41,52
255,255,255,42,52
254,254,254,43,52
254,254,254,44,52
252,253,254,45,52
233,240,243,46,52
220,231,234,47,52
217,226,228,48,52
204,207,209,49,52
185,186,185,50,52
172,173,171,51,52
153,154,151,52,52
123,122,122,53,52
91,92,94,54,52
66,71,75,55,52
67,73,78,56,52
67,69,73,57,52
46,45,49,58,52
52,49,53,59,52
59,58,63,60,52
85,87,96,61,52
84,91,104,62,52
83,88,102,63,52
240,240,243,64,52
252,255,252,65,52
251,253,251,66,52
254,254,254,67,52
85,99,126,68,52
1,48,109,69,52
2,67,128,70,52
1,66,127,71,52
0,56,127,72,52
99,136,169,73,52
251,255,245,74,52
253,255,253,75,52
213,214,222,76,52
28,48,87,77,52
4,79,131,78,52
4,91,153,79,52
7,93,157,80,52
3,97,160,81,52
1,105,167,82,52
4,105,167,83,52
15,102,153,84,52
152,184,208,85,52
250,255,251,86,52
243,241,235,87,52
131,138,155,88,52
63,80,98,89,52
171,175,176,90,52
255,255,253,91,52
242,240,238,92,52
66,91,110,93,52
0,84,142,94,52
74,142,177,95,52
215,223,231,96,52
122,133,142,97,52
183,194,197,98,52
255,254,251,99,52
253,255,250,100,52
207,206,213,101,52
159,161,172,102,52
235,236,236,103,52
252,252,250,104,52
255,255,254,105,52
231,232,234,106,52
164,162,172,107,52
212,212,215,108,52
255,253,247,109,52
255,255,254,110,52
174,181,191,111,52
0,50,104,112,52
0,64,132,113,52
49,91,130,114,52
241,246,240,115,52
255,255,252,116,52
186,198,203,117,52
14,64,120,118,52
0,84,142,119,52
104,146,172,120,52
251,255,246,121,52
254,253,253,122,52
96,108,130,123,52
4,61,110,124,52
4,94,151,125,52
2,88,158,126,52
2,86,150,127,52
6,84,148,128,52
6,78,132,129,52
27,48,73,130,52
42,41,53,131,52
32,40,43,132,52
43,44,38,133,52
54,57,56,134,52
72,77,82,135,52
43,46,57,136,52
41,43,52,137,52
72,71,71,138,52
103,102,101,139,52
125,124,123,140,52
141,140,140,141,52
155,154,154,142,52
163,164,163,143,52
186,188,187,144,52
213,213,214,145,52
223,223,226,146,52
239,239,239,147,52
253,253,252,148,52
254,254,254,149,52
255,255,255,150,52
255,255,255,151,52
255,255,255,152,52
255,255,255,153,52
255,255,255,154,52
255,255,255,155,52
255,255,255,156,52
255,255,255,157,52
255,255,255,158,52
255,255,255,159,52
255,255,255,160,52
255,255,255,161,52
255,255,255,162,52
255,255,255,163,52
255,255,255,164,52
255,255,255,165,52
255,255,255,166,52
255,255,255,167,52
255,255,255,168,52
255,255,255,169,52
255,255,255,170,52
255,255,255,171,52
255,255,255,172,52
255,255,255,173,52
255,255,255,174,52
255,255,255,175,52
255,255,255,176,52
255,255,255,177,52
255,255,255,178,52
255,255,255,179,52
255,255,255,180,52
255,255,255,181,52
255,255,255,182,52
255,255,255,183,52
255,255,255,184,52
255,255,255,185,52
255,255,255,186,52
255,255,255,187,52
255,255,255,188,52
255,255,255,189,52
255,255,255,190,52
255,255,255,191,52
255,255,255,192,52
255,255,255,193,52
255,255,255,194,52
255,255,255,195,52
255,255,255,196,52
255,255,255,197,52
255,255,255,198,52
255,255,255,199,52
255,255,255,0,53
255,255,255,1,53
255,255,255,2,53
255,255,255,3,53
255,255,255,4,53
255,255,255,5,53
255,255,255,6,53
255,255,255,7,53
255,255,255,8,53
255,255,255,9,53
255,255,255,10,53
255,255,255,11,53
255,255,255,12,53
255,255,255,13,53
255,255,255,14,53
255,255,255,15,53
255,255,255,16,53
255,255,255,17,53
255,255,255,18,53
255,255,255,19,53
255,255,255,20,53
255,255,255,21,53
255,255,255,22,53
255,255,255,23,53
255,255,255,24,53
255,255,255,25,53
255,255,255,26,53
255,255,255,27,53
255,255,255,28,53
255,255,255,29,53
255,255,255,30,53
255,255,255,31,53
255,255,255,32,53
255,255,255,33,53
255,255,255,34,53
255,255,255,35,53
255,255,255,36,53
255,255,255,37,53
255,255,255,38,53
255,255,255,39,53
255,255,255,40,53
255,255,255,41,53
254,255,255,42,53
253,255,254,43,53
255,254,254,44,53
255,255,255,45,53
199,212,217,46,53
146,173,186,47,53
170,194,208,48,53
193,215,223,49,53
211,228,230,50,53
221,232,234,51,53
218,227,227,52,53
208,211,211,53,53
174,177,177,54,53
139,144,146,55,53
133,138,142,56,53
106,106,111,57,53
55,51,54,58,53
57,53,54,59,53
71,67,69,60,53
71,72,79,61,53
58,66,80,62,53
96,100,113,63,53
251,251,253,64,53
253,254,253,65,53
252,255,251,66,53
253,251,250,67,53
74,89,123,68,53
1,50,116,69,53
1,65,130,70,53
0,66,126,71,53
8,62,126,72,53
179,197,216,73,53
255,255,250,74,53
255,255,255,75,53
136,138,156,76,53
1,53,107,77,53
2,92,153,78,53
3,94,155,79,53
5,97,158,80,53
2,101,160,81,53
2,101,163,82,53
6,94,151,83,53
109,164,189,84,53
248,255,255,85,53
247,246,246,86,53
94,109,125,87,53
0,53,102,88,53
28,86,136,89,53
209,221,224,90,53
255,255,255,91,53
157,158,178,92,53
2,61,94,93,53
35,112,165,94,53
194,222,232,95,53
84,106,127,96,53
19,57,92,97,53
200,216,220,98,53
255,255,255,99,53
201,206,211,100,53
25,47,75,101,53
4,42,89,102,53
188,199,205,103,53
255,255,255,104,53
235,236,234,105,53
56,63,90,106,53
0,13,67,107,53
122,131,151,108,53
255,255,246,109,53
254,253,253,110,53
98,108,132,111,53
0,46,107,112,53
2,61,130,113,53
132,155,181,114,53
254,255,253,115,53
245,247,244,116,53
76,95,120,117,53
0,65,120,118,53
19,99,159,119,53
199,220,222,120,53
255,255,246,121,53
210,207,218,122,53
25,53,95,123,53
6,88,139,124,53
5,94,149,125,53
2,86,164,126,53
6,85,146,127,53
10,80,141,128,53
6,74,141,129,53
21,49,81,130,53
29,36,49,131,53
23,27,32,132,53
25,26,23,133,53
26,28,28,134,53
31,32,36,135,53
44,44,52,136,53
78,76,81,137,53
122,120,121,138,53
162,161,161,139,53
194,196,196,140,53
214,219,219,141,53
220,227,228,142,53
219,229,233,143,53
208,222,227,144,53
183,203,212,145,53
151,175,188,146,53
205,213,220,147,53
254,254,254,148,53
254,255,254,149,53
255,255,255,150,53
255,255,255,151,53
255,255,255,152,53
255,255,255,153,53
255,255,255,154,53
255,255,255,155,53
255,255,255,156,53
255,255,255,157,53
255,255,255,158,53
255,255,255,159,53
255,255,255,160,53
255,255,255,161,53
255,255,255,162,53
255,255,255,163,53
255,255,255,164,53
255,255,255,165,53
255,255,255,166,53
255,255,255,167,53
255,255,255,168,53
255,255,255,169,53
255,255,255,170,53
255,255,255,171,53
255,255,255,172,53
255,255,255,173,53
255,255,255,174,53
255,255,255,175,53
255,255,255,176,53
255,255,255,177,53
255,255,255,178,53
255,255,255,179,53
255,255,255,180,53
255,255,255,181,53
255,255,255,182,53
255,255,255,183,53
255,255,255,184,53
255,255,255,185,53
255,255,255,186,53
255,255,255,187,53
255,255,255,188,53
255,255,255,189,53
255,255,255,190,53
255,255,255,191,53
255,255,255,192,53
255,255,255,193,53
255,255,255,194,53
255,255,255,195,53
255,255,255,196,53
255,255,255,197,53
255,255,255,198,53
255,255,255,199,53
255,255,255,0,54
255,255,255,1,54
255,255,255,2,54
255,255,255,3,54
255,255,255,4,54
255,255,255,5,54
255,255,255,6,54
255,255,255,7,54
255,255,255,8,54
255,255,255,9,54
255,255,255,10,54
255,255,255,11,54
255,255,255,12,54
255,255,255,13,54
255,255,255,14,54
255,255,255,15,54
255,255,255,16,54
255,255,255,17,54
255,255,255,18,54
255,255,255,19,54
255,255,255,20,54
255,255,255,21,54
255,255,255,22,54
255,255,255,23,54
255,255,255,24,54
255,255,255,25,54
255,255,255,26,54
255,255,255,27,54
255,255,255,28,54
255,255,255,29,54
255,255,255,30,54
255,255,255,31,54
255,255,255,32,54
255,255,255,33,54
255,255,255,34,54
255,255,255,35,54
255,255,255,36,54
255,255,255,37,54
255,255,255,38,54
255,255,255,39,54
255,255,255,40,54
255,255,255,41,54
254,255,255,42,54
253,255,254,43,54
255,254,253,44,54
255,255,255,45,54
197,213,221,46,54
122,160,182,47,54
131,168,194,48,54
136,174,195,49,54
144,178,195,50,54
151,183,198,51,54
153,188,200,52,54
154,194,204,53,54
156,197,209,54,54
166,204,216,55,54
181,209,220,56,54
188,211,221,57,54
187,201,204,58,54
177,183,182,59,54
167,171,172,60,54
147,154,154,61,54
93,104,109,62,54
109,114,120,63,54
252,254,254,64,54
255,254,254,65,54
251,255,251,66,54
254,254,252,67,54
82,98,128,68,54
0,50,119,69,54
2,65,131,70,54
0,65,129,71,54
27,78,130,72,54
221,229,235,73,54
255,255,254,74,54
246,247,245,75,54
62,84,112,76,54
0,74,134,77,54
1,93,155,78,54
2,97,155,79,54
4,98,159,80,54
2,102,163,81,54
0,98,162,82,54
54,120,163,83,54
223,239,238,84,54
255,255,255,85,54
151,155,163,86,54
6,54,91,87,54
5,91,154,88,54
120,165,196,89,54
250,255,255,90,54
235,235,233,91,54
52,77,105,92,54
1,86,135,93,54
139,184,210,94,54
139,151,165,95,54
0,54,95,96,54
105,156,180,97,54
250,255,254,98,54
253,253,251,99,54
98,111,127,100,54
0,57,99,101,54
57,111,157,102,54
229,239,239,103,54
255,255,254,104,54
148,150,163,105,54
0,27,82,106,54
21,66,126,107,54
200,212,215,108,54
255,255,252,109,54
207,202,212,110,54
20,40,73,111,54
0,60,117,112,54
27,80,132,113,54
218,227,233,114,54
255,255,254,115,54
184,187,194,116,54
10,45,93,117,54
2,82,143,118,54
95,148,181,119,54
250,253,252,120,54
250,255,253,121,54
104,115,134,122,54
1,60,116,123,54
3,94,156,124,54
1,92,148,125,54
1,89,150,126,54
5,84,144,127,54
4,83,137,128,54
2,75,135,129,54
37,60,96,130,54
80,81,98,131,54
106,102,109,132,54
145,142,140,133,54
163,166,166,134,54
175,182,181,135,54
187,205,205,136,54
192,216,219,137,54
193,220,226,138,54
182,214,222,139,54
173,208,216,140,54
164,201,210,141,54
151,189,202,142,54
141,180,197,143,54
133,171,189,144,54
120,162,183,145,54
105,151,174,146,54
194,210,220,147,54
255,255,255,148,54
254,255,254,149,54
255,255,255,150,54
255,255,255,151,54
255,255,255,152,54
255,255,255,153,54
255,255,255,154,54
255,255,255,155,54
255,255,255,156,54
255,255,255,157,54
255,255,255,158,54
255,255,255,159,54
255,255,255,160,54
255,255,255,161,54
255,255,255,162,54
255,255,255,163,54
255,255,255,164,54
255,255,255,165,54
255,255,255,166,54
255,255,255,167,54
255,255,255,168,54
255,255,255,169,54
255,255,255,170,54
255,255,255,171,54
255,255,255,172,54
255,255,255,173,54
255,255,255,174,54
255,255,255,175,54
255,255,255,176,54
255,255,255,177,54
255,255,255,178,54
255,255,255,179,54
255,255,255,180,54
255,255,255,181,54
255,255,255,182,54
255,255,255,183,54
255,255,255,184,54
255,255,255,185,54
255,255,255,186,54
255,255,255,187,54
255,255,255,188,54
255,255,255,189,54
255,255,255,190,54
255,255,255,191,54
255,255,255,192,54
255,255,255,193,54
255,255,255,194,54
255,255,255,195,54
255,255,255,196,54
255,255,255,197,54
255,255,255,198,54
255,255,255,199,54
255,255,255,0,55
255,255,255,1,55
255,255,255,2,55
255,255,255,3,55
255,255,255,4,55
255,255,255,5,55
255,255,255,6,55
255,255,255,7,55
255,255,255,8,55
255,255,255,9,55
255,255,255,10,55
255,255,255,11,55
255,255,255,12,55
255,255,255,13,55
255,255,255,14,55
255,255,255,15,55
255,255,255,16,55
255,255,255,17,55
255,255,255,18,55
255,255,255,19,55
255,255,255,20,55
255,255,255,21,55
255,255,255,22,55
255,255,255,23,55
255,255,255,24,55
255,255,255,25,55
255,255,255,26,55
255,255,255,27,55
255,255,255,28,55
255,255,255,29,55
255,255,255,30,55
255,255,255,31,55
255,255,255,32,55
255,255,255,33,55
255,255,255,34,55
255,255,255,35,55
255,255,255,36,55
255,255,255,37,55
255,255,255,38,55
255,255,255,39,55
255,255,255,40,55
255,255,255,41,55
254,255,255,42,55
253,255,254,43,55
254,255,252,44,55
255,255,255,45,55
200,218,226,46,55
118,159,182,47,55
130,171,197,48,55
135,177,201,49,55
141,181,202,50,55
141,183,204,51,55
133,181,201,52,55
119,172,200,53,55
95,155,190,54,55
64,139,176,55,55
36,129,167,56,55
25,128,169,57,55
43,140,175,58,55
65,155,184,59,55
102,180,206,60,55
153,199,221,61,55
149,165,193,62,55
130,135,156,63,55
247,250,250,64,55
254,255,250,65,55
251,254,250,66,55
255,255,253,67,55
113,127,147,68,55
0,50,115,69,55
1,69,127,70,55
0,65,134,71,55
41,90,144,72,55
233,242,234,73,55
255,255,249,74,55
215,216,217,75,55
20,61,104,76,55
1,88,154,77,55
2,96,151,78,55
1,100,159,79,55
3,100,162,80,55
0,100,164,81,55
13,98,154,82,55
173,205,217,83,55
255,255,250,84,55
229,231,229,85,55
38,70,93,86,55
1,88,148,87,55
31,111,168,88,55
211,230,230,89,55
255,255,253,90,55
152,155,167,91,55
0,68,100,92,55
50,126,174,93,55
194,207,219,94,55
31,68,104,95,55
22,99,141,96,55
198,227,235,97,55
255,255,251,98,55
201,201,199,99,55
21,53,89,100,55
5,75,140,101,55
154,183,205,102,55
255,255,255,103,55
234,234,227,104,55
43,57,92,105,55
0,45,117,106,55
106,138,176,107,55
252,255,247,108,55
253,253,253,109,55
95,98,126,110,55
0,39,93,111,55
1,62,118,112,55
129,158,180,113,55
253,255,253,114,55
253,252,247,115,55
89,102,119,116,55
0,65,126,117,55
21,96,153,118,55
198,217,220,119,55
255,255,255,120,55
207,214,221,121,55
24,54,87,122,55
5,83,148,123,55
10,92,147,124,55
8,91,142,125,55
2,86,140,126,55
1,82,144,127,55
2,79,140,128,55
6,69,130,129,55
53,70,111,130,55
138,157,178,131,55
157,198,215,132,55
119,189,210,133,55
85,165,199,134,55
67,147,183,135,55
60,142,178,136,55
71,146,183,137,55
91,156,190,138,55
114,170,199,139,55
130,179,202,140,55
137,182,206,141,55
138,182,206,142,55
135,177,202,143,55
130,172,197,144,55
120,163,189,145,55
103,149,178,146,55
194,213,222,147,55
255,255,252,148,55
254,255,254,149,55
255,255,255,150,55
255,255,255,151,55
255,255,255,152,55
255,255,255,153,55
255,255,255,154,55
255,255,255,155,55
255,255,255,156,55
255,255,255,157,55
255,255,255,158,55
255,255,255,159,55
255,255,255,160,55
255,255,255,161,55
255,255,255,162,55
255,255,255,163,55
255,255,255,164,55
255,255,255,165,55
255,255,255,166,55
255,255,255,167,55
255,255,255,168,55
255,255,255,169,55
255,255,255,170,55
255,255,255,171,55
255,255,255,172,55
255,255,255,173,55
255,255,255,174,55
255,255,255,175,55
255,255,255,176,55
255,255,255,177,55
255,255,255,178,55
255,255,255,179,55
255,255,255,180,55
255,255,255,181,55
255,255,255,182,55
255,255,255,183,55
255,255,255,184,55
255,255,255,185,55
255,255,255,186,55
255,255,255,187,55
255,255,255,188,55
255,255,255,189,55
255,255,255,190,55
255,255,255,191,55
255,255,255,192,55
255,255,255,193,55
255,255,255,194,55
255,255,255,195,55
255,255,255,196,55
255,255,255,197,55
255,255,255,198,55
255,255,255,199,55
255,255,255,0,56
255,255,255,1,56
255,255,255,2,56
255,255,255,3,56
255,255,255,4,56
255,255,255,5,56
255,255,255,6,56
255,255,255,7,56
255,255,255,8,56
255,255,255,9,56
255,255,255,10,56
255,255,255,11,56
255,255,255,12,56
255,255,255,13,56
255,255,255,14,56
255,255,255,15,56
255,255,255,16,56
255,255,255,17,56
255,255,255,18,56
255,255,255,19,56
255,255,255,20,56
255,255,255,21,56
255,255,255,22,56
255,255,255,23,56
255,255,255,24,56
255,255,255,25,56
255,255,255,26,56
255,255,255,27,56
255,255,255,28,56
255,255,255,29,56
255,255,255,30,56
255,255,255,31,56
255,255,255,32,56
255,255,255,33,56
255,255,255,34,56
255,255,255,35,56
255,255,255,36,56
255,255,255,37,56
255,255,255,38,56
255,255,255,39,56
255,255,255,40,56
255,255,255,41,56
254,255,255,42,56
253,255,253,43,56
254,255,253,44,56
255,255,254,45,56
202,219,225,46,56
116,158,179,47,56
126,170,195,48,56
136,177,200,49,56
142,181,202,50,56
145,182,206,51,56
138,183,208,52,56
124,176,203,53,56
100,162,190,54,56
68,149,182,55,56
36,135,178,56,56
16,125,174,57,56
4,123,174,58,56
0,129,180,59,56
16,140,187,60,56
79,159,199,61,56
112,147,188,62,56
102,117,150,63,56
233,237,239,64,56
255,253,248,65,56
251,253,252,66,56
255,255,254,67,56
165,174,187,68,56
3,49,106,69,56
5,72,128,70,56
1,68,141,71,56
39,89,144,72,56
230,240,233,73,56
255,255,250,74,56
198,200,203,75,56
17,62,110,76,56
3,94,162,77,56
2,98,153,78,56
1,101,161,79,56
1,99,168,80,56
4,92,152,81,56
133,172,195,82,56
252,254,255,83,56
255,255,255,84,56
151,160,168,85,56
5,64,100,86,56
0,99,166,87,56
118,163,193,88,56
251,255,253,89,56
243,242,238,90,56
61,85,109,91,56
4,87,141,92,56
151,184,211,93,56
109,127,144,94,56
0,71,118,95,56
107,157,193,96,56
251,254,252,97,56
254,254,251,98,56
101,113,125,99,56
0,58,108,100,56
46,108,163,101,56
230,243,245,102,56
255,255,255,103,56
154,158,165,104,56
2,31,82,105,56
23,70,127,106,56
206,219,220,107,56
255,255,252,108,56
199,202,205,109,56
16,38,80,110,56
0,52,123,111,56
69,105,148,112,56
237,242,245,113,56
255,255,253,114,56
195,199,197,115,56
13,53,92,116,56
2,78,136,117,56
118,159,190,118,56
252,254,244,119,56
252,254,253,120,56
115,126,142,121,56
0,61,112,122,56
10,89,147,123,56
107,153,181,124,56
27,94,143,125,56
4,82,144,126,56
6,79,140,127,56
3,72,140,128,56
6,61,126,129,56
56,72,111,130,56
94,138,173,131,56
57,150,191,132,56
9,133,178,133,56
0,126,179,134,56
13,126,175,135,56
34,134,178,136,56
63,147,183,137,56
94,164,194,138,56
119,176,202,139,56
134,183,204,140,56
142,183,206,141,56
145,181,205,142,56
139,175,200,143,56
131,172,197,144,56
118,162,189,145,56
100,148,178,146,56
196,215,223,147,56
255,255,252,148,56
254,255,254,149,56
255,255,255,150,56
255,255,255,151,56
255,255,255,152,56
255,255,255,153,56
255,255,255,154,56
255,255,255,155,56
255,255,255,156,56
255,255,255,157,56
255,255,255,158,56
255,255,255,159,56
255,255,255,160,56
255,255,255,161,56
255,255,255,162,56
255,255,255,163,56
255,255,255,164,56
255,255,255,165,56
255,255,255,166,56
255,255,255,167,56
255,255,255,168,56
255,255,255,169,56
255,255,255,170,56
255,255,255,171,56
255,255,255,172,56
255,255,255,173,56
255,255,255,174,56
255,255,255,175,56
255,255,255,176,56
255,255,255,177,56
255,255,255,178,56
255,255,255,179,56
255,255,255,180,56
255,255,255,181,56
255,255,255,182,56
255,255,255,183,56
255,255,255,184,56
255,255,255,185,56
255,255,255,186,56
255,255,255,187,56
255,255,255,188,56
255,255,255,189,56
255,255,255,190,56
255,255,255,191,56
255,255,255,192,56
255,255,255,193,56
255,255,255,194,56
255,255,255,195,56
255,255,255,196,56
255,255,255,197,56
255,255,255,198,56
255,255,255,199,56
255,255,255,0,57
255,255,255,1,57
255,255,255,2,57
255,255,255,3,57
255,255,255,4,57
255,255,255,5,57
255,255,255,6,57
255,255,255,7,57
255,255,255,8,57
255,255,255,9,57
255,255,255,10,57
255,255,255,11,57
255,255,255,12,57
255,255,255,13,57
255,255,255,14,57
255,255,255,15,57
255,255,255,16,57
255,255,255,17,57
255,255,255,18,57
255,255,255,19,57
255,255,255,20,57
255,255,255,21,57
255,255,255,22,57
255,255,255,23,57
255,255,255,24,57
255,255,255,25,57
255,255,255,26,57
255,255,255,27,57
255,255,255,28,57
255,255,255,29,57
255,255,255,30,57
255,255,255,31,57
255,255,255,32,57
255,255,255,33,57
255,255,255,34,57
255,255,255,35,57
255,255,255,36,57
255,255,255,37,57
255,255,255,38,57
255,255,255,39,57
255,255,255,40,57
255,255,255,41,57
254,255,255,42,57
253,255,254,43,57
255,255,254,44,57
255,255,254,45,57
204,220,225,46,57
115,157,178,47,57
127,171,194,48,57
135,176,199,49,57
141,182,202,50,57
142,183,205,51,57
139,182,207,52,57
126,177,206,53,57
104,165,199,54,57
73,151,188,55,57
40,138,179,56,57
20,128,173,57,57
10,124,173,58,57
5,128,180,59,57
21,142,189,60,57
81,164,202,61,57
119,160,192,62,57
88,114,141,63,57
192,204,209,64,57
255,254,249,65,57
251,253,253,66,57
254,254,252,67,57
220,226,228,68,57
31,68,113,69,57
5,70,130,70,57
1,78,141,71,57
16,79,133,72,57
202,216,224,73,57
255,255,255,74,57
229,232,233,75,57
42,83,114,76,57
0,89,154,77,57
0,99,162,78,57
0,94,156,79,57
10,91,147,80,57
119,167,193,81,57
207,212,211,82,57
229,229,234,83,57
255,255,255,84,57
87,105,136,85,57
0,77,131,86,57
41,120,159,87,57
221,233,234,88,57
255,255,252,89,57
167,173,187,90,57
1,59,102,91,57
67,134,171,92,57
174,191,201,93,57
17,65,107,94,57
22,105,152,95,57
198,225,229,96,57
255,255,252,97,57
206,211,215,98,57
20,55,90,99,57
3,70,125,100,57
143,176,195,101,57
255,255,252,102,57
238,239,240,103,57
55,64,100,104,57
0,45,104,105,57
114,142,169,106,57
253,255,247,107,57
250,249,248,108,57
93,96,122,109,57
0,37,86,110,57
43,86,135,111,57
203,214,225,112,57
253,252,250,113,57
252,252,249,114,57
93,107,126,115,57
0,51,109,116,57
66,117,153,117,57
219,225,231,118,57
255,255,251,119,57
212,216,213,120,57
24,55,89,121,57
0,75,138,122,57
94,139,173,123,57
119,135,157,124,57
10,61,114,125,57
8,81,140,126,57
7,73,140,127,57
5,71,140,128,57
3,65,113,129,57
64,85,110,130,57
99,147,182,131,57
58,155,205,132,57
15,137,185,133,57
7,130,183,134,57
17,130,179,135,57
38,138,176,136,57
67,153,181,137,57
96,169,193,138,57
120,180,203,139,57
134,186,204,140,57
140,185,204,141,57
140,184,204,142,57
134,179,199,143,57
129,172,194,144,57
118,161,187,145,57
99,148,177,146,57
199,217,225,147,57
255,255,253,148,57
253,254,254,149,57
255,255,255,150,57
255,255,255,151,57
255,255,255,152,57
255,255,255,153,57
255,255,255,154,57
255,255,255,155,57
255,255,255,156,57
255,255,255,157,57
255,255,255,158,57
255,255,255,159,57
255,255,255,160,57
255,255,255,161,57
255,255,255,162,57
255,255,255,163,57
255,255,255,164,57
255,255,255,165,57
255,255,255,166,57
255,255,255,167,57
255,255,255,168,57
255,255,255,169,57
255,255,255,170,57
255,255,255,171,57
255,255,255,172,57
255,255,255,173,57
255,255,255,174,57
255,255,255,175,57
255,255,255,176,57
255,255,255,177,57
255,255,255,178,57
255,255,255,179,57
255,255,255,180,57
255,255,255,181,57
255,255,255,182,57
255,255,255,183,57
255,255,255,184,57
255,255,255,185,57
255,255,255,186,57
255,255,255,187,57
255,255,255,188,57
255,255,255,189,57
255,255,255,190,57
255,255,255,191,57
255,255,255,192,57
255,255,255,193,57
255,255,255,194,57
255,255,255,195,57
255,255,255,196,57
255,255,255,197,57
255,255,255,198,57
255,255,255,199,57
255,255,255,0,58
255,255,255,1,58
255,255,255,2,58
255,255,255,3,58
255,255,255,4,58
255,255,255,5,58
255,255,255,6,58
255,255,255,7,58
255,255,255,8,58
255,255,255,9,58
255,255,255,10,58
255,255,255,11,58
255,255,255,12,58
255,255,255,13,58
255,255,255,14,58
255,255,255,15,58
255,255,255,16,58
255,255,255,17,58
255,255,255,18,58
255,255,255,19,58
255,255,255,20,58
255,255,255,21,58
255,255,255,22,58
255,255,255,23,58
255,255,255,24,58
255,255,255,25,58
255,255,255,26,58
255,255,255,27,58
255,255,255,28,58
255,255,255,29,58
255,255,255,30,58
255,255,255,31,58
255,255,255,32,58
255,255,255,33,58
255,255,255,34,58
255,255,255,35,58
255,255,255,36,58
255,255,255,37,58
255,255,255,38,58
255,255,255,39,58
255,255,255,40,58
255,255,255,41,58
254,254,254,42,58
253,255,254,43,58
254,255,254,44,58
255,255,254,45,58
207,221,226,46,58
114,155,176,47,58
128,169,192,48,58
135,176,199,49,58
140,182,201,50,58
141,185,205,51,58
136,185,207,52,58
129,179,202,53,58
112,168,192,54,58
81,153,184,55,58
49,138,181,56,58
24,127,179,57,58
9,125,178,58,58
2,130,181,59,58
14,143,191,60,58
72,161,206,61,58
121,163,204,62,58
97,122,154,63,58
143,158,170,64,58
255,255,253,65,58
250,252,249,66,58
251,253,249,67,58
253,254,252,68,58
122,139,166,69,58
2,63,122,70,58
3,81,146,71,58
4,78,136,72,58
104,134,156,73,58
250,252,252,74,58
255,255,255,75,58
170,193,207,76,58
49,112,156,77,58
30,105,153,78,58
60,125,169,79,58
159,197,211,80,58
179,193,201,81,58
62,75,93,82,58
222,226,233,83,58
255,255,251,84,58
145,165,180,85,58
68,125,158,86,58
175,205,216,87,58
234,236,235,88,58
252,255,252,89,58
86,109,132,90,58
36,93,142,91,58
168,202,209,92,58
63,100,120,93,58
2,79,125,94,58
110,162,195,95,58
250,255,252,96,58
255,255,253,97,58
98,116,135,98,58
0,52,111,99,58
53,103,145,100,58
234,245,240,101,58
255,255,253,102,58
157,160,172,103,58
2,29,87,104,58
18,70,124,105,58
209,223,232,106,58
255,255,255,107,58
212,218,217,108,58
29,36,68,109,58
64,98,134,110,58
177,194,205,111,58
166,168,172,112,58
252,255,254,113,58
227,233,232,114,58
37,53,82,115,58
67,106,148,116,58
163,182,198,117,58
139,146,150,118,58
255,255,255,119,58
165,171,170,120,58
12,53,91,121,58
85,140,174,122,58
141,161,178,123,58
32,59,96,124,58
85,114,164,125,58
64,100,151,126,58
9,71,142,127,58
5,69,137,128,58
12,59,98,129,58
87,105,127,130,58
103,153,193,131,58
52,153,201,132,58
9,138,180,133,58
6,132,177,134,58
20,132,177,135,58
45,137,180,136,58
76,153,186,137,58
107,167,198,138,58
127,177,208,139,58
140,184,209,140,58
143,184,209,141,58
142,183,208,142,58
134,178,202,143,58
128,171,194,144,58
118,161,187,145,58
100,148,175,146,58
203,218,226,147,58
255,255,254,148,58
252,254,254,149,58
255,255,255,150,58
255,255,255,151,58
255,255,255,152,58
255,255,255,153,58
255,255,255,154,58
255,255,255,155,58
255,255,255,156,58
255,255,255,157,58
255,255,255,158,58
255,255,255,159,58
255,255,255,160,58
255,255,255,161,58
255,255,255,162,58
255,255,255,163,58
255,255,255,164,58
255,255,255,165,58
255,255,255,166,58
255,255,255,167,58
255,255,255,168,58
255,255,255,169,58
255,255,255,170,58
255,255,255,171,58
255,255,255,172,58
255,255,255,173,58
255,255,255,174,58
255,255,255,175,58
255,255,255,176,58
255,255,255,177,58
255,255,255,178,58
255,255,255,179,58
255,255,255,180,58
255,255,255,181,58
255,255,255,182,58
255,255,255,183,58
255,255,255,184,58
255,255,255,185,58
255,255,255,186,58
255,255,255,187,58
255,255,255,188,58
255,255,255,189,58
255,255,255,190,58
255,255,255,191,58
255,255,255,192,58
255,255,255,193,58
255,255,255,194,58
255,255,255,195,58
255,255,255,196,58
255,255,255,197,58
255,255,255,198,58
255,255,255,199,58
255,255,255,0,59
255,255,255,1,59
255,255,255,2,59
255,255,255,3,59
255,255,255,4,59
255,255,255,5,59
255,255,255,6,59
255,255,255,7,59
255,255,255,8,59
255,255,255,9,59
255,255,255,10,59
255,255,255,11,59
255,255,255,12,59
255,255,255,13,59
255,255,255,14,59
255,255,255,15,59
255,255,255,16,59
255,255,255,17,59
255,255,255,18,59
255,255,255,19,59
255,255,255,20,59
255,255,255,21,59
255,255,255,22,59
255,255,255,23,59
255,255,255,24,59
255,255,255,25,59
255,255,255,26,59
255,255,255,27,59
255,255,255,28,59
255,255,255,29,59
255,255,255,30,59
255,255,255,31,59
255,255,255,32,59
255,255,255,33,59
255,255,255,34,59
255,255,255,35,59
255,255,255,36,59
255,255,255,37,59
255,255,255,38,59
255,255,255,39,59
255,255,255,40,59
255,255,255,41,59
254,254,254,42,59
252,254,254,43,59
252,255,255,44,59
255,255,254,45,59
212,223,227,46,59
114,154,172,47,59
126,167,190,48,59
132,176,197,49,59
138,181,201,50,59
145,184,203,51,59
140,184,207,52,59
129,182,204,53,59
113,171,191,54,59
84,156,186,55,59
53,141,182,56,59
25,130,179,57,59
9,127,178,58,59
2,130,180,59,59
9,139,189,60,59
56,158,206,61,59
111,166,208,62,59
115,145,174,63,59
93,109,127,64,59
229,231,235,65,59
254,255,253,66,59
253,254,253,67,59
255,255,255,68,59
228,229,233,69,59
40,88,125,70,59
3,80,148,71,59
6,86,150,72,59
11,77,123,73,59
109,132,156,74,59
215,219,221,75,59
248,253,250,76,59
237,245,241,77,59
213,226,227,78,59
184,199,207,79,59
110,125,144,80,59
16,56,89,81,59
13,67,112,82,59
145,175,195,83,59
247,250,244,84,59
249,251,246,85,59
207,213,218,86,59
92,107,121,87,59
125,143,155,88,59
248,250,250,89,59
200,210,213,90,59
169,188,197,91,59
85,107,131,92,59
0,72,126,93,59
23,106,155,94,59
174,206,218,95,59
227,227,231,96,59
192,189,196,97,59
23,51,94,98,59
4,66,136,99,59
120,155,179,100,59
228,229,230,101,59
218,214,220,102,59
56,62,96,103,59
2,49,117,104,59
14,66,120,105,59
161,177,191,106,59
248,248,247,107,59
240,244,246,108,59
182,186,193,109,59
161,167,182,110,59
61,67,96,111,59
75,81,111,112,59
233,240,240,113,59
247,250,248,114,59
188,191,201,115,59
154,163,177,116,59
46,68,105,117,59
49,77,110,118,59
219,229,235,119,59
238,241,242,120,59
185,189,200,121,59
129,145,164,122,59
21,51,89,123,59
26,70,121,124,59
86,115,160,125,59
69,94,138,126,59
8,65,128,127,59
8,63,124,128,59
33,67,103,129,59
106,129,162,130,59
97,158,200,131,59
38,150,194,132,59
4,137,180,133,59
9,131,179,134,59
25,131,177,135,59
47,142,181,136,59
78,157,187,137,59
109,169,198,138,59
128,179,206,139,59
140,185,208,140,59
143,185,207,141,59
142,183,205,142,59
135,177,201,143,59
129,170,193,144,59
120,161,187,145,59
101,146,174,146,59
205,219,226,147,59
255,255,253,148,59
253,254,254,149,59
255,255,255,150,59
255,255,255,151,59
255,255,255,152,59
255,255,255,153,59
255,255,255,154,59
255,255,255,155,59
255,255,255,156,59
255,255,255,157,59
255,255,255,158,59
255,255,255,159,59
255,255,255,160,59
255,255,255,161,59
255,255,255,162,59
255,255,255,163,59
255,255,255,164,59
255,255,255,165,59
255,255,255,166,59
255,255,255,167,59
255,255,255,168,59
255,255,255,169,59
255,255,255,170,59
255,255,255,171,59
255,255,255,172,59
255,255,255,173,59
255,255,255,174,59
255,255,255,175,59
255,255,255,176,59
255,255,255,177,59
255,255,255,178,59
255,255,255,179,59
255,255,255,180,59
255,255,255,181,59
255,255,255,182,59
255,255,255,183,59
255,255,255,184,59
255,255,255,185,59
255,255,255,186,59
255,255,255,187,59
255,255,255,188,59
255,255,255,189,59
255,255,255,190,59
255,255,255,191,59
255,255,255,192,59
255,255,255,193,59
255,255,255,194,59
255,255,255,195,59
255,255,255,196,59
255,255,255,197,59
255,255,255,198,59
255,255,255,199,59
255,255,255,0,60
255,255,255,1,60
255,255,255,2,60
255,255,255,3,60
255,255,255,4,60
255,255,255,5,60
255,255,255,6,60
255,255,255,7,60
255,255,255,8,60
255,255,255,9,60
255,255,255,10,60
255,255,255,11,60
255,255,255,12,60
255,255,255,13,60
255,255,255,14,60
255,255,255,15,60
255,255,255,16,60
255,255,255,17,60
255,255,255,18,60
255,255,255,19,60
255,255,255,20,60
255,255,255,21,60
255,255,255,22,60
255,255,255,23,60
255,255,255,24,60
255,255,255,25,60
255,255,255,26,60
255,255,255,27,60
255,255,255,28,60
255,255,255,29,60
255,255,255,30,60
255,255,255,31,60
255,255,255,32,60
255,255,255,33,60
255,255,255,34,60
255,255,255,35,60
255,255,255,36,60
255,255,255,37,60
255,255,255,38,60
255,255,255,39,60
255,255,255,40,60
255,255,255,41,60
254,255,255,42,60
253,255,254,43,60
253,255,254,44,60
253,254,252,45,60
238,243,245,46,60
144,171,183,47,60
125,166,187,48,60
130,176,199,49,60
137,181,203,50,60
144,183,202,51,60
142,184,207,52,60
133,183,206,53,60
116,173,196,54,60
88,158,189,55,60
56,143,183,56,60
28,131,178,57,60
11,127,176,58,60
4,130,180,59,60
2,136,185,60,60
34,152,197,61,60
98,168,208,62,60
126,163,196,63,60
93,110,139,64,60
148,150,165,65,60
255,255,255,66,60
254,254,255,67,60
254,254,252,68,60
255,255,255,69,60
166,183,194,70,60
13,77,124,71,60
4,86,152,72,60
6,91,151,73,60
2,74,132,74,60
23,72,113,75,60
67,94,120,76,60
81,101,115,77,60
56,80,102,78,60
18,52,93,79,60
0,57,112,80,60
4,89,144,81,60
4,102,156,82,60
14,83,128,83,60
64,94,127,84,60
75,95,121,85,60
27,61,97,86,60
5,65,115,87,60
21,82,131,88,60
61,100,131,89,60
78,105,128,90,60
32,74,104,91,60
4,72,114,92,60
5,107,162,93,60
11,108,162,94,60
30,83,133,95,60
25,56,95,96,60
16,53,89,97,60
8,64,115,98,60
10,77,139,99,60
24,69,118,100,60
21,48,91,101,60
21,40,87,102,60
5,41,97,103,60
6,63,132,104,60
5,63,129,105,60
13,53,104,106,60
63,77,109,107,60
80,87,113,108,60
52,65,93,109,60
8,32,81,110,60
3,41,110,111,60
10,53,116,112,60
48,72,104,113,60
82,89,115,114,60
61,74,109,115,60
9,39,87,116,60
2,53,115,117,60
8,66,122,118,60
41,76,112,119,60
83,93,129,120,60
53,64,101,121,60
7,36,85,122,60
4,60,125,123,60
7,73,133,124,60
18,72,129,125,60
15,64,118,126,60
6,70,117,127,60
19,54,96,128,60
74,95,125,129,60
115,151,183,130,60
80,161,202,131,60
20,148,195,132,60
1,136,183,133,60
10,130,177,134,60
26,132,177,135,60
50,145,183,136,60
82,161,188,137,60
112,172,199,138,60
131,183,206,139,60
140,186,209,140,60
143,185,207,141,60
143,183,206,142,60
136,177,201,143,60
130,171,193,144,60
119,159,185,145,60
103,147,175,146,60
207,222,228,147,60
255,255,252,148,60
254,254,254,149,60
255,255,255,150,60
255,255,255,151,60
255,255,255,152,60
255,255,255,153,60
255,255,255,154,60
255,255,255,155,60
255,255,255,156,60
255,255,255,157,60
255,255,255,158,60
255,255,255,159,60
255,255,255,160,60
255,255,255,161,60
255,255,255,162,60
255,255,255,163,60
255,255,255,164,60
255,255,255,165,60
255,255,255,166,60
255,255,255,167,60
255,255,255,168,60
255,255,255,169,60
255,255,255,170,60
255,255,255,171,60
255,255,255,172,60
255,255,255,173,60
255,255,255,174,60
255,255,255,175,60
255,255,255,176,60
255,255,255,177,60
255,255,255,178,60
255,255,255,179,60
255,255,255,180,60
255,255,255,181,60
255,255,255,182,60
255,255,255,183,60
255,255,255,184,60
255,255,255,185,60
255,255,255,186,60
255,255,255,187,60
255,255,255,188,60
255,255,255,189,60
255,255,255,190,60
255,255,255,191,60
255,255,255,192,60
255,255,255,193,60
255,255,255,194,60
255,255,255,195,60
255,255,255,196,60
255,255,255,197,60
255,255,255,198,60
255,255,255,199,60
255,255,255,0,61
255,255,255,1,61
255,255,255,2,61
255,255,255,3,61
255,255,255,4,61
255,255,255,5,61
255,255,255,6,61
255,255,255,7,61
255,255,255,8,61
255,255,255,9,61
255,255,255,10,61
255,255,255,11,61
255,255,255,12,61
255,255,255,13,61
255,255,255,14,61
255,255,255,15,61
255,255,255,16,61
255,255,255,17,61
255,255,255,18,61
255,255,255,19,61
255,255,255,20,61
255,255,255,21,61
255,255,255,22,61
255,255,255,23,61
255,255,255,24,61
255,255,255,25,61
255,255,255,26,61
255,255,255,27,61
255,255,255,28,61
255,255,255,29,61
255,255,255,30,61
255,255,255,31,61
255,255,255,32,61
255,255,255,33,61
255,255,255,34,61
255,255,255,35,61
255,255,255,36,61
255,255,255,37,61
255,255,255,38,61
255,255,255,39,61
255,255,255,40,61
255,255,255,41,61
255,255,255,42,61
254,255,254,43,61
254,254,254,44,61
253,254,252,45,61
252,254,254,46,61
200,214,220,47,61
127,165,182,48,61
130,175,200,49,61
138,182,205,50,61
144,184,205,51,61
142,184,206,52,61
135,182,205,53,61
119,174,197,54,61
91,160,192,55,61
59,146,185,56,61
32,133,179,57,61
13,127,173,58,61
5,127,177,59,61
0,133,184,60,61
16,144,191,61,61
73,164,204,62,61
119,171,211,63,61
121,147,177,64,61
85,94,112,65,61
198,200,206,66,61
255,255,255,67,61
253,251,251,68,61
251,250,250,69,61
253,254,251,70,61
134,154,177,71,61
8,82,135,72,61
4,95,156,73,61
5,95,157,74,61
0,90,151,75,61
0,81,135,76,61
0,76,127,77,61
0,80,134,78,61
3,90,150,79,61
5,95,160,80,61
3,97,161,81,61
3,95,158,82,61
6,93,155,83,61
0,84,141,84,61
0,81,139,85,61
3,92,153,86,61
3,105,166,87,61
1,104,167,88,61
0,91,153,89,61
0,84,142,90,61
5,94,153,91,61
4,105,165,92,61
2,105,166,93,61
4,104,162,94,61
4,95,155,95,61
4,85,144,96,61
1,83,145,97,61
1,81,144,98,61
2,77,137,99,61
2,68,132,100,61
3,59,128,101,61
1,60,123,102,61
1,66,129,103,61
3,67,130,104,61
2,66,132,105,61
2,63,136,106,61
0,52,121,107,61
0,46,113,108,61
0,51,116,109,61
4,59,128,110,61
4,65,138,111,61
3,66,138,112,61
0,57,122,113,61
0,49,112,114,61
0,51,121,115,61
2,64,132,116,61
2,71,134,117,61
3,73,130,118,61
2,65,118,119,61
0,56,110,120,61
0,61,119,121,61
1,72,136,122,61
2,72,139,123,61
2,71,134,124,61
0,71,136,125,61
7,71,136,126,61
13,59,109,127,61
50,68,103,128,61
109,133,162,129,61
107,163,198,130,61
55,158,201,131,61
9,141,194,132,61
2,134,184,133,61
12,131,178,134,61
30,133,179,135,61
55,147,186,136,61
87,162,189,137,61
117,173,200,138,61
133,183,207,139,61
142,186,209,140,61
144,185,208,141,61
142,182,205,142,61
137,175,201,143,61
130,171,195,144,61
121,160,187,145,61
105,149,177,146,61
208,222,230,147,61
255,255,255,148,61
254,255,254,149,61
255,255,255,150,61
255,255,255,151,61
255,255,255,152,61
255,255,255,153,61
255,255,255,154,61
255,255,255,155,61
255,255,255,156,61
255,255,255,157,61
255,255,255,158,61
255,255,255,159,61
255,255,255,160,61
255,255,255,161,61
255,255,255,162,61
255,255,255,163,61
255,255,255,164,61
255,255,255,165,61
255,255,255,166,61
255,255,255,167,61
255,255,255,168,61
255,255,255,169,61
255,255,255,170,61
255,255,255,171,61
255,255,255,172,61
255,255,255,173,61
255,255,255,174,61
255,255,255,175,61
255,255,255,176,61
255,255,255,177,61
255,255,255,178,61
255,255,255,179,61
255,255,255,180,61
255,255,255,181,61
255,255,255,182,61
255,255,255,183,61
255,255,255,184,61
255,255,255,185,61
255,255,255,186,61
255,255,255,187,61
255,255,255,188,61
255,255,255,189,61
255,255,255,190,61
255,255,255,191,61
255,255,255,192,61
255,255,255,193,61
255,255,255,194,61
255,255,255,195,61
255,255,255,196,61
255,255,255,197,61
255,255,255,198,61
255,255,255,199,61
255,255,255,0,62
255,255,255,1,62
255,255,255,2,62
255,255,255,3,62
255,255,255,4,62
255,255,255,5,62
255,255,255,6,62
255,255,255,7,62
255,255,255,8,62
255,255,255,9,62
255,255,255,10,62
255,255,255,11,62
255,255,255,12,62
255,255,255,13,62
255,255,255,14,62
255,255,255,15,62
255,255,255,16,62
255,255,255,17,62
255,255,255,18,62
255,255,255,19,62
255,255,255,20,62
255,255,255,21,62
255,255,255,22,62
255,255,255,23,62
255,255,255,24,62
255,255,255,25,62
255,255,255,26,62
255,255,255,27,62
255,255,255,28,62
255,255,255,29,62
255,255,255,30,62
255,255,255,31,62
255,255,255,32,62
255,255,255,33,62
255,255,255,34,62
255,255,255,35,62
255,255,255,36,62
255,255,255,37,62
255,255,255,38,62
255,255,255,39,62
255,255,255,40,62
255,255,255,41,62
255,255,255,42,62
254,255,255,43,62
253,254,255,44,62
253,255,254,45,62
223,229,228,46,62
213,223,225,47,62
154,182,197,48,62
133,172,197,49,62
140,181,204,50,62
144,185,206,51,62
143,185,207,52,62
136,183,205,53,62
122,175,198,54,62
94,162,192,55,62
62,147,186,56,62
34,134,180,57,62
14,128,173,58,62
7,126,175,59,62
1,130,184,60,62
2,139,187,61,62
39,156,200,62,62
95,171,218,63,62
123,167,202,64,62
106,128,158,65,62
90,98,115,66,62
218,222,225,67,62
254,254,252,68,62
248,251,243,69,62
252,252,245,70,62
246,250,243,71,62
118,153,174,72,62
7,80,147,73,62
6,89,151,74,62
2,93,153,75,62
0,95,157,76,62
2,95,160,77,62
1,95,159,78,62
4,94,156,79,62
3,91,153,80,62
1,92,152,81,62
0,93,153,82,62
1,93,157,83,62
1,95,160,84,62
1,100,161,85,62
1,102,159,86,62
2,104,158,87,62
2,104,160,88,62
3,104,164,89,62
3,103,168,90,62
2,103,171,91,62
2,103,170,92,62
5,100,171,93,62
7,98,163,94,62
5,95,150,95,62
2,89,152,96,62
1,81,152,97,62
4,73,145,98,62
5,69,138,99,62
3,67,137,100,62
2,65,136,101,62
1,66,130,102,62
1,66,128,103,62
1,67,130,104,62
1,66,130,105,62
1,65,127,106,62
1,66,128,107,62
1,67,130,108,62
2,66,132,109,62
4,63,126,110,62
6,63,122,111,62
5,63,124,112,62
2,64,130,113,62
0,65,132,114,62
2,66,132,115,62
3,66,127,116,62
3,66,132,117,62
0,67,137,118,62
1,67,134,119,62
5,67,132,120,62
5,67,133,121,62
4,71,134,122,62
1,73,136,123,62
3,70,138,124,62
4,74,138,125,62
9,64,119,126,62
32,55,97,127,62
94,112,145,128,62
115,158,193,129,62
81,164,208,130,62
25,149,196,131,62
1,137,188,132,62
4,131,182,133,62
14,130,180,134,62
35,133,181,135,62
59,148,186,136,62
91,163,191,137,62
119,174,201,138,62
134,183,208,139,62
142,185,210,140,62
146,184,208,141,62
143,180,205,142,62
138,175,202,143,62
129,171,196,144,62
121,161,189,145,62
107,152,180,146,62
209,223,231,147,62
255,255,254,148,62
254,255,255,149,62
255,255,255,150,62
255,255,255,151,62
255,255,255,152,62
255,255,255,153,62
255,255,255,154,62
255,255,255,155,62
255,255,255,156,62
255,255,255,157,62
255,255,255,158,62
255,255,255,159,62
255,255,255,160,62
255,255,255,161,62
255,255,255,162,62
255,255,255,163,62
255,255,255,164,62
255,255,255,165,62
255,255,255,166,62
255,255,255,167,62
255,255,255,168,62
255,255,255,169,62
255,255,255,170,62
255,255,255,171,62
255,255,255,172,62
255,255,255,173,62
255,255,255,174,62
255,255,255,175,62
255,255,255,176,62
255,255,255,177,62
255,255,255,178,62
255,255,255,179,62
255,255,255,180,62
255,255,255,181,62
255,255,255,182,62
255,255,255,183,62
255,255,255,184,62
255,255,255,185,62
255,255,255,186,62
255,255,255,187,62
255,255,255,188,62
255,255,255,189,62
255,255,255,190,62
255,255,255,191,62
255,255,255,192,62
255,255,255,193,62
255,255,255,194,62
255,255,255,195,62
255,255,255,196,62
255,255,255,197,62
255,255,255,198,62
255,255,255,199,62
255,255,255,0,63
255,255,255,1,63
255,255,255,2,63
255,255,255,3,63
255,255,255,4,63
255,255,255,5,63
255,255,255,6,63
255,255,255,7,63
255,255,255,8,63
255,255,255,9,63
255,255,255,10,63
255,255,255,11,63
255,255,255,12,63
255,255,255,13,63
255,255,255,14,63
255,255,255,15,63
255,255,255,16,63
255,255,255,17,63
255,255,255,18,63
255,255,255,19,63
255,255,255,20,63
255,255,255,21,63
255,255,255,22,63
255,255,255,23,63
255,255,255,24,63
255,255,255,25,63
255,255,255,26,63
255,255,255,27,63
255,255,255,28,63
255,255,255,29,63
255,255,255,30,63
255,255,255,31,63
255,255,255,32,63
255,255,255,33,63
255,255,255,34,63
255,255,255,35,63
255,255,255,36,63
255,255,255,37,63
255,255,255,38,63
255,255,255,39,63
255,255,255,40,63
255,255,255,41,63
255,255,255,42,63
253,255,254,43,63
253,255,254,44,63
253,255,254,45,63
214,223,225,46,63
164,180,184,47,63
190,209,218,48,63
139,171,194,49,63
140,182,204,50,63
146,183,205,51,63
145,185,208,52,63
137,184,206,53,63
123,177,200,54,63
96,164,194,55,63
64,149,185,56,63
36,135,179,57,63
16,128,172,58,63
7,125,173,59,63
2,128,182,60,63
0,136,185,61,63
13,144,192,62,63
60,160,208,63,63
109,172,213,64,63
128,161,202,65,63
97,112,143,66,63
94,103,116,67,63
225,226,227,68,63
254,255,254,69,63
251,250,251,70,63
251,254,249,71,63
246,250,244,72,63
139,165,183,73,63
11,91,148,74,63
0,90,154,75,63
3,93,153,76,63
2,93,158,77,63
2,92,156,78,63
4,88,151,79,63
2,86,149,80,63
1,87,148,81,63
0,88,147,82,63
0,88,151,83,63
1,91,155,84,63
1,96,156,85,63
0,99,160,86,63
1,101,167,87,63
2,102,169,88,63
1,103,167,89,63
1,103,167,90,63
1,105,166,91,63
2,105,162,92,63
4,102,163,93,63
3,98,161,94,63
3,93,153,95,63
1,86,144,96,63
0,78,141,97,63
3,71,140,98,63
4,66,138,99,63
2,67,135,100,63
1,67,133,101,63
2,66,128,102,63
2,65,128,103,63
2,66,133,104,63
1,66,132,105,63
1,65,126,106,63
1,65,127,107,63
1,65,130,108,63
1,65,133,109,63
1,64,132,110,63
2,65,130,111,63
2,64,128,112,63
2,64,129,113,63
0,64,130,114,63
1,66,129,115,63
2,65,134,116,63
2,64,130,117,63
0,66,129,118,63
2,65,134,119,63
4,66,137,120,63
3,70,134,121,63
6,71,134,122,63
4,74,137,123,63
1,79,144,124,63
10,66,121,125,63
28,52,85,126,63
82,102,124,127,63
112,154,180,128,63
97,167,208,129,63
44,156,207,130,63
5,141,189,131,63
0,135,183,132,63
3,129,179,133,63
16,129,179,134,63
38,134,181,135,63
62,149,187,136,63
94,165,194,137,63
123,175,203,138,63
136,184,207,139,63
142,186,209,140,63
146,185,209,141,63
143,181,205,142,63
137,175,201,143,63
131,170,194,144,63
122,161,191,145,63
109,154,185,146,63
211,224,232,147,63
255,255,253,148,63
254,255,255,149,63
255,255,255,150,63
255,255,255,151,63
255,255,255,152,63
255,255,255,153,63
255,255,255,154,63
255,255,255,155,63
255,255,255,156,63
255,255,255,157,63
255,255,255,158,63
255,255,255,159,63
255,255,255,160,63
255,255,255,161,63
255,255,255,162,63
255,255,255,163,63
255,255,255,164,63
255,255,255,165,63
255,255,255,166,63
255,255,255,167,63
255,255,255,168,63
255,255,255,169,63
255,255,255,170,63
255,255,255,171,63
255,255,255,172,63
255,255,255,173,63
255,255,255,174,63
255,255,255,175,63
255,255,255,176,63
255,255,255,177,63
255,255,255,178,63
255,255,255,179,63
255,255,255,180,63
255,255,255,181,63
255,255,255,182,63
255,255,255,183,63
255,255,255,184,63
255,255,255,185,63
255,255,255,186,63
255,255,255,187,63
255,255,255,188,63
255,255,255,189,63
255,255,255,190,63
255,255,255,191,63
255,255,255,192,63
255,255,255,193,63
255,255,255,194,63
255,255,255,195,63
255,255,255,196,63
255,255,255,197,63
255,255,255,198,63
255,255,255,199,63
255,255,255,0,64
255,255,255,1,64
255,255,255,2,64
255,255,255,3,64
255,255,255,4,64
255,255,255,5,64
255,255,255,6,64
255,255,255,7,64
255,255,255,8,64
255,255,255,9,64
255,255,255,10,64
255,255,255,11,64
255,255,255,12,64
255,255,255,13,64
255,255,255,14,64
255,255,255,15,64
255,255,255,16,64
255,255,255,17,64
255,255,255,18,64
255,255,255,19,64
255,255,255,20,64
255,255,255,21,64
255,255,255,22,64
255,255,255,23,64
255,255,255,24,64
255,255,255,25,64
255,255,255,26,64
255,255,255,27,64
255,255,255,28,64
255,255,255,29,64
255,255,255,30,64
255,255,255,31,64
255,255,255,32,64
255,255,255,33,64
255,255,255,34,64
255,255,255,35,64
255,255,255,36,64
255,255,255,37,64
255,255,255,38,64
255,255,255,39,64
255,255,255,40,64
255,255,255,41,64
254,254,254,42,64
252,255,254,43,64
252,254,253,44,64
254,255,252,45,64
219,232,237,46,64
130,155,176,47,64
196,206,214,48,64
151,174,194,49,64
139,182,204,50,64
147,183,206,51,64
147,185,208,52,64
139,186,209,53,64
126,178,201,54,64
99,166,192,55,64
69,151,186,56,64
42,136,180,57,64
18,128,173,58,64
7,125,174,59,64
2,127,180,60,64
0,134,183,61,64
3,140,188,62,64
22,152,198,63,64
76,167,216,64,64
115,176,215,65,64
126,160,188,66,64
92,110,136,67,64
92,98,118,68,64
211,213,218,69,64
255,255,255,70,64
252,253,251,71,64
253,255,250,72,64
255,254,253,73,64
172,197,213,74,64
40,105,141,75,64
0,85,140,76,64
2,93,155,77,64
4,92,151,78,64
6,86,148,79,64
3,83,146,80,64
1,83,147,81,64
2,83,146,82,64
2,84,147,83,64
4,89,153,84,64
1,93,154,85,64
0,97,159,86,64
0,101,165,87,64
0,103,167,88,64
0,103,168,89,64
0,103,168,90,64
1,105,166,91,64
1,104,161,92,64
1,101,160,93,64
0,96,157,94,64
1,88,152,95,64
1,81,142,96,64
0,75,138,97,64
1,69,135,98,64
1,66,132,99,64
1,66,132,100,64
1,66,131,101,64
2,64,129,102,64
3,64,130,103,64
2,65,133,104,64
2,65,134,105,64
2,64,131,106,64
2,65,131,107,64
2,65,133,108,64
1,64,133,109,64
1,64,132,110,64
1,64,133,111,64
0,64,132,112,64
0,64,132,113,64
1,64,131,114,64
1,66,130,115,64
1,66,135,116,64
1,65,129,117,64
1,67,128,118,64
1,69,132,119,64
5,71,138,120,64
4,73,140,121,64
6,73,143,122,64
5,77,140,123,64
7,69,116,124,64
31,51,92,125,64
86,92,128,126,64
115,150,176,127,64
102,169,206,128,64
53,164,207,129,64
9,149,197,130,64
0,139,188,131,64
2,133,182,132,64
5,129,179,133,64
19,129,178,134,64
40,135,179,135,64
65,151,187,136,64
96,166,196,137,64
125,176,204,138,64
137,183,206,139,64
143,186,208,140,64
144,185,207,141,64
143,182,205,142,64
138,177,202,143,64
134,170,194,144,64
124,165,195,145,64
111,159,191,146,64
211,227,235,147,64
255,254,252,148,64
253,255,254,149,64
255,255,255,150,64
255,255,255,151,64
255,255,255,152,64
255,255,255,153,64
255,255,255,154,64
255,255,255,155,64
255,255,255,156,64
255,255,255,157,64
255,255,255,158,64
255,255,255,159,64
255,255,255,160,64
255,255,255,161,64
255,255,255,162,64
255,255,255,163,64
255,255,255,164,64
255,255,255,165,64
255,255,255,166,64
255,255,255,167,64
255,255,255,168,64
255,255,255,169,64
255,255,255,170,64
255,255,255,171,64
255,255,255,172,64
255,255,255,173,64
255,255,255,174,64
255,255,255,175,64
255,255,255,176,64
255,255,255,177,64
255,255,255,178,64
255,255,255,179,64
255,255,255,180,64
255,255,255,181,64
255,255,255,182,64
255,255,255,183,64
255,255,255,184,64
255,255,255,185,64
255,255,255,186,64
255,255,255,187,64
255,255,255,188,64
255,255,255,189,64
255,255,255,190,64
255,255,255,191,64
255,255,255,192,64
255,255,255,193,64
255,255,255,194,64
255,255,255,195,64
255,255,255,196,64
255,255,255,197,64
255,255,255,198,64
255,255,255,199,64
255,255,255,0,65
255,255,255,1,65
255,255,255,2,65
255,255,255,3,65
255,255,255,4,65
255,255,255,5,65
255,255,255,6,65
255,255,255,7,65
255,255,255,8,65
255,255,255,9,65
255,255,255,10,65
255,255,255,11,65
255,255,255,12,65
255,255,255,13,65
255,255,255,14,65
255,255,255,15,65
255,255,255,16,65
255,255,255,17,65
255,255,255,18,65
255,255,255,19,65
255,255,255,20,65
255,255,255,21,65
255,255,255,22,65
255,255,255,23,65
255,255,255,24,65
255,255,255,25,65
255,255,255,26,65
255,255,255,27,65
255,255,255,28,65
255,255,255,29,65
255,255,255,30,65
255,255,255,31,65
255,255,255,32,65
255,255,255,33,65
255,255,255,34,65
255,255,255,35,65
255,255,255,36,65
255,255,255,37,65
255,255,255,38,65
255,255,255,39,65
255,255,255,40,65
255,255,255,41,65
254,254,254,42,65
253,254,254,43,65
252,255,253,44,65
255,255,252,45,65
221,236,240,46,65
124,161,184,47,65
170,187,198,48,65
164,187,207,49,65
137,180,202,50,65
148,182,205,51,65
147,184,208,52,65
139,186,209,53,65
128,178,201,54,65
104,168,193,55,65
73,152,186,56,65
44,137,181,57,65
20,127,174,58,65
8,125,173,59,65
3,126,177,60,65
0,131,181,61,65
0,136,186,62,65
5,143,193,63,65
26,158,210,64,65
75,173,218,65,65
122,175,213,66,65
129,158,192,67,65
93,115,141,68,65
76,87,104,69,65
175,181,188,70,65
249,253,251,71,65
254,255,254,72,65
251,253,251,73,65
254,255,255,74,65
221,229,236,75,65
102,143,175,76,65
14,85,140,77,65
0,80,144,78,65
3,81,147,79,65
3,80,143,80,65
3,77,142,81,65
5,75,143,82,65
4,80,143,83,65
3,87,147,84,65
1,92,154,85,65
1,96,159,86,65
1,101,161,87,65
1,103,164,88,65
1,104,166,89,65
0,104,166,90,65
1,104,165,91,65
1,102,162,92,65
1,98,159,93,65
1,93,155,94,65
1,85,149,95,65
1,78,144,96,65
1,73,140,97,65
1,68,137,98,65
1,65,134,99,65
2,65,133,100,65
1,66,132,101,65
2,65,132,102,65
2,65,132,103,65
2,65,132,104,65
2,65,132,105,65
2,65,132,106,65
1,64,131,107,65
1,64,131,108,65
1,64,131,109,65
1,64,132,110,65
1,64,133,111,65
0,64,134,112,65
0,64,132,113,65
0,65,128,114,65
2,64,127,115,65
3,66,127,116,65
3,65,133,117,65
2,68,138,118,65
2,71,136,119,65
3,74,137,120,65
1,75,142,121,65
9,78,140,122,65
11,61,107,123,65
33,54,90,124,65
90,99,134,125,65
115,150,184,126,65
101,172,207,127,65
63,167,209,128,65
20,152,197,129,65
1,142,195,130,65
0,135,188,131,65
2,130,180,132,65
5,128,177,133,65
20,129,178,134,65
42,136,179,135,65
68,151,187,136,65
100,168,198,137,65
127,178,203,138,65
139,184,207,139,65
145,186,209,140,65
145,185,207,141,65
143,181,205,142,65
138,177,202,143,65
135,170,196,144,65
125,167,197,145,65
111,162,193,146,65
213,229,238,147,65
255,255,252,148,65
253,255,254,149,65
255,255,255,150,65
255,255,255,151,65
255,255,255,152,65
255,255,255,153,65
255,255,255,154,65
255,255,255,155,65
255,255,255,156,65
255,255,255,157,65
255,255,255,158,65
255,255,255,159,65
255,255,255,160,65
255,255,255,161,65
255,255,255,162,65
255,255,255,163,65
255,255,255,164,65
255,255,255,165,65
255,255,255,166,65
255,255,255,167,65
255,255,255,168,65
255,255,255,169,65
255,255,255,170,65
255,255,255,171,65
255,255,255,172,65
255,255,255,173,65
255,255,255,174,65
255,255,255,175,65
255,255,255,176,65
255,255,255,177,65
255,255,255,178,65
255,255,255,179,65
255,255,255,180,65
255,255,255,181,65
255,255,255,182,65
255,255,255,183,65
255,255,255,184,65
255,255,255,185,65
255,255,255,186,65
255,255,255,187,65
255,255,255,188,65
255,255,255,189,65
255,255,255,190,65
255,255,255,191,65
255,255,255,192,65
255,255,255,193,65
255,255,255,194,65
255,255,255,195,65
255,255,255,196,65
255,255,255,197,65
255,255,255,198,65
255,255,255,199,65
255,255,255,0,66
255,255,255,1,66
255,255,255,2,66
255,255,255,3,66
255,255,255,4,66
255,255,255,5,66
255,255,255,6,66
255,255,255,7,66
255,255,255,8,66
255,255,255,9,66
255,255,255,10,66
255,255,255,11,66
255,255,255,12,66
255,255,255,13,66
255,255,255,14,66
255,255,255,15,66
255,255,255,16,66
255,255,255,17,66
255,255,255,18,66
255,255,255,19,66
255,255,255,20,66
255,255,255,21,66
255,255,255,22,66
255,255,255,23,66
255,255,255,24,66
255,255,255,25,66
255,255,255,26,66
255,255,255,27,66
255,255,255,28,66
255,255,255,29,66
255,255,255,30,66
255,255,255,31,66
255,255,255,32,66
255,255,255,33,66
255,255,255,34,66
255,255,255,35,66
255,255,255,36,66
255,255,255,37,66
255,255,255,38,66
255,255,255,39,66
255,255,255,40,66
255,255,255,41,66
254,254,253,42,66
254,254,253,43,66
253,255,253,44,66
255,255,252,45,66
222,236,240,46,66
130,166,192,47,66
147,171,186,48,66
173,197,213,49,66
137,179,199,50,66
147,182,204,51,66
147,185,208,52,66
139,186,208,53,66
130,179,201,54,66
108,169,194,55,66
77,152,186,56,66
48,137,182,57,66
23,127,175,58,66
9,124,173,59,66
4,124,177,60,66
0,126,182,61,66
0,132,187,62,66
0,139,193,63,66
2,148,201,64,66
29,159,203,65,66
78,172,216,66,66
118,179,218,67,66
132,166,194,68,66
108,125,154,69,66
69,81,109,70,66
125,129,143,71,66
229,228,231,72,66
255,255,255,73,66
249,254,252,74,66
255,255,253,75,66
251,251,251,76,66
182,203,215,77,66
76,121,157,78,66
8,70,131,79,66
0,65,134,80,66
0,71,138,81,66
2,76,138,82,66
2,81,146,83,66
2,87,155,84,66
1,92,158,85,66
2,96,159,86,66
1,101,160,87,66
1,103,162,88,66
0,103,165,89,66
0,103,164,90,66
2,103,165,91,66
3,100,161,92,66
2,96,158,93,66
0,90,153,94,66
0,82,147,95,66
1,77,142,96,66
0,72,139,97,66
0,68,135,98,66
1,65,133,99,66
2,65,132,100,66
2,65,132,101,66
2,65,132,102,66
2,65,132,103,66
2,65,132,104,66
2,65,132,105,66
2,65,132,106,66
1,64,131,107,66
1,64,131,108,66
1,64,131,109,66
1,64,131,110,66
0,64,133,111,66
0,64,133,112,66
1,64,132,113,66
1,66,129,114,66
2,67,129,115,66
2,66,135,116,66
5,70,134,117,66
0,72,135,118,66
0,72,137,119,66
15,81,141,120,66
48,95,140,121,66
45,67,108,122,66
53,63,100,123,66
94,118,141,124,66
118,160,185,125,66
104,175,210,126,66
64,168,214,127,66
16,153,199,128,66
3,142,193,129,66
1,137,192,130,66
0,131,186,131,66
1,128,179,132,66
6,126,175,133,66
21,129,176,134,66
45,138,180,135,66
72,154,189,136,66
103,169,199,137,66
128,178,203,138,66
140,184,208,139,66
146,186,210,140,66
147,184,207,141,66
144,180,205,142,66
139,175,201,143,66
136,170,195,144,66
125,166,195,145,66
111,163,194,146,66
214,230,239,147,66
255,255,252,148,66
254,254,254,149,66
255,255,255,150,66
255,255,255,151,66
255,255,255,152,66
255,255,255,153,66
255,255,255,154,66
255,255,255,155,66
255,255,255,156,66
255,255,255,157,66
255,255,255,158,66
255,255,255,159,66
255,255,255,160,66
255,255,255,161,66
255,255,255,162,66
255,255,255,163,66
255,255,255,164,66
255,255,255,165,66
255,255,255,166,66
255,255,255,167,66
255,255,255,168,66
255,255,255,169,66
255,255,255,170,66
255,255,255,171,66
255,255,255,172,66
255,255,255,173,66
255,255,255,174,66
255,255,255,175,66
255,255,255,176,66
255,255,255,177,66
255,255,255,178,66
255,255,255,179,66
255,255,255,180,66
255,255,255,181,66
255,255,255,182,66
255,255,255,183,66
255,255,255,184,66
255,255,255,185,66
255,255,255,186,66
255,255,255,187,66
255,255,255,188,66
255,255,255,189,66
255,255,255,190,66
255,255,255,191,66
255,255,255,192,66
255,255,255,193,66
255,255,255,194,66
255,255,255,195,66
255,255,255,196,66
255,255,255,197,66
255,255,255,198,66
255,255,255,199,66
255,255,255,0,67
255,255,255,1,67
255,255,255,2,67
255,255,255,3,67
255,255,255,4,67
255,255,255,5,67
255,255,255,6,67
255,255,255,7,67
255,255,255,8,67
255,255,255,9,67
255,255,255,10,67
255,255,255,11,67
255,255,255,12,67
255,255,255,13,67
255,255,255,14,67
255,255,255,15,67
255,255,255,16,67
255,255,255,17,67
255,255,255,18,67
255,255,255,19,67
255,255,255,20,67
255,255,255,21,67
255,255,255,22,67
255,255,255,23,67
255,255,255,24,67
255,255,255,25,67
255,255,255,26,67
255,255,255,27,67
255,255,255,28,67
255,255,255,29,67
255,255,255,30,67
255,255,255,31,67
255,255,255,32,67
255,255,255,33,67
255,255,255,34,67
255,255,255,35,67
255,255,255,36,67
255,255,255,37,67
255,255,255,38,67
255,255,255,39,67
255,255,255,40,67
255,255,255,41,67
255,255,253,42,67
255,254,252,43,67
254,254,253,44,67
255,255,252,45,67
224,237,242,46,67
132,169,198,47,67
137,167,190,48,67
173,196,210,49,67
140,180,196,50,67
145,181,205,51,67
147,183,206,52,67
140,185,206,53,67
132,178,201,54,67
110,169,195,55,67
81,155,188,56,67
51,138,182,57,67
26,127,174,58,67
11,123,171,59,67
5,122,176,60,67
1,125,183,61,67
1,130,187,62,67
0,135,193,63,67
2,140,196,64,67
6,147,194,65,67
24,161,204,66,67
72,176,220,67,67
123,179,218,68,67
135,171,206,69,67
118,146,183,70,67
85,95,127,71,67
83,85,103,72,67
161,162,174,73,67
239,241,244,74,67
255,255,255,75,67
253,255,252,76,67
253,255,255,77,67
243,248,250,78,67
182,193,210,79,67
84,119,155,80,67
22,72,128,81,67
0,65,135,82,67
0,75,144,83,67
4,84,143,84,67
3,91,148,85,67
2,96,157,86,67
1,99,159,87,67
1,101,161,88,67
0,101,162,89,67
0,102,162,90,67
1,101,163,91,67
2,98,160,92,67
2,94,156,93,67
0,87,151,94,67
1,79,146,95,67
1,75,141,96,67
0,70,137,97,67
1,66,133,98,67
2,65,132,99,67
2,65,132,100,67
2,65,132,101,67
2,65,132,102,67
2,65,132,103,67
1,64,131,104,67
1,64,131,105,67
1,64,131,106,67
1,64,131,107,67
1,64,131,108,67
1,64,131,109,67
1,64,131,110,67
0,63,130,111,67
1,64,131,112,67
1,64,132,113,67
2,66,133,114,67
1,67,132,115,67
1,64,131,116,67
2,69,127,117,67
27,90,137,118,67
73,114,156,119,67
83,104,140,120,67
62,72,97,121,67
79,85,113,122,67
113,133,166,123,67
120,167,196,124,67
108,177,212,125,67
63,168,212,126,67
16,153,203,127,67
0,147,198,128,67
2,138,193,129,67
1,133,187,130,67
0,129,183,131,67
2,126,179,132,67
7,125,174,133,67
23,129,174,134,67
49,140,181,135,67
76,156,190,136,67
107,171,199,137,67
129,179,203,138,67
141,184,207,139,67
148,185,208,140,67
148,184,208,141,67
144,180,204,142,67
139,174,200,143,67
137,169,195,144,67
125,166,194,145,67
111,164,194,146,67
216,232,240,147,67
254,254,251,148,67
254,254,254,149,67
255,255,255,150,67
255,255,255,151,67
255,255,255,152,67
255,255,255,153,67
255,255,255,154,67
255,255,255,155,67
255,255,255,156,67
255,255,255,157,67
255,255,255,158,67
255,255,255,159,67
255,255,255,160,67
255,255,255,161,67
255,255,255,162,67
255,255,255,163,67
255,255,255,164,67
255,255,255,165,67
255,255,255,166,67
255,255,255,167,67
255,255,255,168,67
255,255,255,169,67
255,255,255,170,67
255,255,255,171,67
255,255,255,172,67
255,255,255,173,67
255,255,255,174,67
255,255,255,175,67
255,255,255,176,67
255,255,255,177,67
255,255,255,178,67
255,255,255,179,67
255,255,255,180,67
255,255,255,181,67
255,255,255,182,67
255,255,255,183,67
255,255,255,184,67
255,255,255,185,67
255,255,255,186,67
255,255,255,187,67
255,255,255,188,67
255,255,255,189,67
255,255,255,190,67
255,255,255,191,67
255,255,255,192,67
255,255,255,193,67
255,255,255,194,67
255,255,255,195,67
255,255,255,196,67
255,255,255,197,67
255,255,255,198,67
255,255,255,199,67
255,255,255,0,68
255,255,255,1,68
255,255,255,2,68
255,255,255,3,68
255,255,255,4,68
255,255,255,5,68
255,255,255,6,68
255,255,255,7,68
255,255,255,8,68
255,255,255,9,68
255,255,255,10,68
255,255,255,11,68
255,255,255,12,68
255,255,255,13,68
255,255,255,14,68
255,255,255,15,68
255,255,255,16,68
255,255,255,17,68
255,255,255,18,68
255,255,255,19,68
255,255,255,20,68
255,255,255,21,68
255,255,255,22,68
255,255,255,23,68
255,255,255,24,68
255,255,255,25,68
255,255,255,26,68
255,255,255,27,68
255,255,255,28,68
255,255,255,29,68
255,255,255,30,68
255,255,255,31,68
255,255,255,32,68
255,255,255,33,68
255,255,255,34,68
255,255,255,35,68
255,255,255,36,68
255,255,255,37,68
255,255,255,38,68
255,255,255,39,68
255,255,255,40,68
255,255,255,41,68
255,255,255,42,68
255,254,254,43,68
254,255,254,44,68
255,255,253,45,68
224,238,242,46,68
130,169,199,47,68
134,169,198,48,68
167,188,205,49,68
145,181,195,50,68
145,181,205,51,68
147,184,208,52,68
141,184,205,53,68
133,178,200,54,68
113,170,196,55,68
83,156,187,56,68
53,141,182,57,68
28,128,173,58,68
13,122,168,59,68
5,121,172,60,68
1,124,180,61,68
1,128,184,62,68
1,130,188,63,68
2,134,192,64,68
1,142,195,65,68
1,152,203,66,68
22,159,211,67,68
70,173,218,68,68
110,183,217,69,68
133,181,213,70,68
131,164,197,71,68
111,128,160,72,68
73,84,112,73,68
87,95,115,74,68
162,166,175,75,68
226,229,230,76,68
254,255,255,77,68
255,255,253,78,68
255,255,248,79,68
249,254,250,80,68
203,214,218,81,68
124,149,178,82,68
56,101,149,83,68
12,83,139,84,68
0,84,143,85,68
0,90,152,86,68
0,97,158,87,68
0,102,161,88,68
0,102,162,89,68
0,102,162,90,68
0,100,162,91,68
1,97,159,92,68
0,92,154,93,68
0,85,149,94,68
1,77,144,95,68
1,72,139,96,68
1,68,137,97,68
2,66,135,98,68
2,65,132,99,68
2,65,132,100,68
1,64,131,101,68
1,64,130,102,68
1,64,131,103,68
1,64,131,104,68
1,64,131,105,68
1,64,131,106,68
1,64,131,107,68
1,64,131,108,68
1,64,131,109,68
0,64,131,110,68
0,63,131,111,68
0,62,130,112,68
0,60,128,113,68
0,61,128,114,68
26,75,130,115,68
69,111,149,116,68
104,140,163,117,68
106,129,150,118,68
75,79,103,119,68
67,71,97,120,68
98,113,146,121,68
121,155,187,122,68
125,175,210,123,68
100,178,222,124,68
52,168,216,125,68
14,156,205,126,68
4,148,200,127,68
2,142,195,128,68
2,134,189,129,68
2,129,185,130,68
2,127,181,131,68
2,124,177,132,68
8,124,176,133,68
25,129,177,134,68
51,140,181,135,68
78,157,189,136,68
109,171,197,137,68
131,180,203,138,68
142,185,208,139,68
148,184,208,140,68
146,182,206,141,68
143,179,204,142,68
139,175,202,143,68
136,171,195,144,68
123,164,194,145,68
112,163,194,146,68
217,233,240,147,68
254,254,252,148,68
254,254,254,149,68
255,255,255,150,68
255,255,255,151,68
255,255,255,152,68
255,255,255,153,68
255,255,255,154,68
255,255,255,155,68
255,255,255,156,68
255,255,255,157,68
255,255,255,158,68
255,255,255,159,68
255,255,255,160,68
255,255,255,161,68
255,255,255,162,68
255,255,255,163,68
255,255,255,164,68
255,255,255,165,68
255,255,255,166,68
255,255,255,167,68
255,255,255,168,68
255,255,255,169,68
255,255,255,170,68
255,255,255,171,68
255,255,255,172,68
255,255,255,173,68
255,255,255,174,68
255,255,255,175,68
255,255,255,176,68
255,255,255,177,68
255,255,255,178,68
255,255,255,179,68
255,255,255,180,68
255,255,255,181,68
255,255,255,182,68
255,255,255,183,68
255,255,255,184,68
255,255,255,185,68
255,255,255,186,68
255,255,255,187,68
255,255,255,188,68
255,255,255,189,68
255,255,255,190,68
255,255,255,191,68
255,255,255,192,68
255,255,255,193,68
255,255,255,194,68
255,255,255,195,68
255,255,255,196,68
255,255,255,197,68
255,255,255,198,68
255,255,255,199,68
255,255,255,0,69
255,255,255,1,69
255,255,255,2,69
255,255,255,3,69
255,255,255,4,69
255,255,255,5,69
255,255,255,6,69
255,255,255,7,69
255,255,255,8,69
255,255,255,9,69
255,255,255,10,69
255,255,255,11,69
255,255,255,12,69
255,255,255,13,69
255,255,255,14,69
255,255,255,15,69
255,255,255,16,69
255,255,255,17,69
255,255,255,18,69
255,255,255,19,69
255,255,255,20,69
255,255,255,21,69
255,255,255,22,69
255,255,255,23,69
255,255,255,24,69
255,255,255,25,69
255,255,255,26,69
255,255,255,27,69
255,255,255,28,69
255,255,255,29,69
255,255,255,30,69
255,255,255,31,69
255,255,255,32,69
255,255,255,33,69
255,255,255,34,69
255,255,255,35,69
255,255,255,36,69
255,255,255,37,69
255,255,255,38,69
255,255,255,39,69
255,255,255,40,69
255,255,255,41,69
255,255,254,42,69
255,255,254,43,69
255,255,254,44,69
255,255,253,45,69
225,239,243,46,69
129,168,198,47,69
132,170,201,48,69
158,185,206,49,69
148,183,200,50,69
145,181,205,51,69
146,184,207,52,69
142,184,203,53,69
132,179,200,54,69
115,170,195,55,69
88,157,189,56,69
57,142,184,57,69
30,128,173,58,69
13,121,170,59,69
5,120,172,60,69
0,123,177,61,69
1,127,181,62,69
1,129,184,63,69
1,133,189,64,69
1,139,194,65,69
1,144,201,66,69
3,150,204,67,69
14,159,207,68,69
54,170,214,69,69
96,184,222,70,69
124,188,221,71,69
140,180,208,72,69
135,160,192,73,69
105,123,155,74,69
72,84,113,75,69
76,81,106,76,69
138,140,153,77,69
207,209,208,78,69
244,247,245,79,69
255,255,255,80,69
255,255,253,81,69
255,255,253,82,69
237,246,244,83,69
191,212,223,84,69
124,162,190,85,69
70,126,161,86,69
34,104,149,87,69
6,96,150,88,69
0,94,154,89,69
0,95,155,90,69
0,95,159,91,69
0,94,156,92,69
0,88,154,93,69
1,81,149,94,69
2,75,144,95,69
1,69,139,96,69
2,66,136,97,69
3,66,137,98,69
2,65,134,99,69
1,65,129,100,69
1,65,129,101,69
1,65,129,102,69
1,64,131,103,69
1,65,131,104,69
0,64,129,105,69
1,63,129,106,69
0,61,128,107,69
0,61,125,108,69
0,59,122,109,69
0,59,117,110,69
10,64,124,111,69
37,84,139,112,69
79,121,160,113,69
132,159,186,114,69
161,174,188,115,69
119,132,143,116,69
68,71,95,117,69
64,71,96,118,69
95,109,133,119,69
124,149,177,120,69
130,174,206,121,69
116,182,217,122,69
88,178,226,123,69
43,165,215,124,69
7,157,205,125,69
1,152,203,126,69
5,140,197,127,69
3,135,192,128,69
1,131,187,129,69
2,129,181,130,69
1,125,179,131,69
2,123,176,132,69
9,123,175,133,69
27,128,176,134,69
55,141,179,135,69
82,158,190,136,69
111,173,196,137,69
133,181,204,138,69
143,185,209,139,69
146,185,209,140,69
146,183,207,141,69
143,179,204,142,69
139,174,201,143,69
136,171,196,144,69
121,165,193,145,69
114,159,193,146,69
218,232,239,147,69
253,254,254,148,69
254,254,254,149,69
255,255,255,150,69
255,255,255,151,69
255,255,255,152,69
255,255,255,153,69
255,255,255,154,69
255,255,255,155,69
255,255,255,156,69
255,255,255,157,69
255,255,255,158,69
255,255,255,159,69
255,255,255,160,69
255,255,255,161,69
255,255,255,162,69
255,255,255,163,69
255,255,255,164,69
255,255,255,165,69
255,255,255,166,69
255,255,255,167,69
255,255,255,168,69
255,255,255,169,69
255,255,255,170,69
255,255,255,171,69
255,255,255,172,69
255,255,255,173,69
255,255,255,174,69
255,255,255,175,69
255,255,255,176,69
255,255,255,177,69
255,255,255,178,69
255,255,255,179,69
255,255,255,180,69
255,255,255,181,69
255,255,255,182,69
255,255,255,183,69
255,255,255,184,69
255,255,255,185,69
255,255,255,186,69
255,255,255,187,69
255,255,255,188,69
255,255,255,189,69
255,255,255,190,69
255,255,255,191,69
255,255,255,192,69
255,255,255,193,69
255,255,255,194,69
255,255,255,195,69
255,255,255,196,69
255,255,255,197,69
255,255,255,198,69
255,255,255,199,69
255,255,255,0,70
255,255,255,1,70
255,255,255,2,70
255,255,255,3,70
255,255,255,4,70
255,255,255,5,70
255,255,255,6,70
255,255,255,7,70
255,255,255,8,70
255,255,255,9,70
255,255,255,10,70
255,255,255,11,70
255,255,255,12,70
255,255,255,13,70
255,255,255,14,70
255,255,255,15,70
255,255,255,16,70
255,255,255,17,70
255,255,255,18,70
255,255,255,19,70
255,255,255,20,70
255,255,255,21,70
255,255,255,22,70
255,255,255,23,70
255,255,255,24,70
255,255,255,25,70
255,255,255,26,70
255,255,255,27,70
255,255,255,28,70
255,255,255,29,70
255,255,255,30,70
255,255,255,31,70
255,255,255,32,70
255,255,255,33,70
255,255,255,34,70
255,255,255,35,70
255,255,255,36,70
255,255,255,37,70
255,255,255,38,70
255,255,255,39,70
255,255,255,40,70
255,255,255,41,70
255,255,253,42,70
255,255,253,43,70
255,255,254,44,70
255,255,253,45,70
226,239,243,46,70
129,167,199,47,70
129,170,202,48,70
149,183,205,49,70
150,184,204,50,70
144,180,204,51,70
146,184,206,52,70
144,183,203,53,70
135,179,201,54,70
118,171,194,55,70
93,157,189,56,70
61,142,184,57,70
32,127,174,58,70
14,120,171,59,70
5,119,172,60,70
1,122,174,61,70
0,125,178,62,70
1,128,182,63,70
1,132,187,64,70
1,136,192,65,70
2,141,195,66,70
1,147,200,67,70
0,153,206,68,70
9,157,209,69,70
34,168,215,70,70
72,182,222,71,70
112,190,225,72,70
137,187,221,73,70
143,177,208,74,70
138,158,190,75,70
115,128,160,76,70
83,93,122,77,70
68,78,99,78,70
90,94,110,79,70
145,149,162,80,70
203,208,215,81,70
236,241,243,82,70
255,255,255,83,70
255,255,255,84,70
255,255,255,85,70
249,252,251,86,70
220,233,238,87,70
181,207,220,88,70
142,179,199,89,70
97,147,175,90,70
57,125,168,91,70
34,105,153,92,70
22,90,148,93,70
12,78,139,94,70
4,69,129,95,70
0,63,125,96,70
0,58,124,97,70
0,58,123,98,70
0,58,123,99,70
0,57,122,100,70
0,57,125,101,70
0,56,127,102,70
0,56,123,103,70
1,59,122,104,70
7,64,125,105,70
16,70,130,106,70
32,80,135,107,70
63,102,154,108,70
106,134,172,109,70
157,172,200,110,70
187,195,209,111,70
189,196,206,112,70
149,153,159,113,70
95,93,106,114,70
68,65,90,115,70
70,77,120,116,70
98,114,150,117,70
124,153,177,118,70
135,172,201,119,70
126,182,218,120,70
96,186,225,121,70
59,177,217,122,70
23,164,211,123,70
5,155,205,124,70
1,151,203,125,70
2,144,199,126,70
1,137,193,127,70
1,133,190,128,70
1,130,185,129,70
1,127,179,130,70
0,124,176,131,70
2,121,174,132,70
10,123,173,133,70
30,128,174,134,70
58,140,178,135,70
84,158,189,136,70
113,173,196,137,70
136,181,204,138,70
143,185,208,139,70
145,186,208,140,70
144,185,207,141,70
142,180,203,142,70
140,173,200,143,70
135,171,193,144,70
119,166,194,145,70
117,156,193,146,70
219,232,240,147,70
252,255,255,148,70
254,254,254,149,70
255,255,255,150,70
255,255,255,151,70
255,255,255,152,70
255,255,255,153,70
255,255,255,154,70
255,255,255,155,70
255,255,255,156,70
255,255,255,157,70
255,255,255,158,70
255,255,255,159,70
255,255,255,160,70
255,255,255,161,70
255,255,255,162,70
255,255,255,163,70
255,255,255,164,70
255,255,255,165,70
255,255,255,166,70
255,255,255,167,70
255,255,255,168,70
255,255,255,169,70
255,255,255,170,70
255,255,255,171,70
255,255,255,172,70
255,255,255,173,70
255,255,255,174,70
255,255,255,175,70
255,255,255,176,70
255,255,255,177,70
255,255,255,178,70
255,255,255,179,70
255,255,255,180,70
255,255,255,181,70
255,255,255,182,70
255,255,255,183,70
255,255,255,184,70
255,255,255,185,70
255,255,255,186,70
255,255,255,187,70
255,255,255,188,70
255,255,255,189,70
255,255,255,190,70
255,255,255,191,70
255,255,255,192,70
255,255,255,193,70
255,255,255,194,70
255,255,255,195,70
255,255,255,196,70
255,255,255,197,70
255,255,255,198,70
255,255,255,199,70
255,255,255,0,71
255,255,255,1,71
255,255,255,2,71
255,255,255,3,71
255,255,255,4,71
255,255,255,5,71
255,255,255,6,71
255,255,255,7,71
255,255,255,8,71
255,255,255,9,71
255,255,255,10,71
255,255,255,11,71
255,255,255,12,71
255,255,255,13,71
255,255,255,14,71
255,255,255,15,71
255,255,255,16,71
255,255,255,17,71
255,255,255,18,71
255,255,255,19,71
255,255,255,20,71
255,255,255,21,71
255,255,255,22,71
255,255,255,23,71
255,255,255,24,71
255,255,255,25,71
255,255,255,26,71
255,255,255,27,71
255,255,255,28,71
255,255,255,29,71
255,255,255,30,71
255,255,255,31,71
255,255,255,32,71
255,255,255,33,71
255,255,255,34,71
255,255,255,35,71
255,255,255,36,71
255,255,255,37,71
255,255,255,38,71
255,255,255,39,71
255,255,255,40,71
255,255,255,41,71
255,255,255,42,71
255,255,253,43,71
255,255,253,44,71
255,255,253,45,71
225,240,243,46,71
127,167,198,47,71
128,169,202,48,71
144,179,202,49,71
147,182,201,50,71
143,179,202,51,71
146,183,206,52,71
144,183,204,53,71
136,181,203,54,71
121,172,194,55,71
95,157,185,56,71
64,142,181,57,71
33,128,173,58,71
14,119,168,59,71
4,117,168,60,71
1,120,173,61,71
0,124,176,62,71
1,126,180,63,71
2,128,185,64,71
1,133,189,65,71
1,138,192,66,71
1,143,196,67,71
0,147,200,68,71
2,154,206,69,71
5,159,210,70,71
15,162,213,71,71
45,173,221,72,71
82,187,225,73,71
112,192,226,74,71
132,190,225,75,71
141,182,212,76,71
142,168,196,77,71
127,146,175,78,71
103,116,150,79,71
78,88,122,80,71
68,77,105,81,71
80,86,104,82,71
114,118,132,83,71
160,162,173,84,71
194,199,200,85,71
228,231,230,86,71
247,252,251,87,71
255,255,255,88,71
255,255,255,89,71
255,255,255,90,71
247,252,250,91,71
232,239,242,92,71
215,228,238,93,71
198,215,228,94,71
180,200,214,95,71
161,186,207,96,71
146,171,194,97,71
143,167,189,98,71
141,165,188,99,71
142,164,190,100,71
144,164,192,101,71
151,169,196,102,71
165,181,204,103,71
179,195,214,104,71
195,209,226,105,71
207,220,228,106,71
212,224,218,107,71
203,208,210,108,71
179,182,191,109,71
129,139,149,110,71
84,95,105,111,71
64,69,92,112,71
68,73,100,113,71
92,103,129,114,71
113,134,159,115,71
127,163,187,116,71
132,180,208,117,71
123,186,222,118,71
103,188,227,119,71
66,182,225,120,71
28,171,220,121,71
6,163,212,122,71
2,157,205,123,71
3,150,205,124,71
1,144,203,125,71
0,139,196,126,71
0,135,191,127,71
1,132,188,128,71
1,128,183,129,71
1,124,177,130,71
1,121,174,131,71
2,119,170,132,71
11,122,170,133,71
32,129,174,134,71
60,141,179,135,71
86,158,191,136,71
117,173,198,137,71
138,180,205,138,71
144,185,208,139,71
146,185,208,140,71
144,183,205,141,71
140,178,201,142,71
139,172,197,143,71
133,171,192,144,71
118,165,193,145,71
116,156,194,146,71
219,234,241,147,71
249,255,255,148,71
254,253,254,149,71
255,255,255,150,71
255,255,255,151,71
255,255,255,152,71
255,255,255,153,71
255,255,255,154,71
255,255,255,155,71
255,255,255,156,71
255,255,255,157,71
255,255,255,158,71
255,255,255,159,71
255,255,255,160,71
255,255,255,161,71
255,255,255,162,71
255,255,255,163,71
255,255,255,164,71
255,255,255,165,71
255,255,255,166,71
255,255,255,167,71
255,255,255,168,71
255,255,255,169,71
255,255,255,170,71
255,255,255,171,71
255,255,255,172,71
255,255,255,173,71
255,255,255,174,71
255,255,255,175,71
255,255,255,176,71
255,255,255,177,71
255,255,255,178,71
255,255,255,179,71
255,255,255,180,71
255,255,255,181,71
255,255,255,182,71
255,255,255,183,71
255,255,255,184,71
255,255,255,185,71
255,255,255,186,71
255,255,255,187,71
255,255,255,188,71
255,255,255,189,71
255,255,255,190,71
255,255,255,191,71
255,255,255,192,71
255,255,255,193,71
255,255,255,194,71
255,255,255,195,71
255,255,255,196,71
255,255,255,197,71
255,255,255,198,71
255,255,255,199,71
255,255,255,0,72
255,255,255,1,72
255,255,255,2,72
255,255,255,3,72
255,255,255,4,72
255,255,255,5,72
255,255,255,6,72
255,255,255,7,72
255,255,255,8,72
255,255,255,9,72
255,255,255,10,72
255,255,255,11,72
255,255,255,12,72
255,255,255,13,72
255,255,255,14,72
255,255,255,15,72
255,255,255,16,72
255,255,255,17,72
255,255,255,18,72
255,255,255,19,72
255,255,255,20,72
255,255,255,21,72
255,255,255,22,72
255,255,255,23,72
255,255,255,24,72
255,255,255,25,72
255,255,255,26,72
255,255,255,27,72
255,255,255,28,72
255,255,255,29,72
255,255,255,30,72
255,255,255,31,72
255,255,255,32,72
255,255,255,33,72
255,255,255,34,72
255,255,255,35,72
255,255,255,36,72
255,255,255,37,72
255,255,255,38,72
255,255,255,39,72
255,255,255,40,72
255,255,255,41,72
255,255,254,42,72
255,255,252,43,72
255,255,252,44,72
255,255,251,45,72
225,239,243,46,72
126,165,194,47,72
126,170,202,48,72
143,177,200,49,72
147,180,200,50,72
143,179,202,51,72
146,182,206,52,72
146,183,207,53,72
138,181,205,54,72
122,172,195,55,72
98,157,186,56,72
64,142,181,57,72
34,127,171,58,72
14,118,165,59,72
5,116,166,60,72
0,118,171,61,72
0,122,175,62,72
0,124,177,63,72
1,127,183,64,72
1,130,188,65,72
0,134,190,66,72
1,138,194,67,72
0,142,195,68,72
0,146,197,69,72
1,151,202,70,72
1,155,212,71,72
6,158,215,72,72
20,166,217,73,72
46,178,224,74,72
73,186,228,75,72
105,191,228,76,72
128,193,223,77,72
141,190,218,78,72
145,179,210,79,72
141,167,198,80,72
125,150,180,81,72
112,126,156,82,72
94,101,133,83,72
77,82,114,84,72
64,75,106,85,72
68,80,106,86,72
89,97,117,87,72
109,115,130,88,72
132,138,150,89,72
155,159,169,90,72
178,181,185,91,72
195,196,198,92,72
209,210,214,93,72
220,221,222,94,72
227,229,227,95,72
234,235,232,96,72
241,241,237,97,72
236,236,237,98,72
227,226,231,99,72
219,220,223,100,72
208,211,214,101,72
194,197,200,102,72
179,180,187,103,72
155,157,165,104,72
130,132,143,105,72
103,106,123,106,72
80,84,112,107,72
65,69,97,108,72
64,71,99,109,72
76,89,116,110,72
96,113,143,111,72
112,140,165,112,72
126,161,187,113,72
135,174,212,114,72
136,182,222,115,72
125,189,223,116,72
102,188,229,117,72
65,182,225,118,72
31,176,215,119,72
13,164,211,120,72
4,156,212,121,72
2,153,211,122,72
2,149,206,123,72
2,144,202,124,72
1,140,198,125,72
0,136,193,126,72
0,133,189,127,72
1,130,185,128,72
1,127,179,129,72
2,123,175,130,72
1,120,171,131,72
3,118,167,132,72
11,120,167,133,72
33,128,173,134,72
63,142,181,135,72
90,159,190,136,72
118,172,197,137,72
139,179,204,138,72
145,183,206,139,72
147,182,205,140,72
144,181,203,141,72
140,177,198,142,72
139,171,193,143,72
134,170,194,144,72
119,165,193,145,72
115,155,194,146,72
219,234,242,147,72
251,255,255,148,72
254,254,255,149,72
255,255,255,150,72
255,255,255,151,72
255,255,255,152,72
255,255,255,153,72
255,255,255,154,72
255,255,255,155,72
255,255,255,156,72
255,255,255,157,72
255,255,255,158,72
255,255,255,159,72
255,255,255,160,72
255,255,255,161,72
255,255,255,162,72
255,255,255,163,72
255,255,255,164,72
255,255,255,165,72
255,255,255,166,72
255,255,255,167,72
255,255,255,168,72
255,255,255,169,72
255,255,255,170,72
255,255,255,171,72
255,255,255,172,72
255,255,255,173,72
255,255,255,174,72
255,255,255,175,72
255,255,255,176,72
255,255,255,177,72
255,255,255,178,72
255,255,255,179,72
255,255,255,180,72
255,255,255,181,72
255,255,255,182,72
255,255,255,183,72
255,255,255,184,72
255,255,255,185,72
255,255,255,186,72
255,255,255,187,72
255,255,255,188,72
255,255,255,189,72
255,255,255,190,72
255,255,255,191,72
255,255,255,192,72
255,255,255,193,72
255,255,255,194,72
255,255,255,195,72
255,255,255,196,72
255,255,255,197,72
255,255,255,198,72
255,255,255,199,72
255,255,255,0,73
255,255,255,1,73
255,255,255,2,73
255,255,255,3,73
255,255,255,4,73
255,255,255,5,73
255,255,255,6,73
255,255,255,7,73
255,255,255,8,73
255,255,255,9,73
255,255,255,10,73
255,255,255,11,73
255,255,255,12,73
255,255,255,13,73
255,255,255,14,73
255,255,255,15,73
255,255,255,16,73
255,255,255,17,73
255,255,255,18,73
255,255,255,19,73
255,255,255,20,73
255,255,255,21,73
255,255,255,22,73
255,255,255,23,73
255,255,255,24,73
255,255,255,25,73
255,255,255,26,73
255,255,255,27,73
255,255,255,28,73
255,255,255,29,73
255,255,255,30,73
255,255,255,31,73
255,255,255,32,73
255,255,255,33,73
255,255,255,34,73
255,255,255,35,73
255,255,255,36,73
255,255,255,37,73
255,255,255,38,73
255,255,255,39,73
255,255,255,40,73
255,255,255,41,73
255,255,254,42,73
255,255,253,43,73
255,255,254,44,73
255,255,251,45,73
226,240,243,46,73
127,166,194,47,73
125,170,200,48,73
142,175,199,49,73
147,179,201,50,73
144,178,201,51,73
146,180,204,52,73
147,182,206,53,73
140,181,205,54,73
124,172,196,55,73
99,158,188,56,73
65,143,180,57,73
36,128,167,58,73
16,118,161,59,73
6,114,164,60,73
0,116,169,61,73
0,120,173,62,73
0,122,175,63,73
1,125,179,64,73
2,129,185,65,73
1,131,188,66,73
0,134,190,67,73
0,138,192,68,73
1,140,196,69,73
1,144,198,70,73
0,150,207,71,73
1,152,212,72,73
2,158,213,73,73
6,162,216,74,73
16,166,218,75,73
35,175,224,76,73
56,186,228,77,73
85,194,232,78,73
113,195,231,79,73
127,195,228,80,73
133,193,224,81,73
141,185,218,82,73
142,176,212,83,73
135,166,199,84,73
129,151,185,85,73
120,136,168,86,73
104,121,149,87,73
93,108,134,88,73
80,93,120,89,73
70,83,111,90,73
65,78,103,91,73
63,76,98,92,73
67,73,96,93,73
65,73,92,94,73
65,75,92,95,73
70,79,98,96,73
73,82,100,97,73
67,77,96,98,73
65,73,94,99,73
63,72,93,100,73
62,71,95,101,73
60,71,100,102,73
59,74,104,103,73
67,83,115,104,73
78,94,130,105,73
92,109,145,106,73
105,123,155,107,73
120,141,172,108,73
129,158,189,109,73
137,171,203,110,73
139,179,213,111,73
132,187,225,112,73
120,191,230,113,73
104,191,232,114,73
85,186,232,115,73
60,178,230,116,73
35,171,224,117,73
12,164,216,118,73
2,162,214,119,73
1,156,209,120,73
1,149,205,121,73
2,146,204,122,73
1,143,202,123,73
0,140,198,124,73
0,137,194,125,73
1,133,191,126,73
1,130,187,127,73
0,127,183,128,73
0,124,179,129,73
0,121,174,130,73
2,117,170,131,73
4,116,165,132,73
12,118,165,133,73
35,127,171,134,73
66,142,179,135,73
94,160,190,136,73
119,172,195,137,73
139,180,203,138,73
146,182,206,139,73
145,181,205,140,73
144,180,202,141,73
140,177,198,142,73
137,171,193,143,73
138,172,196,144,73
119,165,193,145,73
113,155,193,146,73
220,234,241,147,73
252,255,255,148,73
254,254,254,149,73
255,255,255,150,73
255,255,255,151,73
255,255,255,152,73
255,255,255,153,73
255,255,255,154,73
255,255,255,155,73
255,255,255,156,73
255,255,255,157,73
255,255,255,158,73
255,255,255,159,73
255,255,255,160,73
255,255,255,161,73
255,255,255,162,73
255,255,255,163,73
255,255,255,164,73
255,255,255,165,73
255,255,255,166,73
255,255,255,167,73
255,255,255,168,73
255,255,255,169,73
255,255,255,170,73
255,255,255,171,73
255,255,255,172,73
255,255,255,173,73
255,255,255,174,73
255,255,255,175,73
255,255,255,176,73
255,255,255,177,73
255,255,255,178,73
255,255,255,179,73
255,255,255,180,73
255,255,255,181,73
255,255,255,182,73
255,255,255,183,73
255,255,255,184,73
255,255,255,185,73
255,255,255,186,73
255,255,255,187,73
255,255,255,188,73
255,255,255,189,73
255,255,255,190,73
255,255,255,191,73
255,255,255,192,73
255,255,255,193,73
255,255,255,194,73
255,255,255,195,73
255,255,255,196,73
255,255,255,197,73
255,255,255,198,73
255,255,255,199,73
255,255,255,0,74
255,255,255,1,74
255,255,255,2,74
255,255,255,3,74
255,255,255,4,74
255,255,255,5,74
255,255,255,6,74
255,255,255,7,74
255,255,255,8,74
255,255,255,9,74
255,255,255,10,74
255,255,255,11,74
255,255,255,12,74
255,255,255,13,74
255,255,255,14,74
255,255,255,15,74
255,255,255,16,74
255,255,255,17,74
255,255,255,18,74
255,255,255,19,74
255,255,255,20,74
255,255,255,21,74
255,255,255,22,74
255,255,255,23,74
255,255,255,24,74
255,255,255,25,74
255,255,255,26,74
255,255,255,27,74
255,255,255,28,74
255,255,255,29,74
255,255,255,30,74
255,255,255,31,74
255,255,255,32,74
255,255,255,33,74
255,255,255,34,74
255,255,255,35,74
255,255,255,36,74
255,255,255,37,74
255,255,255,38,74
255,255,255,39,74
255,255,255,40,74
255,255,255,41,74
255,254,254,42,74
253,254,253,43,74
252,255,253,44,74
254,255,251,45,74
227,241,244,46,74
127,167,194,47,74
122,168,200,48,74
138,173,199,49,74
144,176,200,50,74
144,178,199,51,74
146,181,201,52,74
147,181,205,53,74
141,180,205,54,74
126,172,197,55,74
101,158,189,56,74
67,143,180,57,74
38,128,167,58,74
18,117,162,59,74
6,112,163,60,74
1,114,167,61,74
0,118,171,62,74
1,121,172,63,74
2,124,174,64,74
2,126,181,65,74
2,130,187,66,74
4,129,194,67,74
3,134,194,68,74
1,141,190,69,74
2,142,203,70,74
3,144,201,71,74
3,148,200,72,74
1,151,207,73,74
1,159,204,74,74
5,161,211,75,74
4,165,221,76,74
3,169,223,77,74
20,174,222,78,74
42,176,231,79,74
61,185,233,80,74
79,192,229,81,74
99,198,230,82,74
121,196,230,83,74
132,195,222,84,74
133,195,225,85,74
135,189,224,86,74
137,185,214,87,74
135,178,208,88,74
135,174,206,89,74
134,167,201,90,74
136,156,193,91,74
130,153,187,92,74
124,148,178,93,74
119,142,173,94,74
116,141,172,95,74
114,137,169,96,74
111,135,165,97,74
113,137,166,98,74
116,140,169,99,74
120,144,171,100,74
123,146,176,101,74
127,152,186,102,74
129,160,193,103,74
129,168,198,104,74
132,176,206,105,74
134,181,213,106,74
136,183,217,107,74
130,187,225,108,74
120,192,230,109,74
107,194,233,110,74
94,193,232,111,74
76,189,237,112,74
53,183,230,113,74
32,177,219,114,74
14,171,218,115,74
4,169,221,116,74
3,165,219,117,74
3,158,217,118,74
3,152,213,119,74
2,149,206,120,74
1,146,200,121,74
1,145,199,122,74
1,141,198,123,74
1,139,194,124,74
1,135,191,125,74
2,131,187,126,74
2,127,184,127,74
1,124,181,128,74
1,121,176,129,74
1,118,172,130,74
2,115,168,131,74
5,114,164,132,74
15,118,163,133,74
37,127,170,134,74
68,142,178,135,74
97,161,189,136,74
120,173,194,137,74
139,180,202,138,74
146,182,206,139,74
145,181,205,140,74
144,180,204,141,74
141,177,200,142,74
136,170,194,143,74
141,173,198,144,74
118,164,193,145,74
113,156,194,146,74
221,234,241,147,74
252,255,254,148,74
253,254,254,149,74
255,255,255,150,74
255,255,255,151,74
255,255,255,152,74
255,255,255,153,74
255,255,255,154,74
255,255,255,155,74
255,255,255,156,74
255,255,255,157,74
255,255,255,158,74
255,255,255,159,74
255,255,255,160,74
255,255,255,161,74
255,255,255,162,74
255,255,255,163,74
255,255,255,164,74
255,255,255,165,74
255,255,255,166,74
255,255,255,167,74
255,255,255,168,74
255,255,255,169,74
255,255,255,170,74
255,255,255,171,74
255,255,255,172,74
255,255,255,173,74
255,255,255,174,74
255,255,255,175,74
255,255,255,176,74
255,255,255,177,74
255,255,255,178,74
255,255,255,179,74
255,255,255,180,74
255,255,255,181,74
255,255,255,182,74
255,255,255,183,74
255,255,255,184,74
255,255,255,185,74
255,255,255,186,74
255,255,255,187,74
255,255,255,188,74
255,255,255,189,74
255,255,255,190,74
255,255,255,191,74
255,255,255,192,74
255,255,255,193,74
255,255,255,194,74
255,255,255,195,74
255,255,255,196,74
255,255,255,197,74
255,255,255,198,74
255,255,255,199,74
255,255,255,0,75
255,255,255,1,75
255,255,255,2,75
255,255,255,3,75
255,255,255,4,75
255,255,255,5,75
255,255,255,6,75
255,255,255,7,75
255,255,255,8,75
255,255,255,9,75
255,255,255,10,75
255,255,255,11,75
255,255,255,12,75
255,255,255,13,75
255,255,255,14,75
255,255,255,15,75
255,255,255,16,75
255,255,255,17,75
255,255,255,18,75
255,255,255,19,75
255,255,255,20,75
255,255,255,21,75
255,255,255,22,75
255,255,255,23,75
255,255,255,24,75
255,255,255,25,75
255,255,255,26,75
255,255,255,27,75
255,255,255,28,75
255,255,255,29,75
255,255,255,30,75
255,255,255,31,75
255,255,255,32,75
255,255,255,33,75
255,255,255,34,75
255,255,255,35,75
255,255,255,36,75
255,255,255,37,75
255,255,255,38,75
255,255,255,39,75
255,255,255,40,75
255,255,255,41,75
254,254,255,42,75
251,253,255,43,75
248,254,251,44,75
253,255,251,45,75
228,242,246,46,75
126,169,195,47,75
121,168,201,48,75
136,172,201,49,75
143,176,199,50,75
143,179,197,51,75
147,183,202,52,75
146,181,203,53,75
141,179,203,54,75
127,172,198,55,75
103,159,191,56,75
70,143,181,57,75
41,127,168,58,75
20,116,163,59,75
8,110,162,60,75
1,112,166,61,75
0,115,169,62,75
2,118,170,63,75
3,121,173,64,75
4,122,187,65,75
3,129,177,66,75
5,131,183,67,75
4,132,188,68,75
12,133,197,69,75
5,138,201,70,75
1,143,199,71,75
3,142,204,72,75
2,143,208,73,75
1,145,208,74,75
1,153,214,75,75
0,157,222,76,75
2,159,222,77,75
5,160,215,78,75
4,167,220,79,75
8,169,225,80,75
13,175,226,81,75
25,180,222,82,75
41,181,233,83,75
57,181,228,84,75
88,187,226,85,75
114,199,234,86,75
136,203,231,87,75
141,200,228,88,75
134,194,226,89,75
118,190,226,90,75
115,191,234,91,75
120,193,230,92,75
120,195,221,93,75
128,185,228,94,75
126,186,223,95,75
123,190,223,96,75
123,189,224,97,75
122,189,223,98,75
121,189,223,99,75
121,190,223,100,75
121,191,226,101,75
119,191,230,102,75
116,191,231,103,75
108,192,232,104,75
99,194,232,105,75
94,192,231,106,75
85,190,233,107,75
70,187,235,108,75
53,187,233,109,75
36,181,227,110,75
22,177,225,111,75
13,173,225,112,75
6,169,220,113,75
3,165,216,114,75
0,161,216,115,75
0,160,216,116,75
0,155,213,117,75
1,151,211,118,75
1,148,207,119,75
0,145,202,120,75
0,143,199,121,75
1,141,198,122,75
1,138,196,123,75
0,135,191,124,75
0,132,188,125,75
2,130,185,126,75
2,125,181,127,75
0,122,177,128,75
1,118,172,129,75
1,117,168,130,75
1,113,165,131,75
5,113,161,132,75
16,117,162,133,75
40,128,169,134,75
70,142,178,135,75
99,160,190,136,75
123,172,196,137,75
139,180,202,138,75
146,181,207,139,75
146,181,205,140,75
144,179,204,141,75
141,175,200,142,75
134,169,194,143,75
144,176,201,144,75
119,163,195,145,75
112,159,195,146,75
222,235,242,147,75
254,255,251,148,75
253,254,254,149,75
255,255,255,150,75
255,255,255,151,75
255,255,255,152,75
255,255,255,153,75
255,255,255,154,75
255,255,255,155,75
255,255,255,156,75
255,255,255,157,75
255,255,255,158,75
255,255,255,159,75
255,255,255,160,75
255,255,255,161,75
255,255,255,162,75
255,255,255,163,75
255,255,255,164,75
255,255,255,165,75
255,255,255,166,75
255,255,255,167,75
255,255,255,168,75
255,255,255,169,75
255,255,255,170,75
255,255,255,171,75
255,255,255,172,75
255,255,255,173,75
255,255,255,174,75
255,255,255,175,75
255,255,255,176,75
255,255,255,177,75
255,255,255,178,75
255,255,255,179,75
255,255,255,180,75
255,255,255,181,75
255,255,255,182,75
255,255,255,183,75
255,255,255,184,75
255,255,255,185,75
255,255,255,186,75
255,255,255,187,75
255,255,255,188,75
255,255,255,189,75
255,255,255,190,75
255,255,255,191,75
255,255,255,192,75
255,255,255,193,75
255,255,255,194,75
255,255,255,195,75
255,255,255,196,75
255,255,255,197,75
255,255,255,198,75
255,255,255,199,75
255,255,255,0,76
255,255,255,1,76
255,255,255,2,76
255,255,255,3,76
255,255,255,4,76
255,255,255,5,76
255,255,255,6,76
255,255,255,7,76
255,255,255,8,76
255,255,255,9,76
255,255,255,10,76
255,255,255,11,76
255,255,255,12,76
255,255,255,13,76
255,255,255,14,76
255,255,255,15,76
255,255,255,16,76
255,255,255,17,76
255,255,255,18,76
255,255,255,19,76
255,255,255,20,76
255,255,255,21,76
255,255,255,22,76
255,255,255,23,76
255,255,255,24,76
255,255,255,25,76
255,255,255,26,76
255,255,255,27,76
255,255,255,28,76
255,255,255,29,76
255,255,255,30,76
255,255,255,31,76
255,255,255,32,76
255,255,255,33,76
255,255,255,34,76
255,255,255,35,76
255,255,255,36,76
255,255,255,37,76
255,255,255,38,76
255,255,255,39,76
255,255,255,40,76
255,255,255,41,76
254,254,254,42,76
251,253,254,43,76
248,254,251,44,76
252,255,249,45,76
227,243,245,46,76
127,170,197,47,76
121,167,201,48,76
136,172,201,49,76
144,176,198,50,76
144,178,197,51,76
148,182,202,52,76
147,180,202,53,76
141,177,203,54,76
129,172,198,55,76
105,159,191,56,76
74,143,179,57,76
43,127,165,58,76
22,115,159,59,76
9,108,160,60,76
2,109,163,61,76
1,111,166,62,76
1,116,164,63,76
3,118,172,64,76
6,117,181,65,76
4,123,173,66,76
1,129,181,67,76
1,135,188,68,76
1,133,184,69,76
26,139,164,70,76
73,154,146,71,76
107,167,123,72,76
128,175,105,73,76
131,175,104,74,76
107,166,128,75,76
68,160,154,76,76
21,154,196,77,76
7,150,221,78,76
4,158,214,79,76
3,165,215,80,76
3,164,220,81,76
1,162,223,82,76
30,174,223,83,76
112,202,227,84,76
175,220,234,85,76
198,234,241,86,76
213,235,244,87,76
217,239,248,88,76
211,240,246,89,76
180,225,232,90,76
108,198,224,91,76
56,182,226,92,76
52,189,234,93,76
62,186,238,94,76
66,186,236,95,76
61,188,236,96,76
61,187,235,97,76
60,186,234,98,76
59,186,234,99,76
56,186,234,100,76
52,187,234,101,76
47,188,235,102,76
41,185,233,103,76
34,183,231,104,76
28,181,229,105,76
22,178,228,106,76
12,176,228,107,76
7,172,226,108,76
3,170,223,109,76
2,170,222,110,76
3,169,222,111,76
1,163,219,112,76
1,160,216,113,76
1,157,215,114,76
0,156,214,115,76
0,153,211,116,76
0,149,209,117,76
1,147,206,118,76
0,145,202,119,76
0,143,200,120,76
0,140,198,121,76
0,138,195,122,76
0,135,192,123,76
0,132,189,124,76
1,129,185,125,76
0,126,181,126,76
1,123,178,127,76
0,120,175,128,76
1,116,170,129,76
1,114,167,130,76
2,111,163,131,76
7,111,160,132,76
19,115,161,133,76
43,127,170,134,76
73,142,179,135,76
101,160,190,136,76
125,171,196,137,76
140,180,201,138,76
146,180,205,139,76
145,180,203,140,76
144,178,201,141,76
141,174,197,142,76
135,168,191,143,76
150,176,201,144,76
122,162,193,145,76
110,159,191,146,76
225,235,242,147,76
255,255,251,148,76
252,254,254,149,76
255,255,255,150,76
255,255,255,151,76
255,255,255,152,76
255,255,255,153,76
255,255,255,154,76
255,255,255,155,76
255,255,255,156,76
255,255,255,157,76
255,255,255,158,76
255,255,255,159,76
255,255,255,160,76
255,255,255,161,76
255,255,255,162,76
255,255,255,163,76
255,255,255,164,76
255,255,255,165,76
255,255,255,166,76
255,255,255,167,76
255,255,255,168,76
255,255,255,169,76
255,255,255,170,76
255,255,255,171,76
255,255,255,172,76
255,255,255,173,76
255,255,255,174,76
255,255,255,175,76
255,255,255,176,76
255,255,255,177,76
255,255,255,178,76
255,255,255,179,76
255,255,255,180,76
255,255,255,181,76
255,255,255,182,76
255,255,255,183,76
255,255,255,184,76
255,255,255,185,76
255,255,255,186,76
255,255,255,187,76
255,255,255,188,76
255,255,255,189,76
255,255,255,190,76
255,255,255,191,76
255,255,255,192,76
255,255,255,193,76
255,255,255,194,76
255,255,255,195,76
255,255,255,196,76
255,255,255,197,76
255,255,255,198,76
255,255,255,199,76
255,255,255,0,77
255,255,255,1,77
255,255,255,2,77
255,255,255,3,77
255,255,255,4,77
255,255,255,5,77
255,255,255,6,77
255,255,255,7,77
255,255,255,8,77
255,255,255,9,77
255,255,255,10,77
255,255,255,11,77
255,255,255,12,77
255,255,255,13,77
255,255,255,14,77
255,255,255,15,77
255,255,255,16,77
255,255,255,17,77
255,255,255,18,77
255,255,255,19,77
255,255,255,20,77
255,255,255,21,77
255,255,255,22,77
255,255,255,23,77
255,255,255,24,77
255,255,255,25,77
255,255,255,26,77
255,255,255,27,77
255,255,255,28,77
255,255,255,29,77
255,255,255,30,77
255,255,255,31,77
255,255,255,32,77
255,255,255,33,77
255,255,255,34,77
255,255,255,35,77
255,255,255,36,77
255,255,255,37,77
255,255,255,38,77
255,255,255,39,77
255,255,255,40,77
255,255,255,41,77
254,254,253,42,77
251,253,252,43,77
248,253,251,44,77
253,255,249,45,77
227,243,244,46,77
128,173,199,47,77
122,169,202,48,77
136,172,200,49,77
143,175,198,50,77
144,178,197,51,77
147,181,201,52,77
147,179,203,53,77
142,176,203,54,77
130,171,197,55,77
107,160,190,56,77
78,143,178,57,77
45,127,165,58,77
22,114,157,59,77
10,106,157,60,77
2,107,160,61,77
0,111,160,62,77
1,113,166,63,77
1,116,169,64,77
3,120,161,65,77
4,120,174,66,77
0,126,185,67,77
17,124,173,68,77
102,158,111,69,77
192,194,61,70,77
235,202,39,71,77
242,207,41,72,77
232,213,52,73,77
234,210,65,74,77
240,207,60,75,77
232,205,63,76,77
184,194,71,77,77
96,171,134,78,77
19,148,204,79,77
4,150,213,80,77
3,150,214,81,77
69,170,219,82,77
187,231,236,83,77
203,232,236,84,77
196,222,243,85,77
192,220,245,86,77
187,221,245,87,77
186,222,242,88,77
197,226,241,89,77
224,242,248,90,77
228,247,247,91,77
118,207,227,92,77
12,168,225,93,77
6,173,224,94,77
10,176,229,95,77
6,175,232,96,77
4,175,230,97,77
3,175,230,98,77
4,175,230,99,77
4,174,230,100,77
2,174,230,101,77
2,172,230,102,77
1,172,230,103,77
0,171,230,104,77
0,171,229,105,77
0,169,229,106,77
0,167,229,107,77
0,163,226,108,77
1,163,223,109,77
1,161,221,110,77
2,159,218,111,77
2,158,217,112,77
1,156,214,113,77
1,154,214,114,77
1,152,212,115,77
1,149,209,116,77
1,146,206,117,77
1,144,204,118,77
1,143,201,119,77
1,141,196,120,77
0,138,194,121,77
0,135,192,122,77
1,133,189,123,77
1,130,187,124,77
0,127,181,125,77
0,124,177,126,77
1,121,175,127,77
0,118,171,128,77
1,114,168,129,77
1,112,164,130,77
2,110,159,131,77
9,110,157,132,77
21,114,159,133,77
45,127,170,134,77
75,141,179,135,77
103,159,191,136,77
128,171,197,137,77
142,179,199,138,77
145,180,202,139,77
145,180,202,140,77
144,177,198,141,77
143,175,196,142,77
136,168,189,143,77
154,178,201,144,77
129,163,193,145,77
113,158,189,146,77
223,235,241,147,77
254,255,248,148,77
253,254,254,149,77
255,255,255,150,77
255,255,255,151,77
255,255,255,152,77
255,255,255,153,77
255,255,255,154,77
255,255,255,155,77
255,255,255,156,77
255,255,255,157,77
255,255,255,158,77
255,255,255,159,77
255,255,255,160,77
255,255,255,161,77
255,255,255,162,77
255,255,255,163,77
255,255,255,164,77
255,255,255,165,77
255,255,255,166,77
255,255,255,167,77
255,255,255,168,77
255,255,255,169,77
255,255,255,170,77
255,255,255,171,77
255,255,255,172,77
255,255,255,173,77
255,255,255,174,77
255,255,255,175,77
255,255,255,176,77
255,255,255,177,77
255,255,255,178,77
255,255,255,179,77
255,255,255,180,77
255,255,255,181,77
255,255,255,182,77
255,255,255,183,77
255,255,255,184,77
255,255,255,185,77
255,255,255,186,77
255,255,255,187,77
255,255,255,188,77
255,255,255,189,77
255,255,255,190,77
255,255,255,191,77
255,255,255,192,77
255,255,255,193,77
255,255,255,194,77
255,255,255,195,77
255,255,255,196,77
255,255,255,197,77
255,255,255,198,77
255,255,255,199,77
255,255,255,0,78
255,255,255,1,78
255,255,255,2,78
255,255,255,3,78
255,255,255,4,78
255,255,255,5,78
255,255,255,6,78
255,255,255,7,78
255,255,255,8,78
255,255,255,9,78
255,255,255,10,78
255,255,255,11,78
255,255,255,12,78
255,255,255,13,78
255,255,255,14,78
255,255,255,15,78
255,255,255,16,78
255,255,255,17,78
255,255,255,18,78
255,255,255,19,78
255,255,255,20,78
255,255,255,21,78
255,255,255,22,78
255,255,255,23,78
255,255,255,24,78
255,255,255,25,78
255,255,255,26,78
255,255,255,27,78
255,255,255,28,78
255,255,255,29,78
255,255,255,30,78
255,255,255,31,78
255,255,255,32,78
255,255,255,33,78
255,255,255,34,78
255,255,255,35,78
255,255,255,36,78
255,255,255,37,78
255,255,255,38,78
255,255,255,39,78
255,255,255,40,78
255,255,255,41,78
254,254,254,42,78
251,253,253,43,78
248,253,250,44,78
253,255,250,45,78
229,242,247,46,78
129,173,199,47,78
124,170,203,48,78
136,173,200,49,78
142,174,197,50,78
142,178,197,51,78
145,180,201,52,78
147,179,202,53,78
142,176,201,54,78
130,171,196,55,78
108,160,187,56,78
78,144,176,57,78
47,126,165,58,78
23,112,155,59,78
10,104,153,60,78
1,105,155,61,78
0,108,156,62,78
2,109,163,63,78
4,112,168,64,78
2,120,164,65,78
0,118,178,66,78
18,122,162,67,78
141,172,93,68,78
247,210,32,69,78
243,210,65,70,78
214,207,134,71,78
206,212,179,72,78
201,221,214,73,78
193,222,231,74,78
192,228,222,75,78
181,184,166,76,78
228,188,100,77,78
235,205,58,78,78
162,189,102,79,78
29,152,184,80,78
46,163,209,81,78
209,236,243,82,78
208,231,243,83,78
191,220,244,84,78
186,226,247,85,78
188,224,248,86,78
192,222,247,87,78
192,222,247,88,78
187,222,241,89,78
186,223,240,90,78
219,235,234,91,78
241,253,239,92,78
117,200,226,93,78
9,161,216,94,78
2,170,226,95,78
2,168,228,96,78
1,168,226,97,78
0,169,226,98,78
1,169,226,99,78
1,168,227,100,78
1,166,227,101,78
2,164,227,102,78
2,163,226,103,78
1,163,225,104,78
2,162,225,105,78
1,162,223,106,78
0,161,223,107,78
1,159,221,108,78
1,158,218,109,78
1,156,216,110,78
1,154,214,111,78
2,154,213,112,78
0,152,212,113,78
1,150,212,114,78
1,149,211,115,78
1,147,207,116,78
0,144,204,117,78
0,142,202,118,78
1,140,198,119,78
1,137,193,120,78
0,135,191,121,78
0,134,189,122,78
1,131,187,123,78
1,128,183,124,78
0,125,178,125,78
0,122,174,126,78
1,119,172,127,78
0,116,168,128,78
0,113,163,129,78
1,110,159,130,78
2,107,155,131,78
8,108,153,132,78
22,112,157,133,78
47,126,169,134,78
76,141,179,135,78
106,159,191,136,78
130,171,197,137,78
142,179,199,138,78
145,182,202,139,78
145,182,202,140,78
144,177,198,141,78
143,174,196,142,78
136,167,188,143,78
151,174,195,144,78
137,165,192,145,78
116,158,187,146,78
221,237,242,147,78
252,255,250,148,78
254,253,254,149,78
255,255,255,150,78
255,255,255,151,78
255,255,255,152,78
255,255,255,153,78
255,255,255,154,78
255,255,255,155,78
255,255,255,156,78
255,255,255,157,78
255,255,255,158,78
255,255,255,159,78
255,255,255,160,78
255,255,255,161,78
255,255,255,162,78
255,255,255,163,78
255,255,255,164,78
255,255,255,165,78
255,255,255,166,78
255,255,255,167,78
255,255,255,168,78
255,255,255,169,78
255,255,255,170,78
255,255,255,171,78
255,255,255,172,78
255,255,255,173,78
255,255,255,174,78
255,255,255,175,78
255,255,255,176,78
255,255,255,177,78
255,255,255,178,78
255,255,255,179,78
255,255,255,180,78
255,255,255,181,78
255,255,255,182,78
255,255,255,183,78
255,255,255,184,78
255,255,255,185,78
255,255,255,186,78
255,255,255,187,78
255,255,255,188,78
255,255,255,189,78
255,255,255,190,78
255,255,255,191,78
255,255,255,192,78
255,255,255,193,78
255,255,255,194,78
255,255,255,195,78
255,255,255,196,78
255,255,255,197,78
255,255,255,198,78
255,255,255,199,78
255,255,255,0,79
255,255,255,1,79
255,255,255,2,79
255,255,255,3,79
255,255,255,4,79
255,255,255,5,79
255,255,255,6,79
255,255,255,7,79
255,255,255,8,79
255,255,255,9,79
255,255,255,10,79
255,255,255,11,79
255,255,255,12,79
255,255,255,13,79
255,255,255,14,79
255,255,255,15,79
255,255,255,16,79
255,255,255,17,79
255,255,255,18,79
255,255,255,19,79
255,255,255,20,79
255,255,255,21,79
255,255,255,22,79
255,255,255,23,79
255,255,255,24,79
255,255,255,25,79
255,255,255,26,79
255,255,255,27,79
255,255,255,28,79
255,255,255,29,79
255,255,255,30,79
255,255,255,31,79
255,255,255,32,79
255,255,255,33,79
255,255,255,34,79
255,255,255,35,79
255,255,255,36,79
255,255,255,37,79
255,255,255,38,79
255,255,255,39,79
255,255,255,40,79
255,255,255,41,79
254,254,254,42,79
251,253,253,43,79
249,253,250,44,79
253,255,251,45,79
228,243,246,46,79
129,173,198,47,79
125,171,203,48,79
137,172,199,49,79
143,173,196,50,79
143,177,195,51,79
146,179,199,52,79
147,179,202,53,79
142,177,201,54,79
131,171,197,55,79
109,160,187,56,79
78,144,175,57,79
48,126,163,58,79
25,111,153,59,79
10,104,151,60,79
1,103,152,61,79
0,105,154,62,79
1,108,154,63,79
5,112,159,64,79
1,118,163,65,79
13,112,159,66,79
143,161,86,67,79
248,212,29,68,79
190,167,60,69,79
129,118,100,70,79
90,92,105,71,79
88,94,110,72,79
138,150,174,73,79
201,219,234,74,79
198,194,205,75,79
177,160,152,76,79
191,160,150,77,79
214,176,133,78,79
220,180,56,79,79
181,188,88,80,79
183,216,215,81,79
227,240,241,82,79
188,221,238,83,79
195,219,229,84,79
191,225,243,85,79
191,226,248,86,79
185,226,246,87,79
188,226,249,88,79
193,224,243,89,79
204,222,238,90,79
201,223,238,91,79
226,243,243,92,79
225,246,244,93,79
55,171,211,94,79
1,161,222,95,79
2,161,223,96,79
1,160,224,97,79
1,160,225,98,79
1,160,224,99,79
1,160,225,100,79
1,160,223,101,79
1,160,222,102,79
0,160,221,103,79
1,159,220,104,79
2,159,220,105,79
2,157,219,106,79
1,155,217,107,79
1,154,216,108,79
3,153,216,109,79
2,152,215,110,79
1,151,212,111,79
1,150,210,112,79
0,148,207,113,79
1,147,206,114,79
1,146,205,115,79
0,144,204,116,79
1,142,201,117,79
1,140,199,118,79
1,138,194,119,79
0,135,190,120,79
0,132,188,121,79
0,131,187,122,79
1,129,184,123,79
1,125,180,124,79
0,122,175,125,79
0,120,171,126,79
1,116,168,127,79
0,113,164,128,79
0,109,159,129,79
0,106,155,130,79
2,105,153,131,79
6,105,151,132,79
20,112,156,133,79
47,126,166,134,79
77,141,176,135,79
108,159,189,136,79
131,171,195,137,79
141,179,198,138,79
144,181,200,139,79
145,179,199,140,79
145,177,198,141,79
143,174,195,142,79
136,168,188,143,79
145,169,188,144,79
153,175,194,145,79
115,156,181,146,79
219,239,243,147,79
253,255,251,148,79
255,253,253,149,79
255,255,255,150,79
255,255,255,151,79
255,255,255,152,79
255,255,255,153,79
255,255,255,154,79
255,255,255,155,79
255,255,255,156,79
255,255,255,157,79
255,255,255,158,79
255,255,255,159,79
255,255,255,160,79
255,255,255,161,79
255,255,255,162,79
255,255,255,163,79
255,255,255,164,79
255,255,255,165,79
255,255,255,166,79
255,255,255,167,79
255,255,255,168,79
255,255,255,169,79
255,255,255,170,79
255,255,255,171,79
255,255,255,172,79
255,255,255,173,79
255,255,255,174,79
255,255,255,175,79
255,255,255,176,79
255,255,255,177,79
255,255,255,178,79
255,255,255,179,79
255,255,255,180,79
255,255,255,181,79
255,255,255,182,79
255,255,255,183,79
255,255,255,184,79
255,255,255,185,79
255,255,255,186,79
255,255,255,187,79
255,255,255,188,79
255,255,255,189,79
255,255,255,190,79
255,255,255,191,79
255,255,255,192,79
255,255,255,193,79
255,255,255,194,79
255,255,255,195,79
255,255,255,196,79
255,255,255,197,79
255,255,255,198,79
255,255,255,199,79
255,255,255,0,80
255,255,255,1,80
255,255,255,2,80
255,255,255,3,80
255,255,255,4,80
255,255,255,5,80
255,255,255,6,80
255,255,255,7,80
255,255,255,8,80
255,255,255,9,80
255,255,255,10,80
255,255,255,11,80
255,255,255,12,80
255,255,255,13,80
255,255,255,14,80
255,255,255,15,80
255,255,255,16,80
255,255,255,17,80
255,255,255,18,80
255,255,255,19,80
255,255,255,20,80
255,255,255,21,80
255,255,255,22,80
255,255,255,23,80
255,255,255,24,80
255,255,255,25,80
255,255,255,26,80
255,255,255,27,80
255,255,255,28,80
255,255,255,29,80
255,255,255,30,80
255,255,255,31,80
255,255,255,32,80
255,255,255,33,80
255,255,255,34,80
255,255,255,35,80
255,255,255,36,80
255,255,255,37,80
255,255,255,38,80
255,255,255,39,80
255,255,255,40,80
255,255,255,41,80
255,255,255,42,80
252,253,253,43,80
250,253,249,44,80
251,255,251,45,80
228,243,246,46,80
129,173,197,47,80
124,171,202,48,80
137,170,196,49,80
143,171,193,50,80
145,175,194,51,80
146,178,198,52,80
147,178,200,53,80
144,177,203,54,80
133,171,199,55,80
111,159,187,56,80
81,144,176,57,80
51,125,161,58,80
28,110,151,59,80
11,102,148,60,80
2,101,150,61,80
1,103,150,62,80
0,105,153,63,80
6,105,160,64,80
3,108,159,65,80
76,138,120,66,80
240,209,40,67,80
183,148,48,68,80
74,65,65,69,80
57,48,58,70,80
53,40,44,71,80
90,70,79,72,80
101,86,96,73,80
99,90,95,74,80
105,79,75,75,80
122,89,71,76,80
163,118,99,77,80
217,160,145,78,80
198,153,110,79,80
243,210,112,80,80
242,255,229,81,80
190,194,209,82,80
138,134,153,83,80
180,173,181,84,80
202,197,200,85,80
200,211,223,86,80
191,229,245,87,80
195,232,247,88,80
199,210,226,89,80
189,177,183,90,80
202,204,215,91,80
205,230,237,92,80
251,252,244,93,80
128,201,224,94,80
0,155,212,95,80
2,157,217,96,80
2,157,222,97,80
2,157,222,98,80
2,157,222,99,80
2,157,221,100,80
1,157,220,101,80
1,157,218,102,80
1,156,217,103,80
1,156,216,104,80
2,156,214,105,80
1,154,213,106,80
1,153,214,107,80
1,152,213,108,80
2,150,213,109,80
2,149,213,110,80
1,149,210,111,80
2,147,207,112,80
2,146,204,113,80
1,144,202,114,80
0,143,200,115,80
1,142,197,116,80
1,139,196,117,80
1,137,195,118,80
0,135,192,119,80
1,132,188,120,80
1,129,186,121,80
1,127,183,122,80
1,125,180,123,80
1,122,177,124,80
1,119,173,125,80
1,116,168,126,80
1,113,164,127,80
1,110,160,128,80
0,107,156,129,80
1,105,153,130,80
3,103,150,131,80
7,103,149,132,80
22,110,154,133,80
50,126,163,134,80
79,141,174,135,80
110,160,187,136,80
132,172,195,137,80
143,179,199,138,80
147,179,201,139,80
146,177,198,140,80
144,175,196,141,80
141,173,194,142,80
136,167,189,143,80
139,163,182,144,80
175,189,202,145,80
122,153,178,146,80
220,240,244,147,80
253,255,250,148,80
255,255,253,149,80
255,255,255,150,80
255,255,255,151,80
255,255,255,152,80
255,255,255,153,80
255,255,255,154,80
255,255,255,155,80
255,255,255,156,80
255,255,255,157,80
255,255,255,158,80
255,255,255,159,80
255,255,255,160,80
255,255,255,161,80
255,255,255,162,80
255,255,255,163,80
255,255,255,164,80
255,255,255,165,80
255,255,255,166,80
255,255,255,167,80
255,255,255,168,80
255,255,255,169,80
255,255,255,170,80
255,255,255,171,80
255,255,255,172,80
255,255,255,173,80
255,255,255,174,80
255,255,255,175,80
255,255,255,176,80
255,255,255,177,80
255,255,255,178,80
255,255,255,179,80
255,255,255,180,80
255,255,255,181,80
255,255,255,182,80
255,255,255,183,80
255,255,255,184,80
255,255,255,185,80
255,255,255,186,80
255,255,255,187,80
255,255,255,188,80
255,255,255,189,80
255,255,255,190,80
255,255,255,191,80
255,255,255,192,80
255,255,255,193,80
255,255,255,194,80
255,255,255,195,80
255,255,255,196,80
255,255,255,197,80
255,255,255,198,80
255,255,255,199,80
255,255,255,0,81
255,255,255,1,81
255,255,255,2,81
255,255,255,3,81
255,255,255,4,81
255,255,255,5,81
255,255,255,6,81
255,255,255,7,81
255,255,255,8,81
255,255,255,9,81
255,255,255,10,81
255,255,255,11,81
255,255,255,12,81
255,255,255,13,81
255,255,255,14,81
255,255,255,15,81
255,255,255,16,81
255,255,255,17,81
255,255,255,18,81
255,255,255,19,81
255,255,255,20,81
255,255,255,21,81
255,255,255,22,81
255,255,255,23,81
255,255,255,24,81
255,255,255,25,81
255,255,255,26,81
255,255,255,27,81
255,255,255,28,81
255,255,255,29,81
255,255,255,30,81
255,255,255,31,81
255,255,255,32,81
255,255,255,33,81
255,255,255,34,81
255,255,255,35,81
255,255,255,36,81
255,255,255,37,81
255,255,255,38,81
255,255,255,39,81
255,255,255,40,81
255,255,255,41,81
255,255,255,42,81
252,253,253,43,81
249,253,247,44,81
252,255,251,45,81
229,243,246,46,81
129,173,196,47,81
126,170,197,48,81
138,168,194,49,81
143,169,192,50,81
145,172,193,51,81
146,176,197,52,81
147,178,199,53,81
144,178,201,54,81
135,171,197,55,81
113,159,187,56,81
83,145,175,57,81
53,125,160,58,81
30,109,149,59,81
12,99,146,60,81
2,98,145,61,81
0,100,149,62,81
0,102,151,63,81
2,105,156,64,81
15,105,150,65,81
172,182,69,66,81
211,180,46,67,81
53,43,36,68,81
48,30,37,69,81
86,56,60,70,81
175,144,148,71,81
237,224,225,72,81
236,231,234,73,81
122,107,115,74,81
59,33,33,75,81
140,95,87,76,81
146,100,83,77,81
183,125,114,78,81
170,129,109,79,81
230,208,174,80,81
178,177,175,81,81
84,65,69,82,81
120,85,81,83,81
201,171,165,84,81
217,196,192,85,81
193,184,184,86,81
210,215,219,87,81
213,216,223,88,81
208,199,204,89,81
231,215,214,90,81
222,219,224,91,81
215,225,222,92,81
250,251,246,93,81
178,230,243,94,81
9,155,210,95,81
0,155,214,96,81
1,156,216,97,81
1,156,215,98,81
0,156,214,99,81
1,156,214,100,81
0,155,214,101,81
0,154,214,102,81
0,154,213,103,81
0,153,211,104,81
1,152,210,105,81
1,151,210,106,81
0,150,210,107,81
0,149,208,108,81
2,148,206,109,81
2,146,206,110,81
2,146,205,111,81
3,145,205,112,81
2,143,203,113,81
1,142,202,114,81
0,141,198,115,81
0,139,194,116,81
0,137,192,117,81
0,133,190,118,81
0,132,189,119,81
1,129,185,120,81
1,126,181,121,81
2,124,179,122,81
2,121,176,123,81
1,118,173,124,81
0,116,168,125,81
0,113,164,126,81
1,110,162,127,81
1,107,158,128,81
0,104,153,129,81
1,103,150,130,81
2,101,146,131,81
8,101,148,132,81
25,109,154,133,81
51,125,161,134,81
80,142,173,135,81
111,160,187,136,81
132,171,195,137,81
144,177,201,138,81
148,179,201,139,81
146,177,198,140,81
144,175,196,141,81
143,172,194,142,81
136,165,189,143,81
132,156,181,144,81
175,188,201,145,81
140,157,173,146,81
226,236,242,147,81
254,255,252,148,81
254,255,252,149,81
255,255,255,150,81
255,255,255,151,81
255,255,255,152,81
255,255,255,153,81
255,255,255,154,81
255,255,255,155,81
255,255,255,156,81
255,255,255,157,81
255,255,255,158,81
255,255,255,159,81
255,255,255,160,81
255,255,255,161,81
255,255,255,162,81
255,255,255,163,81
255,255,255,164,81
255,255,255,165,81
255,255,255,166,81
255,255,255,167,81
255,255,255,168,81
255,255,255,169,81
255,255,255,170,81
255,255,255,171,81
255,255,255,172,81
255,255,255,173,81
255,255,255,174,81
255,255,255,175,81
255,255,255,176,81
255,255,255,177,81
255,255,255,178,81
255,255,255,179,81
255,255,255,180,81
255,255,255,181,81
255,255,255,182,81
255,255,255,183,81
255,255,255,184,81
255,255,255,185,81
255,255,255,186,81
255,255,255,187,81
255,255,255,188,81
255,255,255,189,81
255,255,255,190,81
255,255,255,191,81
255,255,255,192,81
255,255,255,193,81
255,255,255,194,81
255,255,255,195,81
255,255,255,196,81
255,255,255,197,81
255,255,255,198,81
255,255,255,199,81
255,255,255,0,82
255,255,255,1,82
255,255,255,2,82
255,255,255,3,82
255,255,255,4,82
255,255,255,5,82
255,255,255,6,82
255,255,255,7,82
255,255,255,8,82
255,255,255,9,82
255,255,255,10,82
255,255,255,11,82
255,255,255,12,82
255,255,255,13,82
255,255,255,14,82
255,255,255,15,82
255,255,255,16,82
255,255,255,17,82
255,255,255,18,82
255,255,255,19,82
255,255,255,20,82
255,255,255,21,82
255,255,255,22,82
255,255,255,23,82
255,255,255,24,82
255,255,255,25,82
255,255,255,26,82
255,255,255,27,82
255,255,255,28,82
255,255,255,29,82
255,255,255,30,82
255,255,255,31,82
255,255,255,32,82
255,255,255,33,82
255,255,255,34,82
255,255,255,35,82
255,255,255,36,82
255,255,255,37,82
255,255,255,38,82
255,255,255,39,82
255,255,255,40,82
255,255,255,41,82
255,255,255,42,82
252,253,253,43,82
249,254,247,44,82
252,255,250,45,82
229,243,245,46,82
128,171,194,47,82
130,168,195,48,82
139,166,192,49,82
143,168,192,50,82
145,172,194,51,82
147,175,196,52,82
147,177,198,53,82
145,177,199,54,82
137,171,197,55,82
115,160,186,56,82
85,144,173,57,82
54,124,159,58,82
30,108,148,59,82
13,98,145,60,82
2,96,143,61,82
0,98,146,62,82
2,99,147,63,82
1,101,152,64,82
49,122,123,65,82
232,205,47,66,82
134,123,65,67,82
28,25,38,68,82
121,91,96,69,82
196,142,148,70,82
243,194,197,71,82
248,236,232,72,82
255,255,253,73,82
170,156,158,74,82
80,42,41,75,82
207,149,141,76,82
182,133,118,77,82
139,88,76,78,82
111,72,55,79,82
133,97,79,80,82
92,59,61,81,82
154,112,115,82,82
208,160,156,83,82
236,201,197,84,82
253,234,230,85,82
240,220,212,86,82
203,180,175,87,82
166,143,141,88,82
172,151,148,89,82
163,144,138,90,82
200,189,185,91,82
206,194,189,92,82
239,237,235,93,82
204,239,242,94,82
20,153,206,95,82
0,152,212,96,82
0,152,212,97,82
0,153,211,98,82
0,154,211,99,82
0,154,211,100,82
0,153,211,101,82
0,152,211,102,82
0,152,210,103,82
0,151,209,104,82
1,150,208,105,82
2,149,208,106,82
0,147,206,107,82
0,147,204,108,82
1,146,202,109,82
1,145,203,110,82
2,143,202,111,82
2,143,201,112,82
1,141,198,113,82
0,139,196,114,82
0,138,193,115,82
0,136,191,116,82
0,133,190,117,82
0,130,186,118,82
1,128,183,119,82
1,125,179,120,82
1,123,175,121,82
1,121,174,122,82
1,118,172,123,82
1,115,169,124,82
0,113,164,125,82
0,110,160,126,82
0,107,157,127,82
0,105,155,128,82
1,101,151,129,82
1,98,146,130,82
1,97,143,131,82
9,98,146,132,82
27,107,154,133,82
52,122,160,134,82
83,141,173,135,82
113,159,187,136,82
133,170,195,137,82
143,177,200,138,82
147,178,200,139,82
146,177,198,140,82
146,174,196,141,82
144,170,193,142,82
139,165,189,143,82
131,156,184,144,82
156,171,187,145,82
182,189,193,146,82
227,228,230,147,82
254,255,252,148,82
253,255,253,149,82
255,255,255,150,82
255,255,255,151,82
255,255,255,152,82
255,255,255,153,82
255,255,255,154,82
255,255,255,155,82
255,255,255,156,82
255,255,255,157,82
255,255,255,158,82
255,255,255,159,82
255,255,255,160,82
255,255,255,161,82
255,255,255,162,82
255,255,255,163,82
255,255,255,164,82
255,255,255,165,82
255,255,255,166,82
255,255,255,167,82
255,255,255,168,82
255,255,255,169,82
255,255,255,170,82
255,255,255,171,82
255,255,255,172,82
255,255,255,173,82
255,255,255,174,82
255,255,255,175,82
255,255,255,176,82
255,255,255,177,82
255,255,255,178,82
255,255,255,179,82
255,255,255,180,82
255,255,255,181,82
255,255,255,182,82
255,255,255,183,82
255,255,255,184,82
255,255,255,185,82
255,255,255,186,82
255,255,255,187,82
255,255,255,188,82
255,255,255,189,82
255,255,255,190,82
255,255,255,191,82
255,255,255,192,82
255,255,255,193,82
255,255,255,194,82
255,255,255,195,82
255,255,255,196,82
255,255,255,197,82
255,255,255,198,82
255,255,255,199,82
255,255,255,0,83
255,255,255,1,83
255,255,255,2,83
255,255,255,3,83
255,255,255,4,83
255,255,255,5,83
255,255,255,6,83
255,255,255,7,83
255,255,255,8,83
255,255,255,9,83
255,255,255,10,83
255,255,255,11,83
255,255,255,12,83
255,255,255,13,83
255,255,255,14,83
255,255,255,15,83
255,255,255,16,83
255,255,255,17,83
255,255,255,18,83
255,255,255,19,83
255,255,255,20,83
255,255,255,21,83
255,255,255,22,83
255,255,255,23,83
255,255,255,24,83
255,255,255,25,83
255,255,255,26,83
255,255,255,27,83
255,255,255,28,83
255,255,255,29,83
255,255,255,30,83
255,255,255,31,83
255,255,255,32,83
255,255,255,33,83
255,255,255,34,83
255,255,255,35,83
255,255,255,36,83
255,255,255,37,83
255,255,255,38,83
255,255,255,39,83
255,255,255,40,83
255,255,255,41,83
255,255,253,42,83
252,254,252,43,83
249,254,248,44,83
253,254,250,45,83
228,242,245,46,83
126,168,190,47,83
132,164,192,48,83
142,165,191,49,83
146,169,193,50,83
146,173,195,51,83
147,175,196,52,83
148,176,197,53,83
145,176,198,54,83
140,171,197,55,83
118,160,188,56,83
89,142,174,57,83
56,123,160,58,83
31,107,148,59,83
14,96,144,60,83
3,94,141,61,83
0,95,143,62,83
4,97,148,63,83
4,95,154,64,83
101,142,97,65,83
237,215,67,66,83
174,189,175,67,83
66,62,79,68,83
149,122,117,69,83
207,159,160,70,83
239,191,192,71,83
238,217,211,72,83
242,235,229,73,83
206,193,188,74,83
132,80,77,75,83
174,101,94,76,83
198,144,132,77,83
162,120,108,78,83
75,39,24,79,83
69,32,19,80,83
113,73,71,81,83
188,145,157,82,83
207,152,154,83,83
224,171,156,84,83
247,217,205,85,83
243,217,209,86,83
114,82,75,87,83
119,87,79,88,83
180,150,140,89,83
129,103,92,90,83
131,100,92,91,83
186,159,154,92,83
236,229,228,93,83
205,239,242,94,83
22,151,207,95,83
0,149,210,96,83
1,151,209,97,83
1,151,209,98,83
0,151,208,99,83
0,151,208,100,83
0,150,208,101,83
1,148,207,102,83
1,148,206,103,83
1,147,204,104,83
1,147,204,105,83
1,146,202,106,83
0,145,201,107,83
0,144,200,108,83
0,144,199,109,83
1,143,198,110,83
2,141,196,111,83
1,139,194,112,83
1,138,193,113,83
1,135,191,114,83
0,134,190,115,83
0,133,189,116,83
1,131,186,117,83
1,128,182,118,83
1,124,180,119,83
1,122,177,120,83
1,120,172,121,83
1,118,169,122,83
0,116,168,123,83
1,111,164,124,83
1,109,161,125,83
1,107,156,126,83
1,104,153,127,83
1,101,152,128,83
2,99,148,129,83
1,96,143,130,83
1,95,140,131,83
10,97,143,132,83
27,104,151,133,83
54,120,160,134,83
85,139,172,135,83
115,158,187,136,83
135,170,194,137,83
143,178,199,138,83
146,178,198,139,83
147,176,198,140,83
147,173,196,141,83
146,170,194,142,83
142,163,187,143,83
133,156,185,144,83
131,150,176,145,83
216,220,225,146,83
246,246,246,147,83
250,253,252,148,83
254,254,253,149,83
255,255,255,150,83
255,255,255,151,83
255,255,255,152,83
255,255,255,153,83
255,255,255,154,83
255,255,255,155,83
255,255,255,156,83
255,255,255,157,83
255,255,255,158,83
255,255,255,159,83
255,255,255,160,83
255,255,255,161,83
255,255,255,162,83
255,255,255,163,83
255,255,255,164,83
255,255,255,165,83
255,255,255,166,83
255,255,255,167,83
255,255,255,168,83
255,255,255,169,83
255,255,255,170,83
255,255,255,171,83
255,255,255,172,83
255,255,255,173,83
255,255,255,174,83
255,255,255,175,83
255,255,255,176,83
255,255,255,177,83
255,255,255,178,83
255,255,255,179,83
255,255,255,180,83
255,255,255,181,83
255,255,255,182,83
255,255,255,183,83
255,255,255,184,83
255,255,255,185,83
255,255,255,186,83
255,255,255,187,83
255,255,255,188,83
255,255,255,189,83
255,255,255,190,83
255,255,255,191,83
255,255,255,192,83
255,255,255,193,83
255,255,255,194,83
255,255,255,195,83
255,255,255,196,83
255,255,255,197,83
255,255,255,198,83
255,255,255,199,83
255,255,255,0,84
255,255,255,1,84
255,255,255,2,84
255,255,255,3,84
255,255,255,4,84
255,255,255,5,84
255,255,255,6,84
255,255,255,7,84
255,255,255,8,84
255,255,255,9,84
255,255,255,10,84
255,255,255,11,84
255,255,255,12,84
255,255,255,13,84
255,255,255,14,84
255,255,255,15,84
255,255,255,16,84
255,255,255,17,84
255,255,255,18,84
255,255,255,19,84
255,255,255,20,84
255,255,255,21,84
255,255,255,22,84
255,255,255,23,84
255,255,255,24,84
255,255,255,25,84
255,255,255,26,84
255,255,255,27,84
255,255,255,28,84
255,255,255,29,84
255,255,255,30,84
255,255,255,31,84
255,255,255,32,84
255,255,255,33,84
255,255,255,34,84
255,255,255,35,84
255,255,255,36,84
255,255,255,37,84
255,255,255,38,84
255,255,255,39,84
255,255,255,40,84
255,255,255,41,84
255,255,253,42,84
252,254,252,43,84
249,254,250,44,84
253,254,249,45,84
228,242,245,46,84
128,164,186,47,84
133,160,188,48,84
143,162,189,49,84
147,167,193,50,84
147,172,196,51,84
148,175,196,52,84
148,176,197,53,84
146,175,197,54,84
139,171,195,55,84
119,160,186,56,84
91,142,174,57,84
59,122,160,58,84
31,106,146,59,84
13,94,140,60,84
2,92,138,61,84
0,92,139,62,84
2,93,145,63,84
2,93,143,64,84
141,155,73,65,84
240,215,99,66,84
212,244,243,67,84
124,131,147,68,84
136,110,108,69,84
164,129,123,70,84
180,143,136,71,84
199,161,157,72,84
152,120,117,73,84
227,208,202,74,84
186,143,135,75,84
191,120,109,76,84
134,87,74,77,84
104,67,61,78,84
69,47,39,79,84
69,37,27,80,84
139,97,88,81,84
125,87,86,82,84
152,103,92,83,84
172,123,106,84,84
192,163,149,85,84
225,198,187,86,84
82,47,37,87,84
124,85,69,88,84
166,121,105,89,84
161,122,107,90,84
157,115,106,91,84
175,146,137,92,84
241,231,227,93,84
183,227,235,94,84
8,146,200,95,84
1,147,206,96,84
2,147,203,97,84
2,148,203,98,84
1,147,203,99,84
1,147,204,100,84
1,147,204,101,84
1,145,204,102,84
1,145,203,103,84
1,145,201,104,84
0,144,199,105,84
0,144,199,106,84
0,143,198,107,84
0,142,198,108,84
0,141,196,109,84
2,139,193,110,84
2,137,191,111,84
1,135,190,112,84
1,134,189,113,84
1,131,188,114,84
1,130,187,115,84
1,129,184,116,84
0,127,181,117,84
1,124,177,118,84
1,121,174,119,84
1,120,170,120,84
0,118,167,121,84
0,115,166,122,84
0,112,163,123,84
1,108,160,124,84
0,107,157,125,84
2,105,153,126,84
2,102,151,127,84
1,98,149,128,84
1,96,146,129,84
0,95,142,130,84
4,93,139,131,84
11,94,139,132,84
30,102,147,133,84
57,119,159,134,84
86,139,173,135,84
116,158,187,136,84
135,170,194,137,84
144,177,200,138,84
147,177,198,139,84
148,175,198,140,84
148,172,197,141,84
149,170,194,142,84
146,161,185,143,84
137,157,185,144,84
118,144,177,145,84
174,185,196,146,84
250,255,255,147,84
250,253,253,148,84
253,252,252,149,84
255,255,255,150,84
255,255,255,151,84
255,255,255,152,84
255,255,255,153,84
255,255,255,154,84
255,255,255,155,84
255,255,255,156,84
255,255,255,157,84
255,255,255,158,84
255,255,255,159,84
255,255,255,160,84
255,255,255,161,84
255,255,255,162,84
255,255,255,163,84
255,255,255,164,84
255,255,255,165,84
255,255,255,166,84
255,255,255,167,84
255,255,255,168,84
255,255,255,169,84
255,255,255,170,84
255,255,255,171,84
255,255,255,172,84
255,255,255,173,84
255,255,255,174,84
255,255,255,175,84
255,255,255,176,84
255,255,255,177,84
255,255,255,178,84
255,255,255,179,84
255,255,255,180,84
255,255,255,181,84
255,255,255,182,84
255,255,255,183,84
255,255,255,184,84
255,255,255,185,84
255,255,255,186,84
255,255,255,187,84
255,255,255,188,84
255,255,255,189,84
255,255,255,190,84
255,255,255,191,84
255,255,255,192,84
255,255,255,193,84
255,255,255,194,84
255,255,255,195,84
255,255,255,196,84
255,255,255,197,84
255,255,255,198,84
255,255,255,199,84
255,255,255,0,85
255,255,255,1,85
255,255,255,2,85
255,255,255,3,85
255,255,255,4,85
255,255,255,5,85
255,255,255,6,85
255,255,255,7,85
255,255,255,8,85
255,255,255,9,85
255,255,255,10,85
255,255,255,11,85
255,255,255,12,85
255,255,255,13,85
255,255,255,14,85
255,255,255,15,85
255,255,255,16,85
255,255,255,17,85
255,255,255,18,85
255,255,255,19,85
255,255,255,20,85
255,255,255,21,85
255,255,255,22,85
255,255,255,23,85
255,255,255,24,85
255,255,255,25,85
255,255,255,26,85
255,255,255,27,85
255,255,255,28,85
255,255,255,29,85
255,255,255,30,85
255,255,255,31,85
255,255,255,32,85
255,255,255,33,85
255,255,255,34,85
255,255,255,35,85
255,255,255,36,85
255,255,255,37,85
255,255,255,38,85
255,255,255,39,85
255,255,255,40,85
255,255,255,41,85
255,255,254,42,85
253,254,253,43,85
251,255,252,44,85
254,255,251,45,85
231,242,245,46,85
135,161,183,47,85
134,156,184,48,85
143,161,187,49,85
148,167,193,50,85
149,171,195,51,85
149,175,196,52,85
149,176,197,53,85
148,175,197,54,85
139,171,193,55,85
119,159,184,56,85
92,141,176,57,85
62,121,161,58,85
33,104,145,59,85
14,93,139,60,85
3,90,135,61,85
1,89,138,62,85
1,91,139,63,85
0,92,137,64,85
150,158,66,65,85
243,218,123,66,85
209,247,248,67,85
192,208,213,68,85
134,108,107,69,85
123,88,81,70,85
127,87,85,71,85
217,193,188,72,85
222,205,197,73,85
251,233,225,74,85
155,137,133,75,85
120,80,79,76,85
113,92,92,77,85
79,68,82,78,85
91,76,84,79,85
105,78,90,80,85
163,119,109,81,85
152,104,97,82,85
162,121,111,83,85
168,132,124,84,85
141,108,100,85,85
195,165,152,86,85
89,51,37,87,85
119,77,62,88,85
145,101,87,89,85
153,115,102,90,85
151,113,103,91,85
172,157,138,92,85
242,239,233,93,85
124,190,211,94,85
0,141,200,95,85
2,143,203,96,85
2,145,200,97,85
3,146,200,98,85
2,146,199,99,85
3,145,200,100,85
3,144,201,101,85
2,143,202,102,85
1,142,200,103,85
0,142,197,104,85
1,142,196,105,85
1,141,196,106,85
0,141,194,107,85
0,139,194,108,85
1,137,193,109,85
2,135,189,110,85
3,133,187,111,85
3,132,188,112,85
3,130,186,113,85
2,128,183,114,85
2,126,181,115,85
3,124,177,116,85
1,122,176,117,85
1,119,174,118,85
1,117,170,119,85
1,116,167,120,85
1,114,166,121,85
1,111,164,122,85
1,108,160,123,85
1,105,158,124,85
0,103,153,125,85
2,101,150,126,85
2,99,148,127,85
1,95,146,128,85
0,93,143,129,85
1,92,139,130,85
5,91,138,131,85
13,93,139,132,85
32,102,145,133,85
59,120,159,134,85
88,139,172,135,85
118,158,186,136,85
137,169,193,137,85
145,176,197,138,85
148,176,197,139,85
149,175,197,140,85
149,171,195,141,85
148,169,193,142,85
145,162,183,143,85
136,157,182,144,85
119,148,180,145,85
132,148,166,146,85
234,240,244,147,85
254,255,254,148,85
254,254,253,149,85
255,255,255,150,85
255,255,255,151,85
255,255,255,152,85
255,255,255,153,85
255,255,255,154,85
255,255,255,155,85
255,255,255,156,85
255,255,255,157,85
255,255,255,158,85
255,255,255,159,85
255,255,255,160,85
255,255,255,161,85
255,255,255,162,85
255,255,255,163,85
255,255,255,164,85
255,255,255,165,85
255,255,255,166,85
255,255,255,167,85
255,255,255,168,85
255,255,255,169,85
255,255,255,170,85
255,255,255,171,85
255,255,255,172,85
255,255,255,173,85
255,255,255,174,85
255,255,255,175,85
255,255,255,176,85
255,255,255,177,85
255,255,255,178,85
255,255,255,179,85
255,255,255,180,85
255,255,255,181,85
255,255,255,182,85
255,255,255,183,85
255,255,255,184,85
255,255,255,185,85
255,255,255,186,85
255,255,255,187,85
255,255,255,188,85
255,255,255,189,85
255,255,255,190,85
255,255,255,191,85
255,255,255,192,85
255,255,255,193,85
255,255,255,194,85
255,255,255,195,85
255,255,255,196,85
255,255,255,197,85
255,255,255,198,85
255,255,255,199,85
255,255,255,0,86
255,255,255,1,86
255,255,255,2,86
255,255,255,3,86
255,255,255,4,86
255,255,255,5,86
255,255,255,6,86
255,255,255,7,86
255,255,255,8,86
255,255,255,9,86
255,255,255,10,86
255,255,255,11,86
255,255,255,12,86
255,255,255,13,86
255,255,255,14,86
255,255,255,15,86
255,255,255,16,86
255,255,255,17,86
255,255,255,18,86
255,255,255,19,86
255,255,255,20,86
255,255,255,21,86
255,255,255,22,86
255,255,255,23,86
255,255,255,24,86
255,255,255,25,86
255,255,255,26,86
255,255,255,27,86
255,255,255,28,86
255,255,255,29,86
255,255,255,30,86
255,255,255,31,86
255,255,255,32,86
255,255,255,33,86
255,255,255,34,86
255,255,255,35,86
255,255,255,36,86
255,255,255,37,86
255,255,255,38,86
255,255,255,39,86
255,255,255,40,86
255,255,255,41,86
255,255,255,42,86
254,254,254,43,86
254,254,252,44,86
255,255,252,45,86
233,242,244,46,86
138,158,178,47,86
135,153,180,48,86
144,160,186,49,86
147,167,191,50,86
149,171,195,51,86
151,174,197,52,86
150,175,198,53,86
149,174,197,54,86
140,170,191,55,86
120,158,183,56,86
93,141,177,57,86
65,119,159,58,86
35,102,142,59,86
14,91,137,60,86
4,86,135,61,86
2,86,136,62,86
4,88,137,63,86
0,87,135,64,86
136,156,73,65,86
240,226,128,66,86
223,244,244,67,86
211,229,242,68,86
144,131,144,69,86
186,144,138,70,86
176,122,116,71,86
211,182,179,72,86
225,205,199,73,86
180,140,131,74,86
125,109,106,75,86
73,64,78,76,86
88,92,104,77,86
111,126,145,78,86
114,120,136,79,86
124,123,144,80,86
164,127,125,81,86
158,103,91,82,86
204,164,154,83,86
218,183,176,84,86
214,167,158,85,86
173,141,132,86,86
103,68,59,87,86
130,80,70,88,86
156,109,96,89,86
126,92,88,90,86
156,115,116,91,86
228,205,201,92,86
215,235,239,93,86
39,147,179,94,86
0,133,194,95,86
0,136,194,96,86
0,138,193,97,86
0,137,193,98,86
0,138,193,99,86
0,138,195,100,86
0,138,193,101,86
0,139,194,102,86
0,138,193,103,86
0,137,195,104,86
0,136,195,105,86
3,136,192,106,86
3,136,189,107,86
3,136,189,108,86
1,135,189,109,86
0,133,188,110,86
1,131,186,111,86
1,128,182,112,86
2,126,179,113,86
3,124,182,114,86
2,122,182,115,86
2,120,178,116,86
0,120,173,117,86
0,117,170,118,86
0,114,165,119,86
1,111,163,120,86
2,109,163,121,86
1,108,160,122,86
1,105,156,123,86
1,102,154,124,86
1,99,150,125,86
1,97,147,126,86
1,95,146,127,86
0,92,143,128,86
1,90,140,129,86
2,88,136,130,86
5,88,136,131,86
14,90,136,132,86
33,100,143,133,86
60,119,157,134,86
89,138,169,135,86
120,157,185,136,86
139,169,192,137,86
147,175,196,138,86
149,176,197,139,86
148,175,196,140,86
149,170,194,141,86
148,167,191,142,86
144,162,185,143,86
136,157,181,144,86
121,147,177,145,86
128,145,169,146,86
232,237,243,147,86
255,255,254,148,86
255,255,254,149,86
255,255,255,150,86
255,255,255,151,86
255,255,255,152,86
255,255,255,153,86
255,255,255,154,86
255,255,255,155,86
255,255,255,156,86
255,255,255,157,86
255,255,255,158,86
255,255,255,159,86
255,255,255,160,86
255,255,255,161,86
255,255,255,162,86
255,255,255,163,86
255,255,255,164,86
255,255,255,165,86
255,255,255,166,86
255,255,255,167,86
255,255,255,168,86
255,255,255,169,86
255,255,255,170,86
255,255,255,171,86
255,255,255,172,86
255,255,255,173,86
255,255,255,174,86
255,255,255,175,86
255,255,255,176,86
255,255,255,177,86
255,255,255,178,86
255,255,255,179,86
255,255,255,180,86
255,255,255,181,86
255,255,255,182,86
255,255,255,183,86
255,255,255,184,86
255,255,255,185,86
255,255,255,186,86
255,255,255,187,86
255,255,255,188,86
255,255,255,189,86
255,255,255,190,86
255,255,255,191,86
255,255,255,192,86
255,255,255,193,86
255,255,255,194,86
255,255,255,195,86
255,255,255,196,86
255,255,255,197,86
255,255,255,198,86
255,255,255,199,86
255,255,255,0,87
255,255,255,1,87
255,255,255,2,87
255,255,255,3,87
255,255,255,4,87
255,255,255,5,87
255,255,255,6,87
255,255,255,7,87
255,255,255,8,87
255,255,255,9,87
255,255,255,10,87
255,255,255,11,87
255,255,255,12,87
255,255,255,13,87
255,255,255,14,87
255,255,255,15,87
255,255,255,16,87
255,255,255,17,87
255,255,255,18,87
255,255,255,19,87
255,255,255,20,87
255,255,255,21,87
255,255,255,22,87
255,255,255,23,87
255,255,255,24,87
255,255,255,25,87
255,255,255,26,87
255,255,255,27,87
255,255,255,28,87
255,255,255,29,87
255,255,255,30,87
255,255,255,31,87
255,255,255,32,87
255,255,255,33,87
255,255,255,34,87
255,255,255,35,87
255,255,255,36,87
255,255,255,37,87
255,255,255,38,87
255,255,255,39,87
255,255,255,40,87
255,255,255,41,87
255,255,255,42,87
254,254,254,43,87
254,254,252,44,87
255,254,252,45,87
234,242,244,46,87
138,156,176,47,87
134,152,178,48,87
143,160,185,49,87
147,167,191,50,87
151,171,195,51,87
153,173,196,52,87
151,174,198,53,87
149,173,196,54,87
140,169,190,55,87
122,157,183,56,87
95,140,175,57,87
66,119,157,58,87
37,102,141,59,87
14,88,135,60,87
3,84,134,61,87
1,83,134,62,87
3,84,134,63,87
0,82,133,64,87
104,135,81,65,87
237,226,126,66,87
229,242,245,67,87
168,201,229,68,87
110,130,161,69,87
126,104,98,70,87
114,75,55,71,87
144,103,100,72,87
205,164,166,73,87
188,151,135,74,87
121,111,106,75,87
40,55,77,76,87
41,52,72,77,87
115,125,150,78,87
125,139,168,79,87
111,124,153,80,87
157,128,138,81,87
140,88,71,82,87
165,117,106,83,87
172,128,121,84,87
170,121,109,85,87
113,88,88,86,87
88,68,71,87,87
142,88,79,88,87
193,140,127,89,87
169,128,129,90,87
216,183,181,91,87
250,241,235,92,87
196,220,223,93,87
109,176,193,94,87
110,180,207,95,87
109,178,204,96,87
108,176,203,97,87
103,172,202,98,87
96,168,198,99,87
84,164,194,100,87
75,159,194,101,87
64,155,197,102,87
49,150,197,103,87
32,141,189,104,87
19,135,185,105,87
12,131,184,106,87
7,127,183,107,87
3,124,178,108,87
0,123,179,109,87
0,124,180,110,87
0,123,178,111,87
7,121,175,112,87
4,121,173,113,87
3,122,173,114,87
2,120,171,115,87
3,116,166,116,87
2,115,167,117,87
1,113,165,118,87
0,110,160,119,87
1,108,159,120,87
1,105,155,121,87
0,103,153,122,87
0,102,152,123,87
1,99,149,124,87
1,96,147,125,87
0,94,144,126,87
0,92,142,127,87
0,90,140,128,87
0,86,136,129,87
2,85,134,130,87
6,85,133,131,87
16,89,134,132,87
34,99,141,133,87
60,118,155,134,87
90,136,169,135,87
120,156,185,136,87
140,168,192,137,87
148,173,196,138,87
149,176,197,139,87
149,174,196,140,87
150,170,194,141,87
150,167,192,142,87
144,161,186,143,87
138,156,181,144,87
124,145,174,145,87
128,144,171,146,87
233,237,244,147,87
255,255,252,148,87
254,254,252,149,87
255,255,255,150,87
255,255,255,151,87
255,255,255,152,87
255,255,255,153,87
255,255,255,154,87
255,255,255,155,87
255,255,255,156,87
255,255,255,157,87
255,255,255,158,87
255,255,255,159,87
255,255,255,160,87
255,255,255,161,87
255,255,255,162,87
255,255,255,163,87
255,255,255,164,87
255,255,255,165,87
255,255,255,166,87
255,255,255,167,87
255,255,255,168,87
255,255,255,169,87
255,255,255,170,87
255,255,255,171,87
255,255,255,172,87
255,255,255,173,87
255,255,255,174,87
255,255,255,175,87
255,255,255,176,87
255,255,255,177,87
255,255,255,178,87
255,255,255,179,87
255,255,255,180,87
255,255,255,181,87
255,255,255,182,87
255,255,255,183,87
255,255,255,184,87
255,255,255,185,87
255,255,255,186,87
255,255,255,187,87
255,255,255,188,87
255,255,255,189,87
255,255,255,190,87
255,255,255,191,87
255,255,255,192,87
255,255,255,193,87
255,255,255,194,87
255,255,255,195,87
255,255,255,196,87
255,255,255,197,87
255,255,255,198,87
255,255,255,199,87
255,255,255,0,88
255,255,255,1,88
255,255,255,2,88
255,255,255,3,88
255,255,255,4,88
255,255,255,5,88
255,255,255,6,88
255,255,255,7,88
255,255,255,8,88
255,255,255,9,88
255,255,255,10,88
255,255,255,11,88
255,255,255,12,88
255,255,255,13,88
255,255,255,14,88
255,255,255,15,88
255,255,255,16,88
255,255,255,17,88
255,255,255,18,88
255,255,255,19,88
255,255,255,20,88
255,255,255,21,88
255,255,255,22,88
255,255,255,23,88
255,255,255,24,88
255,255,255,25,88
255,255,255,26,88
255,255,255,27,88
255,255,255,28,88
255,255,255,29,88
255,255,255,30,88
255,255,255,31,88
255,255,255,32,88
255,255,255,33,88
255,255,255,34,88
255,255,255,35,88
255,255,255,36,88
255,255,255,37,88
255,255,255,38,88
255,255,255,39,88
255,255,255,40,88
255,255,255,41,88
255,255,255,42,88
255,255,254,43,88
254,254,252,44,88
255,254,252,45,88
236,242,244,46,88
138,155,175,47,88
134,152,178,48,88
143,160,184,49,88
147,165,189,50,88
152,170,194,51,88
155,171,194,52,88
154,173,196,53,88
151,173,195,54,88
142,169,189,55,88
125,158,184,56,88
98,141,175,57,88
68,118,157,58,88
37,99,141,59,88
16,87,134,60,88
3,83,132,61,88
1,82,130,62,88
3,81,130,63,88
0,82,136,64,88
59,108,98,65,88
228,211,102,66,88
170,201,216,67,88
114,139,178,68,88
98,126,152,69,88
74,69,76,70,88
92,67,53,71,88
144,106,99,72,88
219,171,172,73,88
217,183,179,74,88
110,120,135,75,88
43,74,104,76,88
17,29,51,77,88
109,107,135,78,88
141,147,177,79,88
118,131,163,80,88
119,100,127,81,88
159,114,110,82,88
181,131,125,83,88
215,166,161,84,88
157,115,101,85,88
69,60,60,86,88
84,87,96,87,88
112,76,74,88,88
138,91,88,89,88
158,117,127,90,88
228,218,220,91,88
246,251,246,92,88
231,231,234,93,88
237,235,238,94,88
240,241,239,95,88
238,238,233,96,88
240,237,234,97,88
238,234,234,98,88
235,234,234,99,88
236,240,239,100,88
236,237,238,101,88
230,235,238,102,88
221,233,238,103,88
208,229,232,104,88
196,224,230,105,88
178,213,219,106,88
155,198,209,107,88
129,180,201,108,88
94,162,189,109,88
62,143,183,110,88
38,128,176,111,88
16,118,174,112,88
2,113,164,113,88
0,113,160,114,88
2,114,162,115,88
4,112,162,116,88
4,112,162,117,88
2,109,157,118,88
2,106,156,119,88
2,103,155,120,88
2,101,151,121,88
1,100,149,122,88
1,98,149,123,88
1,95,145,124,88
0,94,143,125,88
0,91,139,126,88
1,89,137,127,88
2,87,137,128,88
1,84,133,129,88
1,82,131,130,88
5,82,130,131,88
16,87,133,132,88
35,98,141,133,88
62,117,155,134,88
94,138,172,135,88
121,157,185,136,88
139,168,191,137,88
148,173,196,138,88
151,174,197,139,88
151,173,196,140,88
150,170,194,141,88
150,166,191,142,88
146,161,186,143,88
140,155,181,144,88
126,144,174,145,88
130,141,169,146,88
234,239,243,147,88
255,255,253,148,88
254,254,253,149,88
255,255,255,150,88
255,255,255,151,88
255,255,255,152,88
255,255,255,153,88
255,255,255,154,88
255,255,255,155,88
255,255,255,156,88
255,255,255,157,88
255,255,255,158,88
255,255,255,159,88
255,255,255,160,88
255,255,255,161,88
255,255,255,162,88
255,255,255,163,88
255,255,255,164,88
255,255,255,165,88
255,255,255,166,88
255,255,255,167,88
255,255,255,168,88
255,255,255,169,88
255,255,255,170,88
255,255,255,171,88
255,255,255,172,88
255,255,255,173,88
255,255,255,174,88
255,255,255,175,88
255,255,255,176,88
255,255,255,177,88
255,255,255,178,88
255,255,255,179,88
255,255,255,180,88
255,255,255,181,88
255,255,255,182,88
255,255,255,183,88
255,255,255,184,88
255,255,255,185,88
255,255,255,186,88
255,255,255,187,88
255,255,255,188,88
255,255,255,189,88
255,255,255,190,88
255,255,255,191,88
255,255,255,192,88
255,255,255,193,88
255,255,255,194,88
255,255,255,195,88
255,255,255,196,88
255,255,255,197,88
255,255,255,198,88
255,255,255,199,88
255,255,255,0,89
255,255,255,1,89
255,255,255,2,89
255,255,255,3,89
255,255,255,4,89
255,255,255,5,89
255,255,255,6,89
255,255,255,7,89
255,255,255,8,89
255,255,255,9,89
255,255,255,10,89
255,255,255,11,89
255,255,255,12,89
255,255,255,13,89
255,255,255,14,89
255,255,255,15,89
255,255,255,16,89
255,255,255,17,89
255,255,255,18,89
255,255,255,19,89
255,255,255,20,89
255,255,255,21,89
255,255,255,22,89
255,255,255,23,89
255,255,255,24,89
255,255,255,25,89
255,255,255,26,89
255,255,255,27,89
255,255,255,28,89
255,255,255,29,89
255,255,255,30,89
255,255,255,31,89
255,255,255,32,89
255,255,255,33,89
255,255,255,34,89
255,255,255,35,89
255,255,255,36,89
255,255,255,37,89
255,255,255,38,89
255,255,255,39,89
255,255,255,40,89
255,255,255,41,89
255,255,255,42,89
255,255,254,43,89
254,254,252,44,89
255,255,253,45,89
237,241,244,46,89
141,154,175,47,89
135,153,178,48,89
143,159,183,49,89
148,164,187,50,89
153,169,193,51,89
155,171,193,52,89
156,173,193,53,89
154,172,194,54,89
144,168,189,55,89
127,157,182,56,89
101,140,172,57,89
69,116,156,58,89
39,99,141,59,89
17,86,130,60,89
4,81,129,61,89
1,80,127,62,89
2,79,131,63,89
1,83,132,64,89
18,82,117,65,89
181,174,78,66,89
148,175,163,67,89
119,138,181,68,89
92,111,133,69,89
38,42,60,70,89
55,35,42,71,89
128,84,76,72,89
193,142,133,73,89
161,128,135,74,89
102,133,156,75,89
43,80,101,76,89
15,29,48,77,89
98,102,139,78,89
153,168,200,79,89
134,153,181,80,89
100,101,125,81,89
134,112,131,82,89
168,130,130,83,89
170,124,112,84,89
129,86,74,85,89
71,59,58,86,89
143,160,170,87,89
128,132,144,88,89
117,103,110,89,89
180,166,174,90,89
229,230,232,91,89
201,196,193,92,89
195,189,189,93,89
181,180,179,94,89
142,135,132,95,89
110,108,102,96,89
142,137,130,97,89
149,140,134,98,89
104,99,95,99,89
116,116,111,100,89
156,150,146,101,89
180,171,167,102,89
180,172,166,103,89
196,187,182,104,89
207,194,192,105,89
218,207,203,106,89
225,217,212,107,89
234,229,226,108,89
236,237,231,109,89
230,235,238,110,89
211,224,232,111,89
177,207,222,112,89
141,184,199,113,89
93,153,177,114,89
45,125,171,115,89
14,109,164,116,89
3,101,153,117,89
0,101,152,118,89
0,102,153,119,89
0,102,153,120,89
1,99,148,121,89
0,96,145,122,89
1,95,145,123,89
1,92,141,124,89
0,90,137,125,89
1,88,136,126,89
2,86,133,127,89
2,84,132,128,89
2,82,130,129,89
2,80,128,130,89
6,81,128,131,89
16,85,129,132,89
37,97,140,133,89
64,116,155,134,89
96,138,172,135,89
123,157,184,136,89
141,169,190,137,89
149,173,195,138,89
152,173,196,139,89
153,173,197,140,89
153,170,195,141,89
150,165,191,142,89
147,160,185,143,89
141,154,183,144,89
127,144,176,145,89
131,141,168,146,89
234,239,243,147,89
254,255,254,148,89
254,254,254,149,89
255,255,255,150,89
255,255,255,151,89
255,255,255,152,89
255,255,255,153,89
255,255,255,154,89
255,255,255,155,89
255,255,255,156,89
255,255,255,157,89
255,255,255,158,89
255,255,255,159,89
255,255,255,160,89
255,255,255,161,89
255,255,255,162,89
255,255,255,163,89
255,255,255,164,89
255,255,255,165,89
255,255,255,166,89
255,255,255,167,89
255,255,255,168,89
255,255,255,169,89
255,255,255,170,89
255,255,255,171,89
255,255,255,172,89
255,255,255,173,89
255,255,255,174,89
255,255,255,175,89
255,255,255,176,89
255,255,255,177,89
255,255,255,178,89
255,255,255,179,89
255,255,255,180,89
255,255,255,181,89
255,255,255,182,89
255,255,255,183,89
255,255,255,184,89
255,255,255,185,89
255,255,255,186,89
255,255,255,187,89
255,255,255,188,89
255,255,255,189,89
255,255,255,190,89
255,255,255,191,89
255,255,255,192,89
255,255,255,193,89
255,255,255,194,89
255,255,255,195,89
255,255,255,196,89
255,255,255,197,89
255,255,255,198,89
255,255,255,199,89
255,255,255,0,90
255,255,255,1,90
255,255,255,2,90
255,255,255,3,90
255,255,255,4,90
255,255,255,5,90
255,255,255,6,90
255,255,255,7,90
255,255,255,8,90
255,255,255,9,90
255,255,255,10,90
255,255,255,11,90
255,255,255,12,90
255,255,255,13,90
255,255,255,14,90
255,255,255,15,90
255,255,255,16,90
255,255,255,17,90
255,255,255,18,90
255,255,255,19,90
255,255,255,20,90
255,255,255,21,90
255,255,255,22,90
255,255,255,23,90
255,255,255,24,90
255,255,255,25,90
255,255,255,26,90
255,255,255,27,90
255,255,255,28,90
255,255,255,29,90
255,255,255,30,90
255,255,255,31,90
255,255,255,32,90
255,255,255,33,90
255,255,255,34,90
255,255,255,35,90
255,255,255,36,90
255,255,255,37,90
255,255,255,38,90
255,255,255,39,90
255,255,255,40,90
255,255,255,41,90
255,255,255,42,90
255,255,254,43,90
254,254,252,44,90
255,255,253,45,90
238,241,245,46,90
141,153,175,47,90
135,152,178,48,90
143,160,183,49,90
148,165,188,50,90
152,168,191,51,90
154,171,192,52,90
155,172,193,53,90
155,171,194,54,90
145,166,191,55,90
128,156,182,56,90
103,140,169,57,90
72,116,155,58,90
41,97,139,59,90
18,83,127,60,90
6,78,126,61,90
2,77,127,62,90
2,79,124,63,90
3,82,122,64,90
0,76,130,65,90
97,126,82,66,90
185,185,115,67,90
121,136,173,68,90
65,84,99,69,90
17,36,56,70,90
43,44,60,71,90
108,89,88,72,90
116,90,82,73,90
89,73,81,74,90
49,75,95,75,90
50,69,79,76,90
62,67,75,77,90
133,138,163,78,90
174,188,214,79,90
160,177,211,80,90
132,153,182,81,90
111,105,123,82,90
129,95,90,83,90
105,55,48,84,90
89,39,36,85,90
70,41,42,86,90
148,159,169,87,90
152,183,199,88,90
202,219,227,89,90
206,208,208,90,90
122,118,113,91,90
127,117,110,92,90
103,92,88,93,90
84,85,79,94,90
17,15,12,95,90
14,12,9,96,90
48,42,39,97,90
103,91,90,98,90
41,30,30,99,90
15,9,8,100,90
67,61,61,101,90
26,21,20,102,90
17,15,12,103,90
104,101,98,104,90
98,92,89,105,90
71,61,57,106,90
110,93,90,107,90
124,103,96,108,90
141,125,118,109,90
153,141,134,110,90
180,172,165,111,90
219,210,203,112,90
239,232,229,113,90
239,237,236,114,90
220,229,234,115,90
180,204,217,116,90
120,172,192,117,90
64,132,165,118,90
21,99,144,119,90
2,90,138,120,90
0,91,141,121,90
2,92,145,122,90
2,93,142,123,90
1,90,137,124,90
0,89,138,125,90
1,86,139,126,90
2,82,131,127,90
2,81,128,128,90
2,80,128,129,90
3,78,126,130,90
5,79,125,131,90
17,84,127,132,90
38,96,138,133,90
66,116,154,134,90
97,138,169,135,90
123,156,181,136,90
142,168,189,137,90
150,172,194,138,90
154,173,194,139,90
155,172,196,140,90
153,169,194,141,90
150,165,190,142,90
147,160,185,143,90
140,152,182,144,90
126,143,175,145,90
131,141,166,146,90
234,238,244,147,90
254,255,255,148,90
254,254,254,149,90
255,255,255,150,90
255,255,255,151,90
255,255,255,152,90
255,255,255,153,90
255,255,255,154,90
255,255,255,155,90
255,255,255,156,90
255,255,255,157,90
255,255,255,158,90
255,255,255,159,90
255,255,255,160,90
255,255,255,161,90
255,255,255,162,90
255,255,255,163,90
255,255,255,164,90
255,255,255,165,90
255,255,255,166,90
255,255,255,167,90
255,255,255,168,90
255,255,255,169,90
255,255,255,170,90
255,255,255,171,90
255,255,255,172,90
255,255,255,173,90
255,255,255,174,90
255,255,255,175,90
255,255,255,176,90
255,255,255,177,90
255,255,255,178,90
255,255,255,179,90
255,255,255,180,90
255,255,255,181,90
255,255,255,182,90
255,255,255,183,90
255,255,255,184,90
255,255,255,185,90
255,255,255,186,90
255,255,255,187,90
255,255,255,188,90
255,255,255,189,90
255,255,255,190,90
255,255,255,191,90
255,255,255,192,90
255,255,255,193,90
255,255,255,194,90
255,255,255,195,90
255,255,255,196,90
255,255,255,197,90
255,255,255,198,90
255,255,255,199,90
255,255,255,0,91
255,255,255,1,91
255,255,255,2,91
255,255,255,3,91
255,255,255,4,91
255,255,255,5,91
255,255,255,6,91
255,255,255,7,91
255,255,255,8,91
255,255,255,9,91
255,255,255,10,91
255,255,255,11,91
255,255,255,12,91
255,255,255,13,91
255,255,255,14,91
255,255,255,15,91
255,255,255,16,91
255,255,255,17,91
255,255,255,18,91
255,255,255,19,91
255,255,255,20,91
255,255,255,21,91
255,255,255,22,91
255,255,255,23,91
255,255,255,24,91
255,255,255,25,91
255,255,255,26,91
255,255,255,27,91
255,255,255,28,91
255,255,255,29,91
255,255,255,30,91
255,255,255,31,91
255,255,255,32,91
255,255,255,33,91
255,255,255,34,91
255,255,255,35,91
255,255,255,36,91
255,255,255,37,91
255,255,255,38,91
255,255,255,39,91
255,255,255,40,91
255,255,255,41,91
255,255,255,42,91
254,254,254,43,91
255,255,253,44,91
255,255,253,45,91
239,242,246,46,91
141,152,175,47,91
136,151,177,48,91
145,160,186,49,91
148,164,189,50,91
152,167,190,51,91
154,169,192,52,91
154,170,193,53,91
153,171,195,54,91
144,167,192,55,91
130,156,184,56,91
105,139,168,57,91
74,116,153,58,91
46,95,137,59,91
21,82,126,60,91
8,74,124,61,91
3,74,125,62,91
4,75,128,63,91
4,75,133,64,91
0,81,129,65,91
17,82,108,66,91
155,162,87,67,91
162,138,86,68,91
88,74,91,69,91
66,61,67,70,91
39,33,52,71,91
112,113,139,72,91
170,172,198,73,91
86,85,95,74,91
123,107,107,75,91
178,153,150,76,91
200,165,160,77,91
210,168,164,78,91
195,160,163,79,91
182,163,171,80,91
125,137,132,81,91
44,56,56,82,91
98,69,65,83,91
165,113,99,84,91
162,110,96,85,91
177,120,124,86,91
137,113,124,87,91
197,203,210,88,91
185,180,183,89,91
89,75,77,90,91
12,8,8,91,91
25,21,20,92,91
54,51,49,93,91
38,37,33,94,91
40,39,35,95,91
17,14,11,96,91
40,37,35,97,91
27,22,22,98,91
46,41,41,99,91
40,36,36,100,91
33,31,30,101,91
1,2,0,102,91
1,3,0,103,91
33,31,29,104,91
31,25,21,105,91
48,24,21,106,91
154,99,102,107,91
125,73,71,108,91
130,101,94,109,91
131,116,107,110,91
121,107,99,111,91
103,91,85,112,91
130,119,115,113,91
139,130,127,114,91
174,165,161,115,91
224,220,216,116,91
242,241,237,117,91
228,233,235,118,91
187,205,219,119,91
119,163,185,120,91
48,116,150,121,91
9,85,133,122,91
0,85,137,123,91
2,87,133,124,91
4,85,130,125,91
3,83,130,126,91
2,80,129,127,91
1,79,127,128,91
2,77,127,129,91
3,76,125,130,91
7,77,123,131,91
19,84,127,132,91
40,95,136,133,91
68,115,153,134,91
100,136,167,135,91
126,154,180,136,91
145,166,190,137,91
151,171,194,138,91
153,171,193,139,91
154,169,193,140,91
152,167,191,141,91
150,164,188,142,91
147,160,183,143,91
139,153,180,144,91
125,143,173,145,91
130,141,164,146,91
235,238,244,147,91
255,255,254,148,91
255,255,254,149,91
255,255,255,150,91
255,255,255,151,91
255,255,255,152,91
255,255,255,153,91
255,255,255,154,91
255,255,255,155,91
255,255,255,156,91
255,255,255,157,91
255,255,255,158,91
255,255,255,159,91
255,255,255,160,91
255,255,255,161,91
255,255,255,162,91
255,255,255,163,91
255,255,255,164,91
255,255,255,165,91
255,255,255,166,91
255,255,255,167,91
255,255,255,168,91
255,255,255,169,91
255,255,255,170,91
255,255,255,171,91
255,255,255,172,91
255,255,255,173,91
255,255,255,174,91
255,255,255,175,91
255,255,255,176,91
255,255,255,177,91
255,255,255,178,91
255,255,255,179,91
255,255,255,180,91
255,255,255,181,91
255,255,255,182,91
255,255,255,183,91
255,255,255,184,91
255,255,255,185,91
255,255,255,186,91
255,255,255,187,91
255,255,255,188,91
255,255,255,189,91
255,255,255,190,91
255,255,255,191,91
255,255,255,192,91
255,255,255,193,91
255,255,255,194,91
255,255,255,195,91
255,255,255,196,91
255,255,255,197,91
255,255,255,198,91
255,255,255,199,91
255,255,255,0,92
255,255,255,1,92
255,255,255,2,92
255,255,255,3,92
255,255,255,4,92
255,255,255,5,92
255,255,255,6,92
255,255,255,7,92
255,255,255,8,92
255,255,255,9,92
255,255,255,10,92
255,255,255,11,92
255,255,255,12,92
255,255,255,13,92
255,255,255,14,92
255,255,255,15,92
255,255,255,16,92
255,255,255,17,92
255,255,255,18,92
255,255,255,19,92
255,255,255,20,92
255,255,255,21,92
255,255,255,22,92
255,255,255,23,92
255,255,255,24,92
255,255,255,25,92
255,255,255,26,92
255,255,255,27,92
255,255,255,28,92
255,255,255,29,92
255,255,255,30,92
255,255,255,31,92
255,255,255,32,92
255,255,255,33,92
255,255,255,34,92
255,255,255,35,92
255,255,255,36,92
255,255,255,37,92
255,255,255,38,92
255,255,255,39,92
255,255,255,40,92
255,255,255,41,92
255,255,255,42,92
254,254,254,43,92
254,254,252,44,92
255,255,253,45,92
239,242,246,46,92
139,153,174,47,92
136,150,177,48,92
146,159,185,49,92
149,163,188,50,92
152,167,190,51,92
154,169,192,52,92
154,170,193,53,92
154,170,194,54,92
147,168,192,55,92
132,157,183,56,92
108,138,168,57,92
77,116,151,58,92
47,95,134,59,92
22,81,123,60,92
11,73,122,61,92
5,71,124,62,92
5,70,128,63,92
6,73,126,64,92
3,79,121,65,92
1,74,134,66,92
43,88,107,67,92
189,173,69,68,92
189,138,76,69,92
204,157,147,70,92
188,153,150,71,92
184,155,150,72,92
217,188,183,73,92
200,163,153,74,92
196,145,126,75,92
183,136,119,76,92
196,148,131,77,92
216,166,152,78,92
238,183,179,79,92
228,169,158,80,92
85,69,65,81,92
22,36,38,82,92
48,54,47,83,92
84,58,41,84,92
107,70,49,85,92
175,154,139,86,92
229,226,222,87,92
156,158,158,88,92
74,73,70,89,92
44,36,36,90,92
12,10,9,91,92
21,20,18,92,92
22,20,19,93,92
39,35,34,94,92
46,40,38,95,92
46,36,34,96,92
106,96,94,97,92
33,28,26,98,92
16,12,12,99,92
22,17,16,100,92
44,34,35,101,92
36,27,28,102,92
49,43,41,103,92
63,57,54,104,92
55,48,44,105,92
96,77,73,106,92
114,73,73,107,92
98,61,60,108,92
78,48,46,109,92
124,108,103,110,92
134,119,114,111,92
62,48,45,112,92
67,56,53,113,92
90,78,76,114,92
53,40,39,115,92
85,72,67,116,92
157,141,129,117,92
222,211,201,118,92
237,241,235,119,92
234,243,246,120,92
213,225,229,121,92
155,179,191,122,92
60,116,149,123,92
3,79,125,124,92
1,79,124,125,92
4,79,120,126,92
4,77,125,127,92
2,75,124,128,92
2,73,123,129,92
4,73,124,130,92
9,74,122,131,92
22,81,126,132,92
43,93,136,133,92
72,114,152,134,92
103,135,166,135,92
129,154,181,136,92
148,165,189,137,92
154,170,194,138,92
154,170,193,139,92
155,169,192,140,92
154,166,190,141,92
152,164,188,142,92
148,160,184,143,92
139,153,180,144,92
125,143,172,145,92
129,141,164,146,92
237,238,244,147,92
255,255,254,148,92
254,255,254,149,92
255,255,255,150,92
255,255,255,151,92
255,255,255,152,92
255,255,255,153,92
255,255,255,154,92
255,255,255,155,92
255,255,255,156,92
255,255,255,157,92
255,255,255,158,92
255,255,255,159,92
255,255,255,160,92
255,255,255,161,92
255,255,255,162,92
255,255,255,163,92
255,255,255,164,92
255,255,255,165,92
255,255,255,166,92
255,255,255,167,92
255,255,255,168,92
255,255,255,169,92
255,255,255,170,92
255,255,255,171,92
255,255,255,172,92
255,255,255,173,92
255,255,255,174,92
255,255,255,175,92
255,255,255,176,92
255,255,255,177,92
255,255,255,178,92
255,255,255,179,92
255,255,255,180,92
255,255,255,181,92
255,255,255,182,92
255,255,255,183,92
255,255,255,184,92
255,255,255,185,92
255,255,255,186,92
255,255,255,187,92
255,255,255,188,92
255,255,255,189,92
255,255,255,190,92
255,255,255,191,92
255,255,255,192,92
255,255,255,193,92
255,255,255,194,92
255,255,255,195,92
255,255,255,196,92
255,255,255,197,92
255,255,255,198,92
255,255,255,199,92
255,255,255,0,93
255,255,255,1,93
255,255,255,2,93
255,255,255,3,93
255,255,255,4,93
255,255,255,5,93
255,255,255,6,93
255,255,255,7,93
255,255,255,8,93
255,255,255,9,93
255,255,255,10,93
255,255,255,11,93
255,255,255,12,93
255,255,255,13,93
255,255,255,14,93
255,255,255,15,93
255,255,255,16,93
255,255,255,17,93
255,255,255,18,93
255,255,255,19,93
255,255,255,20,93
255,255,255,21,93
255,255,255,22,93
255,255,255,23,93
255,255,255,24,93
255,255,255,25,93
255,255,255,26,93
255,255,255,27,93
255,255,255,28,93
255,255,255,29,93
255,255,255,30,93
255,255,255,31,93
255,255,255,32,93
255,255,255,33,93
255,255,255,34,93
255,255,255,35,93
255,255,255,36,93
255,255,255,37,93
255,255,255,38,93
255,255,255,39,93
255,255,255,40,93
255,255,255,41,93
255,255,255,42,93
254,255,254,43,93
254,254,252,44,93
255,254,251,45,93
239,242,246,46,93
140,152,174,47,93
135,150,176,48,93
145,158,184,49,93
150,163,188,50,93
152,167,190,51,93
154,169,192,52,93
155,170,193,53,93
154,169,193,54,93
148,166,191,55,93
133,156,182,56,93
109,138,169,57,93
79,116,153,58,93
50,95,135,59,93
25,78,122,60,93
14,71,119,61,93
7,69,118,62,93
4,70,121,63,93
4,72,120,64,93
7,74,117,65,93
7,75,119,66,93
0,70,115,67,93
77,111,104,68,93
234,197,87,69,93
237,190,83,70,93
244,199,152,71,93
247,200,176,72,93
239,186,164,73,93
232,169,161,74,93
213,150,137,75,93
179,127,110,76,93
188,139,121,77,93
197,149,128,78,93
165,121,104,79,93
124,105,96,80,93
37,41,57,81,93
25,33,40,82,93
61,64,49,83,93
63,45,22,84,93
104,68,58,85,93
215,209,202,86,93
149,143,142,87,93
46,36,39,88,93
57,49,48,89,93
37,27,28,90,93
45,42,42,91,93
27,24,24,92,93
15,13,13,93,93
32,27,26,94,93
49,39,39,95,93
43,27,28,96,93
88,74,73,97,93
53,45,43,98,93
10,6,5,99,93
18,13,15,100,93
49,38,40,101,93
35,21,22,102,93
47,34,33,103,93
74,63,62,104,93
81,74,71,105,93
65,61,55,106,93
71,69,61,107,93
27,22,17,108,93
59,51,47,109,93
60,50,49,110,93
21,10,9,111,93
51,42,40,112,93
61,52,50,113,93
46,37,36,114,93
65,56,53,115,93
118,108,102,116,93
105,92,85,117,93
76,64,60,118,93
134,125,117,119,93
198,190,183,120,93
241,235,227,121,93
239,237,227,122,93
216,222,222,123,93
129,165,189,124,93
23,87,134,125,93
0,73,123,126,93
6,75,119,127,93
5,71,118,128,93
4,70,119,129,93
6,71,120,130,93
12,72,119,131,93
25,79,124,132,93
46,92,134,133,93
75,115,153,134,93
105,135,167,135,93
131,153,180,136,93
148,164,188,137,93
153,169,193,138,93
154,170,193,139,93
156,169,193,140,93
155,167,191,141,93
152,164,188,142,93
147,158,183,143,93
139,153,180,144,93
124,144,171,145,93
130,141,164,146,93
239,238,244,147,93
255,254,254,148,93
254,255,254,149,93
255,255,255,150,93
255,255,255,151,93
255,255,255,152,93
255,255,255,153,93
255,255,255,154,93
255,255,255,155,93
255,255,255,156,93
255,255,255,157,93
255,255,255,158,93
255,255,255,159,93
255,255,255,160,93
255,255,255,161,93
255,255,255,162,93
255,255,255,163,93
255,255,255,164,93
255,255,255,165,93
255,255,255,166,93
255,255,255,167,93
255,255,255,168,93
255,255,255,169,93
255,255,255,170,93
255,255,255,171,93
255,255,255,172,93
255,255,255,173,93
255,255,255,174,93
255,255,255,175,93
255,255,255,176,93
255,255,255,177,93
255,255,255,178,93
255,255,255,179,93
255,255,255,180,93
255,255,255,181,93
255,255,255,182,93
255,255,255,183,93
255,255,255,184,93
255,255,255,185,93
255,255,255,186,93
255,255,255,187,93
255,255,255,188,93
255,255,255,189,93
255,255,255,190,93
255,255,255,191,93
255,255,255,192,93
255,255,255,193,93
255,255,255,194,93
255,255,255,195,93
255,255,255,196,93
255,255,255,197,93
255,255,255,198,93
255,255,255,199,93
255,255,255,0,94
255,255,255,1,94
255,255,255,2,94
255,255,255,3,94
255,255,255,4,94
255,255,255,5,94
255,255,255,6,94
255,255,255,7,94
255,255,255,8,94
255,255,255,9,94
255,255,255,10,94
255,255,255,11,94
255,255,255,12,94
255,255,255,13,94
255,255,255,14,94
255,255,255,15,94
255,255,255,16,94
255,255,255,17,94
255,255,255,18,94
255,255,255,19,94
255,255,255,20,94
255,255,255,21,94
255,255,255,22,94
255,255,255,23,94
255,255,255,24,94
255,255,255,25,94
255,255,255,26,94
255,255,255,27,94
255,255,255,28,94
255,255,255,29,94
255,255,255,30,94
255,255,255,31,94
255,255,255,32,94
255,255,255,33,94
255,255,255,34,94
255,255,255,35,94
255,255,255,36,94
255,255,255,37,94
255,255,255,38,94
255,255,255,39,94
255,255,255,40,94
255,255,255,41,94
255,255,255,42,94
254,254,254,43,94
254,254,252,44,94
255,254,252,45,94
237,242,246,46,94
140,153,173,47,94
135,150,175,48,94
145,158,184,49,94
151,162,188,50,94
153,166,190,51,94
154,169,192,52,94
156,170,193,53,94
155,169,192,54,94
149,165,190,55,94
135,155,181,56,94
111,138,169,57,94
81,116,153,58,94
53,94,135,59,94
29,77,120,60,94
16,69,116,61,94
9,68,116,62,94
6,68,116,63,94
4,70,121,64,94
4,73,120,65,94
0,69,119,66,94
40,94,135,67,94
184,190,204,68,94
208,209,192,69,94
215,200,113,70,94
239,200,49,71,94
249,195,52,72,94
233,183,68,73,94
204,162,57,74,94
187,144,62,75,94
154,122,68,76,94
114,94,66,77,94
54,51,41,78,94
12,26,39,79,94
16,44,59,80,94
13,31,36,81,94
28,42,48,82,94
83,84,83,83,94
75,63,51,84,94
198,186,181,85,94
177,169,169,86,94
40,27,29,87,94
62,58,58,88,94
83,78,77,89,94
75,64,64,90,94
53,45,45,91,94
35,29,29,92,94
26,20,21,93,94
32,24,24,94,94
25,21,18,95,94
45,37,35,96,94
89,74,73,97,94
65,46,45,98,94
36,24,20,99,94
28,24,20,100,94
22,21,18,101,94
16,8,8,102,94
27,18,17,103,94
54,45,44,104,94
93,86,84,105,94
78,69,68,106,94
40,28,27,107,94
34,22,21,108,94
68,59,58,109,94
83,77,78,110,94
61,56,54,111,94
50,45,42,112,94
73,68,66,113,94
88,82,80,114,94
100,92,90,115,94
133,125,121,116,94
52,46,43,117,94
7,1,2,118,94
15,8,8,119,94
82,77,73,120,94
150,147,138,121,94
234,232,225,122,94
240,231,228,123,94
238,228,222,124,94
172,191,204,125,94
34,90,129,126,94
2,67,120,127,94
7,70,120,128,94
6,69,117,129,94
9,69,117,130,94
13,71,117,131,94
27,77,120,132,94
49,90,133,133,94
77,114,151,134,94
106,135,166,135,94
132,152,179,136,94
148,163,187,137,94
154,170,190,138,94
155,170,191,139,94
157,169,192,140,94
156,167,192,141,94
154,163,189,142,94
148,157,183,143,94
140,153,179,144,94
123,144,172,145,94
130,142,166,146,94
239,239,244,147,94
254,254,253,148,94
254,254,254,149,94
255,255,255,150,94
255,255,255,151,94
255,255,255,152,94
255,255,255,153,94
255,255,255,154,94
255,255,255,155,94
255,255,255,156,94
255,255,255,157,94
255,255,255,158,94
255,255,255,159,94
255,255,255,160,94
255,255,255,161,94
255,255,255,162,94
255,255,255,163,94
255,255,255,164,94
255,255,255,165,94
255,255,255,166,94
255,255,255,167,94
255,255,255,168,94
255,255,255,169,94
255,255,255,170,94
255,255,255,171,94
255,255,255,172,94
255,255,255,173,94
255,255,255,174,94
255,255,255,175,94
255,255,255,176,94
255,255,255,177,94
255,255,255,178,94
255,255,255,179,94
255,255,255,180,94
255,255,255,181,94
255,255,255,182,94
255,255,255,183,94
255,255,255,184,94
255,255,255,185,94
255,255,255,186,94
255,255,255,187,94
255,255,255,188,94
255,255,255,189,94
255,255,255,190,94
255,255,255,191,94
255,255,255,192,94
255,255,255,193,94
255,255,255,194,94
255,255,255,195,94
255,255,255,196,94
255,255,255,197,94
255,255,255,198,94
255,255,255,199,94
255,255,255,0,95
255,255,255,1,95
255,255,255,2,95
255,255,255,3,95
255,255,255,4,95
255,255,255,5,95
255,255,255,6,95
255,255,255,7,95
255,255,255,8,95
255,255,255,9,95
255,255,255,10,95
255,255,255,11,95
255,255,255,12,95
255,255,255,13,95
255,255,255,14,95
255,255,255,15,95
255,255,255,16,95
255,255,255,17,95
255,255,255,18,95
255,255,255,19,95
255,255,255,20,95
255,255,255,21,95
255,255,255,22,95
255,255,255,23,95
255,255,255,24,95
255,255,255,25,95
255,255,255,26,95
255,255,255,27,95
255,255,255,28,95
255,255,255,29,95
255,255,255,30,95
255,255,255,31,95
255,255,255,32,95
255,255,255,33,95
255,255,255,34,95
255,255,255,35,95
255,255,255,36,95
255,255,255,37,95
255,255,255,38,95
255,255,255,39,95
255,255,255,40,95
255,255,255,41,95
254,255,255,42,95
253,255,253,43,95
254,254,253,44,95
253,255,254,45,95
238,242,245,46,95
148,151,169,47,95
138,148,170,48,95
144,156,181,49,95
149,162,186,50,95
152,166,190,51,95
154,168,193,52,95
158,170,193,53,95
158,170,190,54,95
152,166,189,55,95
137,155,182,56,95
113,138,168,57,95
83,115,151,58,95
56,93,133,59,95
31,76,119,60,95
18,68,113,61,95
11,67,112,62,95
10,67,112,63,95
8,67,117,64,95
3,68,123,65,95
19,74,119,66,95
174,186,197,67,95
210,211,207,68,95
189,194,190,69,95
189,186,186,70,95
145,133,104,71,95
138,116,39,72,95
193,164,52,73,95
207,176,37,74,95
220,185,25,75,95
228,190,34,76,95
224,190,45,77,95
200,176,42,78,95
162,148,46,79,95
100,104,56,80,95
36,43,34,81,95
25,38,47,82,95
84,108,105,83,95
171,186,183,84,95
230,218,217,85,95
102,59,65,86,95
71,41,44,87,95
45,41,36,88,95
47,34,32,89,95
69,53,51,90,95
35,22,22,91,95
15,7,7,92,95
18,12,12,93,95
32,26,25,94,95
22,15,12,95,95
62,40,40,96,95
140,92,95,97,95
134,67,72,98,95
149,92,93,99,95
109,71,69,100,95
19,7,6,101,95
24,20,20,102,95
41,35,32,103,95
20,15,13,104,95
67,62,61,105,95
82,78,77,106,95
47,41,41,107,95
61,52,53,108,95
108,99,100,109,95
60,53,54,110,95
21,16,16,111,95
21,16,14,112,95
48,43,41,113,95
41,35,33,114,95
43,36,34,115,95
117,109,106,116,95
86,77,75,117,95
48,38,40,118,95
46,38,36,119,95
39,35,31,120,95
57,55,47,121,95
137,134,127,122,95
229,227,223,123,95
238,231,223,124,95
232,229,225,125,95
162,182,198,126,95
27,73,117,127,95
6,67,116,128,95
7,69,116,129,95
11,68,115,130,95
16,69,115,131,95
29,77,117,132,95
50,90,133,133,95
77,114,153,134,95
107,136,167,135,95
133,153,179,136,95
149,164,187,137,95
154,169,192,138,95
156,168,193,139,95
157,168,194,140,95
155,167,193,141,95
151,164,189,142,95
145,157,182,143,95
135,152,177,144,95
124,141,167,145,95
134,141,163,146,95
236,240,244,147,95
253,255,254,148,95
254,254,254,149,95
255,255,255,150,95
255,255,255,151,95
255,255,255,152,95
255,255,255,153,95
255,255,255,154,95
255,255,255,155,95
255,255,255,156,95
255,255,255,157,95
255,255,255,158,95
255,255,255,159,95
255,255,255,160,95
255,255,255,161,95
255,255,255,162,95
255,255,255,163,95
255,255,255,164,95
255,255,255,165,95
255,255,255,166,95
255,255,255,167,95
255,255,255,168,95
255,255,255,169,95
255,255,255,170,95
255,255,255,171,95
255,255,255,172,95
255,255,255,173,95
255,255,255,174,95
255,255,255,175,95
255,255,255,176,95
255,255,255,177,95
255,255,255,178,95
255,255,255,179,95
255,255,255,180,95
255,255,255,181,95
255,255,255,182,95
255,255,255,183,95
255,255,255,184,95
255,255,255,185,95
255,255,255,186,95
255,255,255,187,95
255,255,255,188,95
255,255,255,189,95
255,255,255,190,95
255,255,255,191,95
255,255,255,192,95
255,255,255,193,95
255,255,255,194,95
255,255,255,195,95
255,255,255,196,95
255,255,255,197,95
255,255,255,198,95
255,255,255,199,95
255,255,255,0,96
255,255,255,1,96
255,255,255,2,96
255,255,255,3,96
255,255,255,4,96
255,255,255,5,96
255,255,255,6,96
255,255,255,7,96
255,255,255,8,96
255,255,255,9,96
255,255,255,10,96
255,255,255,11,96
255,255,255,12,96
255,255,255,13,96
255,255,255,14,96
255,255,255,15,96
255,255,255,16,96
255,255,255,17,96
255,255,255,18,96
255,255,255,19,96
255,255,255,20,96
255,255,255,21,96
255,255,255,22,96
255,255,255,23,96
255,255,255,24,96
255,255,255,25,96
255,255,255,26,96
255,255,255,27,96
255,255,255,28,96
255,255,255,29,96
255,255,255,30,96
255,255,255,31,96
255,255,255,32,96
255,255,255,33,96
255,255,255,34,96
255,255,255,35,96
255,255,255,36,96
255,255,255,37,96
255,255,255,38,96
255,255,255,39,96
255,255,255,40,96
255,255,255,41,96
254,255,254,42,96
251,254,253,43,96
252,253,254,44,96
252,255,255,45,96
245,240,240,46,96
211,157,162,47,96
200,155,167,48,96
189,161,179,49,96
181,163,181,50,96
171,166,183,51,96
162,168,187,52,96
160,167,187,53,96
158,167,186,54,96
150,164,187,55,96
135,153,183,56,96
112,136,170,57,96
83,113,150,58,96
58,92,132,59,96
35,73,120,60,96
23,66,117,61,96
14,65,114,62,96
14,64,113,63,96
11,66,110,64,96
3,61,111,65,96
103,136,163,66,96
225,213,212,67,96
192,193,193,68,96
185,189,191,69,96
135,133,130,70,96
79,71,78,71,96
78,67,69,72,96
76,66,62,73,96
86,71,62,74,96
63,44,30,75,96
74,55,26,76,96
83,62,21,77,96
104,82,22,78,96
145,119,32,79,96
194,169,49,80,96
193,168,48,81,96
128,130,86,82,96
120,136,132,83,96
241,245,241,84,96
111,92,93,85,96
56,25,28,86,96
66,47,46,87,96
60,44,44,88,96
58,42,43,89,96
74,59,58,90,96
51,40,41,91,96
40,31,32,92,96
36,28,31,93,96
25,22,21,94,96
22,15,12,95,96
62,38,39,96,96
113,65,69,97,96
104,36,43,98,96
118,57,61,99,96
76,40,39,100,96
68,50,52,101,96
66,57,58,102,96
57,51,49,103,96
60,53,52,104,96
78,70,71,105,96
67,63,63,106,96
0,1,0,107,96
22,18,17,108,96
64,53,55,109,96
60,52,52,110,96
28,23,23,111,96
26,24,21,112,96
35,30,27,113,96
19,12,12,114,96
10,5,5,115,96
37,34,32,116,96
33,30,28,117,96
13,8,8,118,96
13,9,7,119,96
32,26,26,120,96
28,21,19,121,96
46,39,32,122,96
153,143,136,123,96
248,237,232,124,96
227,228,231,125,96
221,226,223,126,96
107,133,157,127,96
3,61,112,128,96
9,67,117,129,96
12,66,114,130,96
18,65,115,131,96
32,73,122,132,96
55,88,135,133,96
81,111,150,134,96
111,137,166,135,96
134,154,179,136,96
148,164,185,137,96
153,167,190,138,96
156,167,191,139,96
160,166,190,140,96
160,164,186,141,96
164,162,180,142,96
166,158,173,143,96
171,155,170,144,96
186,145,159,145,96
195,150,163,146,96
237,241,242,147,96
251,254,253,148,96
254,254,254,149,96
255,255,255,150,96
255,255,255,151,96
255,255,255,152,96
255,255,255,153,96
255,255,255,154,96
255,255,255,155,96
255,255,255,156,96
255,255,255,157,96
255,255,255,158,96
255,255,255,159,96
255,255,255,160,96
255,255,255,161,96
255,255,255,162,96
255,255,255,163,96
255,255,255,164,96
255,255,255,165,96
255,255,255,166,96
255,255,255,167,96
255,255,255,168,96
255,255,255,169,96
255,255,255,170,96
255,255,255,171,96
255,255,255,172,96
255,255,255,173,96
255,255,255,174,96
255,255,255,175,96
255,255,255,176,96
255,255,255,177,96
255,255,255,178,96
255,255,255,179,96
255,255,255,180,96
255,255,255,181,96
255,255,255,182,96
255,255,255,183,96
255,255,255,184,96
255,255,255,185,96
255,255,255,186,96
255,255,255,187,96
255,255,255,188,96
255,255,255,189,96
255,255,255,190,96
255,255,255,191,96
255,255,255,192,96
255,255,255,193,96
255,255,255,194,96
255,255,255,195,96
255,255,255,196,96
255,255,255,197,96
255,255,255,198,96
255,255,255,199,96
255,255,255,0,97
255,255,255,1,97
255,255,255,2,97
255,255,255,3,97
255,255,255,4,97
255,255,255,5,97
255,255,255,6,97
255,255,255,7,97
255,255,255,8,97
255,255,255,9,97
255,255,255,10,97
255,255,255,11,97
255,255,255,12,97
255,255,255,13,97
255,255,255,14,97
255,255,255,15,97
255,255,255,16,97
255,255,255,17,97
255,255,255,18,97
255,255,255,19,97
255,255,255,20,97
255,255,255,21,97
255,255,255,22,97
255,255,255,23,97
255,255,255,24,97
255,255,255,25,97
255,255,255,26,97
255,255,255,27,97
255,255,255,28,97
255,255,255,29,97
255,255,255,30,97
255,255,255,31,97
255,255,255,32,97
255,255,255,33,97
255,255,255,34,97
255,255,255,35,97
255,255,255,36,97
255,255,255,37,97
255,255,255,38,97
255,255,255,39,97
255,255,255,40,97
255,255,255,41,97
254,255,255,42,97
250,254,255,43,97
251,254,255,44,97
252,254,255,45,97
246,240,240,46,97
229,162,157,47,97
239,159,151,48,97
242,171,164,49,97
239,178,170,50,97
236,181,177,51,97
228,181,180,52,97
217,178,183,53,97
204,177,184,54,97
187,171,186,55,97
164,159,179,56,97
134,141,161,57,97
95,113,143,58,97
61,88,135,59,97
36,70,119,60,97
23,62,116,61,97
12,59,114,62,97
8,61,114,63,97
11,60,120,64,97
19,55,112,65,97
173,183,201,66,97
210,212,209,67,97
192,188,192,68,97
168,168,172,69,97
88,81,80,70,97
83,73,72,71,97
59,48,47,72,97
57,45,47,73,97
71,60,61,74,97
55,45,47,75,97
66,56,61,76,97
65,54,62,77,97
54,37,42,78,97
60,43,40,79,97
98,92,77,80,97
146,132,80,81,97
187,162,64,82,97
217,217,178,83,97
198,201,193,84,97
52,41,39,85,97
69,58,56,86,97
41,37,34,87,97
29,24,22,88,97
65,60,59,89,97
88,82,82,90,97
37,30,30,91,97
31,22,22,92,97
31,24,24,93,97
15,13,13,94,97
54,49,48,95,97
82,71,69,96,97
50,29,28,97,97
44,12,13,98,97
51,25,25,99,97
45,32,30,100,97
45,35,35,101,97
14,7,7,102,97
10,4,3,103,97
57,51,48,104,97
66,57,55,105,97
51,43,43,106,97
12,8,8,107,97
24,20,19,108,97
29,23,21,109,97
66,61,58,110,97
27,22,19,111,97
62,50,44,112,97
94,88,80,113,97
30,28,24,114,97
31,24,24,115,97
66,57,57,116,97
68,63,60,117,97
35,31,28,118,97
23,20,18,119,97
37,32,32,120,97
73,68,66,121,97
91,82,78,122,97
85,73,68,123,97
213,206,201,124,97
227,237,232,125,97
225,224,212,126,97
172,178,189,127,97
19,68,111,128,97
13,62,109,129,97
17,60,111,130,97
19,61,112,131,97
28,71,118,132,97
51,85,129,133,97
84,109,146,134,97
116,133,162,135,97
146,152,176,136,97
166,166,183,137,97
181,172,184,138,97
193,175,181,139,97
203,177,179,140,97
215,177,179,141,97
231,172,176,142,97
242,165,170,143,97
246,159,160,144,97
245,148,142,145,97
235,151,151,146,97
241,241,233,147,97
251,253,253,148,97
254,254,254,149,97
255,255,255,150,97
255,255,255,151,97
255,255,255,152,97
255,255,255,153,97
255,255,255,154,97
255,255,255,155,97
255,255,255,156,97
255,255,255,157,97
255,255,255,158,97
255,255,255,159,97
255,255,255,160,97
255,255,255,161,97
255,255,255,162,97
255,255,255,163,97
255,255,255,164,97
255,255,255,165,97
255,255,255,166,97
255,255,255,167,97
255,255,255,168,97
255,255,255,169,97
255,255,255,170,97
255,255,255,171,97
255,255,255,172,97
255,255,255,173,97
255,255,255,174,97
255,255,255,175,97
255,255,255,176,97
255,255,255,177,97
255,255,255,178,97
255,255,255,179,97
255,255,255,180,97
255,255,255,181,97
255,255,255,182,97
255,255,255,183,97
255,255,255,184,97
255,255,255,185,97
255,255,255,186,97
255,255,255,187,97
255,255,255,188,97
255,255,255,189,97
255,255,255,190,97
255,255,255,191,97
255,255,255,192,97
255,255,255,193,97
255,255,255,194,97
255,255,255,195,97
255,255,255,196,97
255,255,255,197,97
255,255,255,198,97
255,255,255,199,97
255,255,255,0,98
255,255,255,1,98
255,255,255,2,98
255,255,255,3,98
255,255,255,4,98
255,255,255,5,98
255,255,255,6,98
255,255,255,7,98
255,255,255,8,98
255,255,255,9,98
255,255,255,10,98
255,255,255,11,98
255,255,255,12,98
255,255,255,13,98
255,255,255,14,98
255,255,255,15,98
255,255,255,16,98
255,255,255,17,98
255,255,255,18,98
255,255,255,19,98
255,255,255,20,98
255,255,255,21,98
255,255,255,22,98
255,255,255,23,98
255,255,255,24,98
255,255,255,25,98
255,255,255,26,98
255,255,255,27,98
255,255,255,28,98
255,255,255,29,98
255,255,255,30,98
255,255,255,31,98
255,255,255,32,98
255,255,255,33,98
255,255,255,34,98
255,255,255,35,98
255,255,255,36,98
255,255,255,37,98
255,255,255,38,98
255,255,255,39,98
255,255,255,40,98
255,255,255,41,98
254,255,255,42,98
250,253,255,43,98
252,253,255,44,98
253,255,255,45,98
246,241,237,46,98
231,163,157,47,98
242,160,150,48,98
244,170,160,49,98
244,179,169,50,98
243,184,177,51,98
243,187,178,52,98
244,190,173,53,98
245,191,171,54,98
246,186,172,55,98
242,176,166,56,98
237,162,149,57,98
218,140,131,58,98
193,115,111,59,98
166,97,96,60,98
135,84,98,61,98
105,75,99,62,98
85,68,95,63,98
63,65,102,64,98
50,69,94,65,98
193,203,205,66,98
205,214,208,67,98
195,195,188,68,98
141,136,133,69,98
97,91,89,70,98
54,44,44,71,98
76,64,64,72,98
114,102,102,73,98
108,97,97,74,98
107,98,97,75,98
117,108,108,76,98
75,63,71,77,98
54,42,51,78,98
101,93,97,79,98
98,95,91,80,98
41,29,35,81,98
47,37,35,82,98
226,225,209,83,98
175,167,174,84,98
56,43,49,85,98
50,42,41,86,98
28,25,23,87,98
14,11,11,88,98
11,8,9,89,98
22,16,16,90,98
45,36,34,91,98
82,72,68,92,98
35,29,26,93,98
25,23,21,94,98
43,40,39,95,98
66,57,57,96,98
29,21,20,97,98
53,44,43,98,98
68,59,59,99,98
27,23,22,100,98
23,19,19,101,98
15,9,10,102,98
10,4,2,103,98
59,50,49,104,98
90,80,79,105,98
74,64,64,106,98
41,35,35,107,98
32,28,26,108,98
31,26,23,109,98
77,61,60,110,98
137,106,105,111,98
181,110,109,112,98
111,62,57,113,98
39,21,18,114,98
56,51,49,115,98
61,59,55,116,98
44,40,37,117,98
56,52,49,118,98
87,83,81,119,98
80,76,75,120,98
53,49,47,121,98
57,54,50,122,98
85,79,74,123,98
154,145,142,124,98
236,238,234,125,98
217,224,216,126,98
183,187,193,127,98
56,70,118,128,98
48,56,101,129,98
72,63,97,130,98
93,70,98,131,98
117,82,102,132,98
152,103,112,133,98
183,129,130,134,98
207,149,148,135,98
228,170,163,136,98
236,181,170,137,98
245,181,174,138,98
248,180,177,139,98
247,179,175,140,98
247,178,170,141,98
246,173,163,142,98
243,168,158,143,98
236,162,154,144,98
232,150,142,145,98
230,150,153,146,98
243,240,236,147,98
251,253,254,148,98
253,254,254,149,98
255,255,255,150,98
255,255,255,151,98
255,255,255,152,98
255,255,255,153,98
255,255,255,154,98
255,255,255,155,98
255,255,255,156,98
255,255,255,157,98
255,255,255,158,98
255,255,255,159,98
255,255,255,160,98
255,255,255,161,98
255,255,255,162,98
255,255,255,163,98
255,255,255,164,98
255,255,255,165,98
255,255,255,166,98
255,255,255,167,98
255,255,255,168,98
255,255,255,169,98
255,255,255,170,98
255,255,255,171,98
255,255,255,172,98
255,255,255,173,98
255,255,255,174,98
255,255,255,175,98
255,255,255,176,98
255,255,255,177,98
255,255,255,178,98
255,255,255,179,98
255,255,255,180,98
255,255,255,181,98
255,255,255,182,98
255,255,255,183,98
255,255,255,184,98
255,255,255,185,98
255,255,255,186,98
255,255,255,187,98
255,255,255,188,98
255,255,255,189,98
255,255,255,190,98
255,255,255,191,98
255,255,255,192,98
255,255,255,193,98
255,255,255,194,98
255,255,255,195,98
255,255,255,196,98
255,255,255,197,98
255,255,255,198,98
255,255,255,199,98
255,255,255,0,99
255,255,255,1,99
255,255,255,2,99
255,255,255,3,99
255,255,255,4,99
255,255,255,5,99
255,255,255,6,99
255,255,255,7,99
255,255,255,8,99
255,255,255,9,99
255,255,255,10,99
255,255,255,11,99
255,255,255,12,99
255,255,255,13,99
255,255,255,14,99
255,255,255,15,99
255,255,255,16,99
255,255,255,17,99
255,255,255,18,99
255,255,255,19,99
255,255,255,20,99
255,255,255,21,99
255,255,255,22,99
255,255,255,23,99
255,255,255,24,99
255,255,255,25,99
255,255,255,26,99
255,255,255,27,99
255,255,255,28,99
255,255,255,29,99
255,255,255,30,99
255,255,255,31,99
255,255,255,32,99
255,255,255,33,99
255,255,255,34,99
255,255,255,35,99
255,255,255,36,99
255,255,255,37,99
255,255,255,38,99
255,255,255,39,99
255,255,255,40,99
255,255,255,41,99
254,254,255,42,99
251,253,255,43,99
252,253,255,44,99
252,255,255,45,99
245,241,234,46,99
235,166,158,47,99
244,164,155,48,99
247,173,164,49,99
248,179,170,50,99
249,182,172,51,99
249,185,175,52,99
249,187,176,53,99
249,187,177,54,99
249,183,174,55,99
250,175,162,56,99
245,164,142,57,99
243,145,124,58,99
246,126,104,59,99
248,111,90,60,99
250,101,81,61,99
245,101,78,62,99
240,100,76,63,99
226,97,77,64,99
205,90,77,65,99
224,194,185,66,99
216,225,225,67,99
199,195,201,68,99
126,124,122,69,99
50,44,40,70,99
19,13,12,71,99
51,42,40,72,99
80,69,66,73,99
69,58,57,74,99
62,52,51,75,99
50,40,39,76,99
70,59,59,77,99
35,26,25,78,99
54,47,46,79,99
81,67,79,80,99
54,42,51,81,99
4,6,5,82,99
177,173,176,83,99
92,91,88,84,99
12,6,5,85,99
20,9,8,86,99
58,50,50,87,99
43,37,39,88,99
52,46,47,89,99
90,81,83,90,99
75,64,63,91,99
112,100,95,92,99
18,12,10,93,99
15,13,11,94,99
50,47,45,95,99
15,8,8,96,99
16,11,9,97,99
73,68,65,98,99
118,112,110,99,99
22,15,15,100,99
7,3,3,101,99
14,9,10,102,99
24,16,14,103,99
36,27,25,104,99
30,19,19,105,99
39,29,29,106,99
28,22,22,107,99
21,17,15,108,99
65,58,54,109,99
132,110,105,110,99
182,137,135,111,99
144,70,71,112,99
78,25,23,113,99
56,27,25,114,99
82,70,67,115,99
64,54,54,116,99
59,52,51,117,99
20,14,14,118,99
53,47,48,119,99
20,16,17,120,99
35,33,33,121,99
57,58,53,122,99
73,73,68,123,99
136,126,124,124,99
234,228,228,125,99
204,216,224,126,99
176,168,163,127,99
198,92,75,128,99
215,90,74,129,99
224,93,77,130,99
230,97,78,131,99
238,105,85,132,99
241,118,97,133,99
245,135,114,134,99
247,152,137,135,99
248,169,158,136,99
247,176,170,137,99
248,179,173,138,99
244,180,174,139,99
243,178,172,140,99
244,176,169,141,99
242,172,165,142,99
239,166,161,143,99
239,156,154,144,99
239,144,140,145,99
231,148,146,146,99
244,240,230,147,99
252,253,249,148,99
253,254,251,149,99
255,255,255,150,99
255,255,255,151,99
255,255,255,152,99
255,255,255,153,99
255,255,255,154,99
255,255,255,155,99
255,255,255,156,99
255,255,255,157,99
255,255,255,158,99
255,255,255,159,99
255,255,255,160,99
255,255,255,161,99
255,255,255,162,99
255,255,255,163,99
255,255,255,164,99
255,255,255,165,99
255,255,255,166,99
255,255,255,167,99
255,255,255,168,99
255,255,255,169,99
255,255,255,170,99
255,255,255,171,99
255,255,255,172,99
255,255,255,173,99
255,255,255,174,99
255,255,255,175,99
255,255,255,176,99
255,255,255,177,99
255,255,255,178,99
255,255,255,179,99
255,255,255,180,99
255,255,255,181,99
255,255,255,182,99
255,255,255,183,99
255,255,255,184,99
255,255,255,185,99
255,255,255,186,99
255,255,255,187,99
255,255,255,188,99
255,255,255,189,99
255,255,255,190,99
255,255,255,191,99
255,255,255,192,99
255,255,255,193,99
255,255,255,194,99
255,255,255,195,99
255,255,255,196,99
255,255,255,197,99
255,255,255,198,99
255,255,255,199,99
255,255,255,0,100
255,255,255,1,100
255,255,255,2,100
255,255,255,3,100
255,255,255,4,100
255,255,255,5,100
255,255,255,6,100
255,255,255,7,100
255,255,255,8,100
255,255,255,9,100
255,255,255,10,100
255,255,255,11,100
255,255,255,12,100
255,255,255,13,100
255,255,255,14,100
255,255,255,15,100
255,255,255,16,100
255,255,255,17,100
255,255,255,18,100
255,255,255,19,100
255,255,255,20,100
255,255,255,21,100
255,255,255,22,100
255,255,255,23,100
255,255,255,24,100
255,255,255,25,100
255,255,255,26,100
255,255,255,27,100
255,255,255,28,100
255,255,255,29,100
255,255,255,30,100
255,255,255,31,100
255,255,255,32,100
255,255,255,33,100
255,255,255,34,100
255,255,255,35,100
255,255,255,36,100
255,255,255,37,100
255,255,255,38,100
255,255,255,39,100
255,255,255,40,100
255,255,255,41,100
254,255,255,42,100
250,254,255,43,100
252,253,254,44,100
252,255,254,45,100
245,242,234,46,100
235,168,159,47,100
246,167,153,48,100
246,176,161,49,100
246,183,167,50,100
247,186,173,51,100
247,186,176,52,100
249,188,178,53,100
249,188,178,54,100
250,183,174,55,100
248,176,163,56,100
244,164,140,57,100
242,145,122,58,100
240,126,104,59,100
240,111,85,60,100
243,100,74,61,100
241,100,69,62,100
237,100,67,63,100
235,97,69,64,100
235,89,61,65,100
225,149,136,66,100
233,241,245,67,100
214,208,220,68,100
160,157,156,69,100
77,73,72,70,100
57,53,51,71,100
64,58,54,72,100
43,33,28,73,100
44,36,33,74,100
24,16,14,75,100
25,15,14,76,100
46,36,35,77,100
59,52,50,78,100
67,60,60,79,100
85,73,78,80,100
41,36,29,81,100
9,7,8,82,100
25,18,23,83,100
58,54,50,84,100
71,65,61,85,100
54,45,43,86,100
82,73,72,87,100
81,74,74,88,100
18,12,12,89,100
43,35,35,90,100
71,59,58,91,100
40,28,24,92,100
10,3,2,93,100
9,7,5,94,100
31,27,25,95,100
35,26,24,96,100
19,12,9,97,100
31,23,21,98,100
24,15,14,99,100
14,6,5,100,100
18,14,13,101,100
59,53,52,102,100
88,82,81,103,100
84,76,77,104,100
66,57,57,105,100
68,59,57,106,100
45,37,37,107,100
38,34,32,108,100
66,61,57,109,100
39,28,23,110,100
59,42,38,111,100
71,46,45,112,100
56,40,37,113,100
59,52,49,114,100
55,47,47,115,100
60,47,51,116,100
45,39,40,117,100
7,3,2,118,100
52,48,47,119,100
52,49,48,120,100
14,13,12,121,100
34,31,30,122,100
56,54,49,123,100
154,154,150,124,100
220,222,216,125,100
187,187,195,126,100
186,135,125,127,100
227,90,66,128,100
237,88,65,129,100
239,90,65,130,100
234,94,66,131,100
233,101,74,132,100
239,113,95,133,100
244,132,117,134,100
247,149,139,135,100
245,166,156,136,100
245,176,162,137,100
245,179,168,138,100
243,179,172,139,100
241,178,170,140,100
241,175,167,141,100
239,170,164,142,100
237,165,160,143,100
233,158,152,144,100
234,145,137,145,100
229,148,142,146,100
244,240,230,147,100
251,253,250,148,100
253,254,252,149,100
255,255,255,150,100
255,255,255,151,100
255,255,255,152,100
255,255,255,153,100
255,255,255,154,100
255,255,255,155,100
255,255,255,156,100
255,255,255,157,100
255,255,255,158,100
255,255,255,159,100
255,255,255,160,100
255,255,255,161,100
255,255,255,162,100
255,255,255,163,100
255,255,255,164,100
255,255,255,165,100
255,255,255,166,100
255,255,255,167,100
255,255,255,168,100
255,255,255,169,100
255,255,255,170,100
255,255,255,171,100
255,255,255,172,100
255,255,255,173,100
255,255,255,174,100
255,255,255,175,100
255,255,255,176,100
255,255,255,177,100
255,255,255,178,100
255,255,255,179,100
255,255,255,180,100
255,255,255,181,100
255,255,255,182,100
255,255,255,183,100
255,255,255,184,100
255,255,255,185,100
255,255,255,186,100
255,255,255,187,100
255,255,255,188,100
255,255,255,189,100
255,255,255,190,100
255,255,255,191,100
255,255,255,192,100
255,255,255,193,100
255,255,255,194,100
255,255,255,195,100
255,255,255,196,100
255,255,255,197,100
255,255,255,198,100
255,255,255,199,100
255,255,255,0,101
255,255,255,1,101
255,255,255,2,101
255,255,255,3,101
255,255,255,4,101
255,255,255,5,101
255,255,255,6,101
255,255,255,7,101
255,255,255,8,101
255,255,255,9,101
255,255,255,10,101
255,255,255,11,101
255,255,255,12,101
255,255,255,13,101
255,255,255,14,101
255,255,255,15,101
255,255,255,16,101
255,255,255,17,101
255,255,255,18,101
255,255,255,19,101
255,255,255,20,101
255,255,255,21,101
255,255,255,22,101
255,255,255,23,101
255,255,255,24,101
255,255,255,25,101
255,255,255,26,101
255,255,255,27,101
255,255,255,28,101
255,255,255,29,101
255,255,255,30,101
255,255,255,31,101
255,255,255,32,101
255,255,255,33,101
255,255,255,34,101
255,255,255,35,101
255,255,255,36,101
255,255,255,37,101
255,255,255,38,101
255,255,255,39,101
255,255,255,40,101
255,255,255,41,101
254,254,255,42,101
251,253,255,43,101
252,254,252,44,101
251,254,251,45,101
246,243,234,46,101
236,169,159,47,101
246,168,160,48,101
248,175,167,49,101
250,181,172,50,101
250,185,175,51,101
248,187,175,52,101
247,189,175,53,101
248,189,176,54,101
249,184,173,55,101
246,178,163,56,101
246,162,144,57,101
245,143,121,58,101
241,126,100,59,101
242,112,84,60,101
242,100,77,61,101
240,98,74,62,101
242,95,77,63,101
236,92,76,64,101
237,89,64,65,101
223,93,70,66,101
230,201,186,67,101
233,244,236,68,101
209,205,204,69,101
109,104,104,70,101
53,46,46,71,101
71,64,63,72,101
68,58,57,73,101
60,53,51,74,101
58,50,48,75,101
77,69,67,76,101
73,64,62,77,101
68,61,57,78,101
98,89,89,79,101
76,64,63,80,101
43,33,29,81,101
55,38,41,82,101
39,26,27,83,101
37,26,24,84,101
37,24,24,85,101
36,28,26,86,101
27,22,19,87,101
26,20,18,88,101
35,28,25,89,101
55,45,44,90,101
60,40,41,91,101
42,21,23,92,101
33,25,26,93,101
35,34,35,94,101
66,60,61,95,101
68,56,57,96,101
48,40,38,97,101
51,42,41,98,101
47,33,34,99,101
54,45,44,100,101
56,52,52,101,101
49,44,44,102,101
45,39,39,103,101
77,71,71,104,101
41,35,35,105,101
68,61,60,106,101
25,19,19,107,101
23,19,18,108,101
52,48,47,109,101
33,28,27,110,101
46,41,41,111,101
37,30,32,112,101
66,60,61,113,101
45,43,43,114,101
19,20,20,115,101
5,5,7,116,101
10,9,9,117,101
22,18,17,118,101
37,32,31,119,101
24,21,20,120,101
11,11,8,121,101
10,6,9,122,101
65,62,60,123,101
182,186,183,124,101
189,198,199,125,101
183,161,152,126,101
213,102,84,127,101
237,85,64,128,101
237,87,66,129,101
237,89,69,130,101
235,93,72,131,101
234,100,78,132,101
239,114,95,133,101
241,133,113,134,101
243,151,138,135,101
240,166,159,136,101
242,177,168,137,101
243,179,171,138,101
244,178,172,139,101
243,177,169,140,101
242,174,164,141,101
242,168,160,142,101
241,163,158,143,101
236,155,151,144,101
235,142,137,145,101
229,145,146,146,101
246,239,237,147,101
252,253,255,148,101
253,255,254,149,101
255,255,255,150,101
255,255,255,151,101
255,255,255,152,101
255,255,255,153,101
255,255,255,154,101
255,255,255,155,101
255,255,255,156,101
255,255,255,157,101
255,255,255,158,101
255,255,255,159,101
255,255,255,160,101
255,255,255,161,101
255,255,255,162,101
255,255,255,163,101
255,255,255,164,101
255,255,255,165,101
255,255,255,166,101
255,255,255,167,101
255,255,255,168,101
255,255,255,169,101
255,255,255,170,101
255,255,255,171,101
255,255,255,172,101
255,255,255,173,101
255,255,255,174,101
255,255,255,175,101
255,255,255,176,101
255,255,255,177,101
255,255,255,178,101
255,255,255,179,101
255,255,255,180,101
255,255,255,181,101
255,255,255,182,101
255,255,255,183,101
255,255,255,184,101
255,255,255,185,101
255,255,255,186,101
255,255,255,187,101
255,255,255,188,101
255,255,255,189,101
255,255,255,190,101
255,255,255,191,101
255,255,255,192,101
255,255,255,193,101
255,255,255,194,101
255,255,255,195,101
255,255,255,196,101
255,255,255,197,101
255,255,255,198,101
255,255,255,199,101
255,255,255,0,102
255,255,255,1,102
255,255,255,2,102
255,255,255,3,102
255,255,255,4,102
255,255,255,5,102
255,255,255,6,102
255,255,255,7,102
255,255,255,8,102
255,255,255,9,102
255,255,255,10,102
255,255,255,11,102
255,255,255,12,102
255,255,255,13,102
255,255,255,14,102
255,255,255,15,102
255,255,255,16,102
255,255,255,17,102
255,255,255,18,102
255,255,255,19,102
255,255,255,20,102
255,255,255,21,102
255,255,255,22,102
255,255,255,23,102
255,255,255,24,102
255,255,255,25,102
255,255,255,26,102
255,255,255,27,102
255,255,255,28,102
255,255,255,29,102
255,255,255,30,102
255,255,255,31,102
255,255,255,32,102
255,255,255,33,102
255,255,255,34,102
255,255,255,35,102
255,255,255,36,102
255,255,255,37,102
255,255,255,38,102
255,255,255,39,102
255,255,255,40,102
255,255,255,41,102
254,254,255,42,102
252,253,255,43,102
252,254,251,44,102
251,254,249,45,102
247,243,236,46,102
238,171,159,47,102
247,170,158,48,102
250,176,167,49,102
250,182,173,50,102
248,185,175,51,102
248,188,175,52,102
248,190,176,53,102
248,189,175,54,102
250,183,172,55,102
248,176,164,56,102
247,161,144,57,102
247,142,122,58,102
244,125,103,59,102
244,111,87,60,102
241,100,77,61,102
238,97,73,62,102
240,93,71,63,102
236,91,68,64,102
237,85,63,65,102
222,80,59,66,102
206,95,90,67,102
235,213,207,68,102
240,247,244,69,102
221,219,222,70,102
157,156,156,71,102
70,67,66,72,102
13,11,9,73,102
29,22,20,74,102
76,66,66,75,102
87,77,77,76,102
56,43,42,77,102
30,13,13,78,102
69,44,44,79,102
150,113,115,80,102
195,135,140,81,102
130,70,75,82,102
70,31,31,83,102
42,27,24,84,102
49,39,37,85,102
34,28,25,86,102
38,33,31,87,102
68,63,60,88,102
43,38,35,89,102
59,57,53,90,102
53,48,46,91,102
37,30,28,92,102
35,36,30,93,102
56,50,41,94,102
97,76,67,95,102
73,53,50,96,102
46,34,33,97,102
34,26,24,98,102
39,28,27,99,102
74,64,63,100,102
59,54,54,101,102
44,38,37,102,102
5,0,0,103,102
23,18,17,104,102
55,49,49,105,102
34,28,28,106,102
42,37,37,107,102
48,45,44,108,102
57,51,51,109,102
54,43,44,110,102
33,23,24,111,102
12,2,4,112,102
37,31,29,113,102
54,50,48,114,102
15,12,13,115,102
13,12,13,116,102
26,22,23,117,102
55,49,49,118,102
64,58,59,119,102
5,2,2,120,102
20,20,19,121,102
101,99,99,122,102
193,188,194,123,102
194,197,192,124,102
178,170,166,125,102
207,108,108,126,102
223,86,64,127,102
234,87,64,128,102
234,89,65,129,102
235,90,67,130,102
236,92,72,131,102
236,100,81,132,102
239,112,94,133,102
241,131,110,134,102
244,150,137,135,102
241,166,157,136,102
243,176,166,137,102
245,178,172,138,102
245,178,173,139,102
243,175,169,140,102
242,173,167,141,102
241,168,162,142,102
240,163,159,143,102
237,154,150,144,102
234,142,135,145,102
229,146,145,146,102
245,240,236,147,102
253,253,255,148,102
253,255,254,149,102
255,255,255,150,102
255,255,255,151,102
255,255,255,152,102
255,255,255,153,102
255,255,255,154,102
255,255,255,155,102
255,255,255,156,102
255,255,255,157,102
255,255,255,158,102
255,255,255,159,102
255,255,255,160,102
255,255,255,161,102
255,255,255,162,102
255,255,255,163,102
255,255,255,164,102
255,255,255,165,102
255,255,255,166,102
255,255,255,167,102
255,255,255,168,102
255,255,255,169,102
255,255,255,170,102
255,255,255,171,102
255,255,255,172,102
255,255,255,173,102
255,255,255,174,102
255,255,255,175,102
255,255,255,176,102
255,255,255,177,102
255,255,255,178,102
255,255,255,179,102
255,255,255,180,102
255,255,255,181,102
255,255,255,182,102
255,255,255,183,102
255,255,255,184,102
255,255,255,185,102
255,255,255,186,102
255,255,255,187,102
255,255,255,188,102
255,255,255,189,102
255,255,255,190,102
255,255,255,191,102
255,255,255,192,102
255,255,255,193,102
255,255,255,194,102
255,255,255,195,102
255,255,255,196,102
255,255,255,197,102
255,255,255,198,102
255,255,255,199,102
255,255,255,0,103
255,255,255,1,103
255,255,255,2,103
255,255,255,3,103
255,255,255,4,103
255,255,255,5,103
255,255,255,6,103
255,255,255,7,103
255,255,255,8,103
255,255,255,9,103
255,255,255,10,103
255,255,255,11,103
255,255,255,12,103
255,255,255,13,103
255,255,255,14,103
255,255,255,15,103
255,255,255,16,103
255,255,255,17,103
255,255,255,18,103
255,255,255,19,103
255,255,255,20,103
255,255,255,21,103
255,255,255,22,103
255,255,255,23,103
255,255,255,24,103
255,255,255,25,103
255,255,255,26,103
255,255,255,27,103
255,255,255,28,103
255,255,255,29,103
255,255,255,30,103
255,255,255,31,103
255,255,255,32,103
255,255,255,33,103
255,255,255,34,103
255,255,255,35,103
255,255,255,36,103
255,255,255,37,103
255,255,255,38,103
255,255,255,39,103
255,255,255,40,103
255,255,255,41,103
254,254,255,42,103
252,253,254,43,103
253,254,251,44,103
252,254,249,45,103
247,243,236,46,103
237,173,162,47,103
249,171,160,48,103
250,176,167,49,103
250,182,173,50,103
247,186,175,51,103
247,188,175,52,103
249,189,176,53,103
247,189,177,54,103
249,184,173,55,103
248,177,165,56,103
246,161,145,57,103
246,142,123,58,103
245,124,103,59,103
245,110,87,60,103
240,99,77,61,103
236,95,71,62,103
239,89,67,63,103
239,85,65,64,103
235,82,62,65,103
217,78,59,66,103
182,61,49,67,103
201,91,87,68,103
234,219,210,69,103
245,250,252,70,103
235,239,238,71,103
195,195,194,72,103
87,93,89,73,103
34,25,25,74,103
25,15,15,75,103
35,24,23,76,103
29,14,14,77,103
59,39,40,78,103
106,68,71,79,103
117,67,70,80,103
102,54,50,81,103
73,34,28,82,103
61,41,36,83,103
60,54,50,84,103
65,60,57,85,103
39,33,31,86,103
37,30,28,87,103
68,62,59,88,103
69,63,61,89,103
41,36,33,90,103
20,14,14,91,103
11,4,4,92,103
84,63,59,93,103
164,115,102,94,103
147,72,60,95,103
83,26,21,96,103
59,29,30,97,103
45,33,31,98,103
42,33,31,99,103
63,53,51,100,103
61,52,51,101,103
34,26,24,102,103
37,30,28,103,103
62,54,53,104,103
75,66,67,105,103
56,48,48,106,103
28,22,22,107,103
13,8,8,108,103
52,45,45,109,103
63,54,55,110,103
47,38,40,111,103
42,34,34,112,103
40,34,31,113,103
51,48,45,114,103
16,13,12,115,103
6,4,1,116,103
9,5,3,117,103
42,36,36,118,103
81,76,77,119,103
81,79,80,120,103
162,164,163,121,103
205,204,203,122,103
193,187,198,123,103
172,167,162,124,103
204,107,93,125,103
230,80,71,126,103
235,85,63,127,103
236,87,62,128,103
234,89,65,129,103
234,90,66,130,103
234,92,70,131,103
236,99,79,132,103
237,111,92,133,103
240,131,111,134,103
243,149,138,135,103
241,164,156,136,103
242,174,166,137,103
244,177,170,138,103
243,176,170,139,103
241,174,168,140,103
240,171,167,141,103
239,166,161,142,103
239,160,157,143,103
236,152,150,144,103
235,140,135,145,103
228,146,144,146,103
245,240,236,147,103
254,253,255,148,103
253,255,255,149,103
255,255,255,150,103
255,255,255,151,103
255,255,255,152,103
255,255,255,153,103
255,255,255,154,103
255,255,255,155,103
255,255,255,156,103
255,255,255,157,103
255,255,255,158,103
255,255,255,159,103
255,255,255,160,103
255,255,255,161,103
255,255,255,162,103
255,255,255,163,103
255,255,255,164,103
255,255,255,165,103
255,255,255,166,103
255,255,255,167,103
255,255,255,168,103
255,255,255,169,103
255,255,255,170,103
255,255,255,171,103
255,255,255,172,103
255,255,255,173,103
255,255,255,174,103
255,255,255,175,103
255,255,255,176,103
255,255,255,177,103
255,255,255,178,103
255,255,255,179,103
255,255,255,180,103
255,255,255,181,103
255,255,255,182,103
255,255,255,183,103
255,255,255,184,103
255,255,255,185,103
255,255,255,186,103
255,255,255,187,103
255,255,255,188,103
255,255,255,189,103
255,255,255,190,103
255,255,255,191,103
255,255,255,192,103
255,255,255,193,103
255,255,255,194,103
255,255,255,195,103
255,255,255,196,103
255,255,255,197,103
255,255,255,198,103
255,255,255,199,103
255,255,255,0,104
255,255,255,1,104
255,255,255,2,104
255,255,255,3,104
255,255,255,4,104
255,255,255,5,104
255,255,255,6,104
255,255,255,7,104
255,255,255,8,104
255,255,255,9,104
255,255,255,10,104
255,255,255,11,104
255,255,255,12,104
255,255,255,13,104
255,255,255,14,104
255,255,255,15,104
255,255,255,16,104
255,255,255,17,104
255,255,255,18,104
255,255,255,19,104
255,255,255,20,104
255,255,255,21,104
255,255,255,22,104
255,255,255,23,104
255,255,255,24,104
255,255,255,25,104
255,255,255,26,104
255,255,255,27,104
255,255,255,28,104
255,255,255,29,104
255,255,255,30,104
255,255,255,31,104
255,255,255,32,104
255,255,255,33,104
255,255,255,34,104
255,255,255,35,104
255,255,255,36,104
255,255,255,37,104
255,255,255,38,104
255,255,255,39,104
255,255,255,40,104
255,255,255,41,104
254,254,254,42,104
252,254,253,43,104
253,254,252,44,104
253,254,251,45,104
248,244,238,46,104
238,174,163,47,104
247,169,158,48,104
249,176,167,49,104
250,182,173,50,104
247,185,175,51,104
247,188,175,52,104
249,189,176,53,104
247,188,177,54,104
248,184,173,55,104
247,177,164,56,104
245,160,144,57,104
247,141,122,58,104
245,123,103,59,104
244,108,84,60,104
240,98,75,61,104
236,94,69,62,104
238,86,64,63,104
231,85,62,64,104
231,80,60,65,104
224,75,60,66,104
190,64,47,67,104
189,53,41,68,104
213,137,129,69,104
229,235,230,70,104
243,242,243,71,104
247,251,250,72,104
240,248,244,73,104
214,205,206,74,104
152,143,143,75,104
86,78,77,76,104
64,55,54,77,104
84,74,73,78,104
66,54,51,79,104
44,30,25,80,104
37,21,16,81,104
58,40,36,82,104
55,49,45,83,104
19,18,16,84,104
25,20,18,85,104
39,31,29,86,104
46,36,35,87,104
29,19,18,88,104
60,51,50,89,104
68,59,59,90,104
42,34,35,91,104
30,20,20,92,104
134,97,96,93,104
219,148,139,94,104
201,109,99,95,104
116,28,29,96,104
72,18,24,97,104
67,49,47,98,104
72,62,59,99,104
53,42,40,100,104
43,32,32,101,104
58,48,47,102,104
71,62,60,103,104
25,16,14,104,104
12,2,1,105,104
30,21,20,106,104
58,50,51,107,104
32,23,24,108,104
24,15,16,109,104
20,12,12,110,104
42,33,34,111,104
62,55,55,112,104
46,41,40,113,104
8,4,2,114,104
13,9,6,115,104
33,29,26,116,104
66,62,59,117,104
123,118,118,118,104
169,168,167,119,104
206,207,206,120,104
196,199,198,121,104
169,177,174,122,104
151,163,163,123,104
191,119,115,124,104
236,78,57,125,104
238,83,60,126,104
234,87,64,127,104
234,86,63,128,104
234,88,64,129,104
234,90,66,130,104
233,92,69,131,104
235,98,77,132,104
235,108,90,133,104
238,129,109,134,104
242,146,136,135,104
240,162,155,136,104
241,172,165,137,104
243,176,169,138,104
241,174,168,139,104
239,173,168,140,104
239,169,166,141,104
239,167,161,142,104
239,161,157,143,104
235,153,148,144,104
234,141,135,145,104
228,145,145,146,104
245,240,236,147,104
253,252,255,148,104
253,255,254,149,104
255,255,255,150,104
255,255,255,151,104
255,255,255,152,104
255,255,255,153,104
255,255,255,154,104
255,255,255,155,104
255,255,255,156,104
255,255,255,157,104
255,255,255,158,104
255,255,255,159,104
255,255,255,160,104
255,255,255,161,104
255,255,255,162,104
255,255,255,163,104
255,255,255,164,104
255,255,255,165,104
255,255,255,166,104
255,255,255,167,104
255,255,255,168,104
255,255,255,169,104
255,255,255,170,104
255,255,255,171,104
255,255,255,172,104
255,255,255,173,104
255,255,255,174,104
255,255,255,175,104
255,255,255,176,104
255,255,255,177,104
255,255,255,178,104
255,255,255,179,104
255,255,255,180,104
255,255,255,181,104
255,255,255,182,104
255,255,255,183,104
255,255,255,184,104
255,255,255,185,104
255,255,255,186,104
255,255,255,187,104
255,255,255,188,104
255,255,255,189,104
255,255,255,190,104
255,255,255,191,104
255,255,255,192,104
255,255,255,193,104
255,255,255,194,104
255,255,255,195,104
255,255,255,196,104
255,255,255,197,104
255,255,255,198,104
255,255,255,199,104
255,255,255,0,105
255,255,255,1,105
255,255,255,2,105
255,255,255,3,105
255,255,255,4,105
255,255,255,5,105
255,255,255,6,105
255,255,255,7,105
255,255,255,8,105
255,255,255,9,105
255,255,255,10,105
255,255,255,11,105
255,255,255,12,105
255,255,255,13,105
255,255,255,14,105
255,255,255,15,105
255,255,255,16,105
255,255,255,17,105
255,255,255,18,105
255,255,255,19,105
255,255,255,20,105
255,255,255,21,105
255,255,255,22,105
255,255,255,23,105
255,255,255,24,105
255,255,255,25,105
255,255,255,26,105
255,255,255,27,105
255,255,255,28,105
255,255,255,29,105
255,255,255,30,105
255,255,255,31,105
255,255,255,32,105
255,255,255,33,105
255,255,255,34,105
255,255,255,35,105
255,255,255,36,105
255,255,255,37,105
255,255,255,38,105
255,255,255,39,105
255,255,255,40,105
255,255,255,41,105
254,254,255,42,105
251,254,254,43,105
252,254,251,44,105
252,255,251,45,105
248,244,237,46,105
237,174,162,47,105
247,169,157,48,105
249,176,166,49,105
250,182,172,50,105
248,185,175,51,105
247,188,174,52,105
248,190,175,53,105
247,188,176,54,105
248,184,172,55,105
247,177,164,56,105
245,160,144,57,105
246,141,122,58,105
243,123,102,59,105
242,106,82,60,105
238,95,72,61,105
236,92,67,62,105
233,86,63,63,105
226,83,61,64,105
225,77,57,65,105
231,67,55,66,105
214,63,53,67,105
187,51,40,68,105
194,76,69,69,105
231,207,199,70,105
227,231,229,71,105
235,231,229,72,105
238,244,240,73,105
252,249,251,74,105
255,253,254,75,105
244,243,243,76,105
220,220,218,77,105
195,195,194,78,105
118,118,116,79,105
65,67,63,80,105
61,49,49,81,105
62,44,47,82,105
77,64,64,83,105
37,31,28,84,105
22,16,14,85,105
24,15,14,86,105
41,30,30,87,105
42,30,29,88,105
40,30,29,89,105
48,43,43,90,105
46,46,42,91,105
13,11,9,92,105
67,40,39,93,105
157,107,99,94,105
170,112,99,95,105
125,61,52,96,105
79,41,39,97,105
67,53,50,98,105
63,53,49,99,105
43,32,30,100,105
28,18,16,101,105
21,11,9,102,105
46,36,34,103,105
54,44,43,104,105
66,57,56,105,105
82,72,71,106,105
81,74,74,107,105
28,23,23,108,105
35,30,30,109,105
61,54,54,110,105
56,51,51,111,105
32,29,29,112,105
58,57,57,113,105
92,91,90,114,105
121,120,116,115,105
173,172,168,116,105
204,204,200,117,105
207,208,207,118,105
193,195,194,119,105
175,177,177,120,105
159,161,162,121,105
147,156,158,122,105
168,142,137,123,105
222,90,75,124,105
236,80,57,125,105
236,84,59,126,105
233,87,65,127,105
233,87,65,128,105
234,88,64,129,105
233,89,65,130,105
231,90,68,131,105
233,96,77,132,105
234,107,91,133,105
237,126,111,134,105
240,144,135,135,105
240,161,155,136,105
240,170,166,137,105
241,175,169,138,105
241,174,168,139,105
239,171,168,140,105
239,169,165,141,105
237,166,160,142,105
237,160,158,143,105
234,153,149,144,105
233,140,134,145,105
228,145,144,146,105
245,240,236,147,105
253,252,255,148,105
253,255,254,149,105
255,255,255,150,105
255,255,255,151,105
255,255,255,152,105
255,255,255,153,105
255,255,255,154,105
255,255,255,155,105
255,255,255,156,105
255,255,255,157,105
255,255,255,158,105
255,255,255,159,105
255,255,255,160,105
255,255,255,161,105
255,255,255,162,105
255,255,255,163,105
255,255,255,164,105
255,255,255,165,105
255,255,255,166,105
255,255,255,167,105
255,255,255,168,105
255,255,255,169,105
255,255,255,170,105
255,255,255,171,105
255,255,255,172,105
255,255,255,173,105
255,255,255,174,105
255,255,255,175,105
255,255,255,176,105
255,255,255,177,105
255,255,255,178,105
255,255,255,179,105
255,255,255,180,105
255,255,255,181,105
255,255,255,182,105
255,255,255,183,105
255,255,255,184,105
255,255,255,185,105
255,255,255,186,105
255,255,255,187,105
255,255,255,188,105
255,255,255,189,105
255,255,255,190,105
255,255,255,191,105
255,255,255,192,105
255,255,255,193,105
255,255,255,194,105
255,255,255,195,105
255,255,255,196,105
255,255,255,197,105
255,255,255,198,105
255,255,255,199,105
255,255,255,0,106
255,255,255,1,106
255,255,255,2,106
255,255,255,3,106
255,255,255,4,106
255,255,255,5,106
255,255,255,6,106
255,255,255,7,106
255,255,255,8,106
255,255,255,9,106
255,255,255,10,106
255,255,255,11,106
255,255,255,12,106
255,255,255,13,106
255,255,255,14,106
255,255,255,15,106
255,255,255,16,106
255,255,255,17,106
255,255,255,18,106
255,255,255,19,106
255,255,255,20,106
255,255,255,21,106
255,255,255,22,106
255,255,255,23,106
255,255,255,24,106
255,255,255,25,106
255,255,255,26,106
255,255,255,27,106
255,255,255,28,106
255,255,255,29,106
255,255,255,30,106
255,255,255,31,106
255,255,255,32,106
255,255,255,33,106
255,255,255,34,106
255,255,255,35,106
255,255,255,36,106
255,255,255,37,106
255,255,255,38,106
255,255,255,39,106
255,255,255,40,106
255,255,255,41,106
254,255,254,42,106
250,254,254,43,106
251,255,251,44,106
252,255,250,45,106
248,244,236,46,106
238,173,162,47,106
247,169,158,48,106
250,176,166,49,106
250,182,171,50,106
249,185,172,51,106
247,189,175,52,106
248,190,176,53,106
247,188,176,54,106
248,184,172,55,106
247,177,164,56,106
247,159,144,57,106
244,141,122,58,106
241,122,101,59,106
240,104,82,60,106
237,92,72,61,106
233,88,66,62,106
230,83,62,63,106
230,76,60,64,106
230,70,55,65,106
222,69,53,66,106
219,65,57,67,106
196,54,49,68,106
195,48,45,69,106
212,139,140,70,106
240,241,236,71,106
235,232,230,72,106
221,228,227,73,106
229,229,231,74,106
232,235,237,75,106
241,242,244,76,106
247,248,249,77,106
249,250,249,78,106
254,253,253,79,106
244,243,242,80,106
222,220,220,81,106
191,192,190,82,106
169,171,167,83,106
137,134,130,84,106
98,93,90,85,106
88,81,80,86,106
84,76,76,87,106
46,38,37,88,106
19,11,11,89,106
6,0,0,90,106
10,2,2,91,106
60,48,49,92,106
70,47,48,93,106
60,27,23,94,106
66,32,25,95,106
75,51,39,96,106
90,76,70,97,106
86,75,73,98,106
69,56,55,99,106
44,32,30,100,106
43,32,31,101,106
67,58,56,102,106
74,65,63,103,106
85,77,75,104,106
63,57,55,105,106
56,48,48,106,106
86,81,80,107,106
71,68,68,108,106
108,106,105,109,106
145,142,141,110,106
169,168,166,111,106
182,182,180,112,106
198,200,200,113,106
213,215,215,114,106
213,214,213,115,106
200,201,200,116,106
182,183,182,117,106
163,170,170,118,106
155,162,162,119,106
155,160,159,120,106
156,162,164,121,106
163,156,158,122,106
203,108,97,123,106
230,82,60,124,106
231,84,63,125,106
229,87,65,126,106
234,86,69,127,106
235,86,65,128,106
235,87,64,129,106
233,88,66,130,106
230,89,69,131,106
232,94,76,132,106
234,105,90,133,106
237,124,111,134,106
239,141,135,135,106
239,159,154,136,106
239,169,165,137,106
240,174,168,138,106
241,173,168,139,106
239,170,168,140,106
238,169,164,141,106
237,166,159,142,106
238,159,157,143,106
234,152,149,144,106
232,140,134,145,106
227,144,143,146,106
247,240,236,147,106
253,253,255,148,106
253,255,254,149,106
255,255,255,150,106
255,255,255,151,106
255,255,255,152,106
255,255,255,153,106
255,255,255,154,106
255,255,255,155,106
255,255,255,156,106
255,255,255,157,106
255,255,255,158,106
255,255,255,159,106
255,255,255,160,106
255,255,255,161,106
255,255,255,162,106
255,255,255,163,106
255,255,255,164,106
255,255,255,165,106
255,255,255,166,106
255,255,255,167,106
255,255,255,168,106
255,255,255,169,106
255,255,255,170,106
255,255,255,171,106
255,255,255,172,106
255,255,255,173,106
255,255,255,174,106
255,255,255,175,106
255,255,255,176,106
255,255,255,177,106
255,255,255,178,106
255,255,255,179,106
255,255,255,180,106
255,255,255,181,106
255,255,255,182,106
255,255,255,183,106
255,255,255,184,106
255,255,255,185,106
255,255,255,186,106
255,255,255,187,106
255,255,255,188,106
255,255,255,189,106
255,255,255,190,106
255,255,255,191,106
255,255,255,192,106
255,255,255,193,106
255,255,255,194,106
255,255,255,195,106
255,255,255,196,106
255,255,255,197,106
255,255,255,198,106
255,255,255,199,106
255,255,255,0,107
255,255,255,1,107
255,255,255,2,107
255,255,255,3,107
255,255,255,4,107
255,255,255,5,107
255,255,255,6,107
255,255,255,7,107
255,255,255,8,107
255,255,255,9,107
255,255,255,10,107
255,255,255,11,107
255,255,255,12,107
255,255,255,13,107
255,255,255,14,107
255,255,255,15,107
255,255,255,16,107
255,255,255,17,107
255,255,255,18,107
255,255,255,19,107
255,255,255,20,107
255,255,255,21,107
255,255,255,22,107
255,255,255,23,107
255,255,255,24,107
255,255,255,25,107
255,255,255,26,107
255,255,255,27,107
255,255,255,28,107
255,255,255,29,107
255,255,255,30,107
255,255,255,31,107
255,255,255,32,107
255,255,255,33,107
255,255,255,34,107
255,255,255,35,107
255,255,255,36,107
255,255,255,37,107
255,255,255,38,107
255,255,255,39,107
255,255,255,40,107
255,255,255,41,107
254,255,255,42,107
250,254,254,43,107
250,254,250,44,107
252,254,250,45,107
248,243,235,46,107
240,173,160,47,107
247,169,156,48,107
250,177,164,49,107
250,182,171,50,107
248,184,172,51,107
247,189,176,52,107
249,189,176,53,107
248,188,176,54,107
245,184,171,55,107
248,176,163,56,107
249,158,143,57,107
243,141,121,58,107
239,120,100,59,107
239,102,81,60,107
235,90,71,61,107
231,84,64,62,107
229,78,60,63,107
227,73,58,64,107
228,69,55,65,107
224,67,54,66,107
221,63,54,67,107
207,58,48,68,107
185,42,37,69,107
194,63,66,70,107
235,205,200,71,107
236,248,246,72,107
238,241,245,73,107
237,234,237,74,107
228,231,230,75,107
225,227,226,76,107
225,227,227,77,107
230,232,231,78,107
236,238,237,79,107
241,243,242,80,107
247,248,248,81,107
250,253,251,82,107
251,254,252,83,107
253,253,251,84,107
250,249,248,85,107
240,237,237,86,107
225,222,223,87,107
211,208,208,88,107
190,188,188,89,107
171,167,167,90,107
155,151,151,91,107
166,161,161,92,107
155,148,145,93,107
146,136,131,94,107
142,129,127,95,107
138,128,126,96,107
144,136,136,97,107
150,144,143,98,107
134,127,125,99,107
134,127,125,100,107
140,134,134,101,107
171,166,165,102,107
180,176,174,103,107
176,172,171,104,107
187,181,181,105,107
200,197,197,106,107
206,204,204,107,107
219,218,219,108,107
224,224,224,109,107
217,217,217,110,107
211,211,211,111,107
202,205,204,112,107
190,195,195,113,107
177,182,183,114,107
170,174,175,115,107
166,168,169,116,107
166,165,168,117,107
157,171,169,118,107
170,168,172,119,107
169,168,170,120,107
157,164,162,121,107
181,132,124,122,107
222,84,66,123,107
237,79,65,124,107
234,83,64,125,107
229,87,65,126,107
234,86,66,127,107
235,85,64,128,107
234,85,63,129,107
232,85,65,130,107
231,87,69,131,107
232,91,74,132,107
233,103,88,133,107
237,121,108,134,107
239,140,133,135,107
238,159,153,136,107
238,170,163,137,107
241,173,167,138,107
241,172,168,139,107
238,169,166,140,107
237,168,163,141,107
239,166,160,142,107
238,159,155,143,107
234,152,148,144,107
232,140,133,145,107
228,144,145,146,107
248,239,237,147,107
254,254,255,148,107
253,255,254,149,107
255,255,255,150,107
255,255,255,151,107
255,255,255,152,107
255,255,255,153,107
255,255,255,154,107
255,255,255,155,107
255,255,255,156,107
255,255,255,157,107
255,255,255,158,107
255,255,255,159,107
255,255,255,160,107
255,255,255,161,107
255,255,255,162,107
255,255,255,163,107
255,255,255,164,107
255,255,255,165,107
255,255,255,166,107
255,255,255,167,107
255,255,255,168,107
255,255,255,169,107
255,255,255,170,107
255,255,255,171,107
255,255,255,172,107
255,255,255,173,107
255,255,255,174,107
255,255,255,175,107
255,255,255,176,107
255,255,255,177,107
255,255,255,178,107
255,255,255,179,107
255,255,255,180,107
255,255,255,181,107
255,255,255,182,107
255,255,255,183,107
255,255,255,184,107
255,255,255,185,107
255,255,255,186,107
255,255,255,187,107
255,255,255,188,107
255,255,255,189,107
255,255,255,190,107
255,255,255,191,107
255,255,255,192,107
255,255,255,193,107
255,255,255,194,107
255,255,255,195,107
255,255,255,196,107
255,255,255,197,107
255,255,255,198,107
255,255,255,199,107
255,255,255,0,108
255,255,255,1,108
255,255,255,2,108
255,255,255,3,108
255,255,255,4,108
255,255,255,5,108
255,255,255,6,108
255,255,255,7,108
255,255,255,8,108
255,255,255,9,108
255,255,255,10,108
255,255,255,11,108
255,255,255,12,108
255,255,255,13,108
255,255,255,14,108
255,255,255,15,108
255,255,255,16,108
255,255,255,17,108
255,255,255,18,108
255,255,255,19,108
255,255,255,20,108
255,255,255,21,108
255,255,255,22,108
255,255,255,23,108
255,255,255,24,108
255,255,255,25,108
255,255,255,26,108
255,255,255,27,108
255,255,255,28,108
255,255,255,29,108
255,255,255,30,108
255,255,255,31,108
255,255,255,32,108
255,255,255,33,108
255,255,255,34,108
255,255,255,35,108
255,255,255,36,108
255,255,255,37,108
255,255,255,38,108
255,255,255,39,108
255,255,255,40,108
255,255,255,41,108
254,255,255,42,108
250,254,253,43,108
251,254,249,44,108
253,254,250,45,108
250,242,234,46,108
241,173,159,47,108
246,169,156,48,108
250,177,164,49,108
250,182,169,50,108
248,184,172,51,108
247,189,176,52,108
249,189,176,53,108
250,187,176,54,108
246,184,172,55,108
249,176,163,56,108
248,156,142,57,108
241,139,119,58,108
238,119,100,59,108
238,100,80,60,108
233,87,69,61,108
229,80,62,62,108
227,73,58,63,108
226,70,55,64,108
224,67,52,65,108
223,63,51,66,108
220,60,49,67,108
214,58,48,68,108
189,45,45,69,108
191,36,35,70,108
207,121,121,71,108
243,241,244,72,108
242,243,246,73,108
244,244,243,74,108
241,242,241,75,108
237,239,238,76,108
232,234,233,77,108
227,229,228,78,108
224,226,225,79,108
223,225,224,80,108
222,224,223,81,108
223,225,224,82,108
227,229,228,83,108
230,232,231,84,108
234,236,235,85,108
240,240,240,86,108
242,241,241,87,108
242,242,242,88,108
244,244,244,89,108
247,247,246,90,108
246,247,246,91,108
241,245,243,92,108
239,244,242,93,108
240,243,241,94,108
240,240,239,95,108
241,241,239,96,108
239,240,238,97,108
238,239,237,98,108
237,240,235,99,108
236,237,234,100,108
234,235,234,101,108
229,230,229,102,108
225,225,224,103,108
222,223,222,104,108
218,218,218,105,108
211,212,211,106,108
204,205,205,107,108
197,197,197,108,108
190,190,190,109,108
182,182,182,110,108
176,178,177,111,108
174,177,176,112,108
171,175,176,113,108
171,175,176,114,108
174,177,178,115,108
177,179,182,116,108
176,179,182,117,108
172,179,176,118,108
172,172,176,119,108
166,164,174,120,108
168,148,137,121,108
205,93,78,122,108
229,79,63,123,108
234,81,64,124,108
233,85,60,125,108
232,87,62,126,108
236,85,66,127,108
236,83,64,128,108
234,84,64,129,108
233,84,65,130,108
229,84,67,131,108
230,89,72,132,108
232,101,86,133,108
235,120,105,134,108
237,138,129,135,108
238,158,151,136,108
240,168,162,137,108
241,171,166,138,108
240,171,168,139,108
238,169,165,140,108
238,168,162,141,108
240,166,160,142,108
238,159,155,143,108
234,151,146,144,108
233,140,134,145,108
229,144,147,146,108
247,240,239,147,108
253,254,255,148,108
253,255,254,149,108
255,255,255,150,108
255,255,255,151,108
255,255,255,152,108
255,255,255,153,108
255,255,255,154,108
255,255,255,155,108
255,255,255,156,108
255,255,255,157,108
255,255,255,158,108
255,255,255,159,108
255,255,255,160,108
255,255,255,161,108
255,255,255,162,108
255,255,255,163,108
255,255,255,164,108
255,255,255,165,108
255,255,255,166,108
255,255,255,167,108
255,255,255,168,108
255,255,255,169,108
255,255,255,170,108
255,255,255,171,108
255,255,255,172,108
255,255,255,173,108
255,255,255,174,108
255,255,255,175,108
255,255,255,176,108
255,255,255,177,108
255,255,255,178,108
255,255,255,179,108
255,255,255,180,108
255,255,255,181,108
255,255,255,182,108
255,255,255,183,108
255,255,255,184,108
255,255,255,185,108
255,255,255,186,108
255,255,255,187,108
255,255,255,188,108
255,255,255,189,108
255,255,255,190,108
255,255,255,191,108
255,255,255,192,108
255,255,255,193,108
255,255,255,194,108
255,255,255,195,108
255,255,255,196,108
255,255,255,197,108
255,255,255,198,108
255,255,255,199,108
255,255,255,0,109
255,255,255,1,109
255,255,255,2,109
255,255,255,3,109
255,255,255,4,109
255,255,255,5,109
255,255,255,6,109
255,255,255,7,109
255,255,255,8,109
255,255,255,9,109
255,255,255,10,109
255,255,255,11,109
255,255,255,12,109
255,255,255,13,109
255,255,255,14,109
255,255,255,15,109
255,255,255,16,109
255,255,255,17,109
255,255,255,18,109
255,255,255,19,109
255,255,255,20,109
255,255,255,21,109
255,255,255,22,109
255,255,255,23,109
255,255,255,24,109
255,255,255,25,109
255,255,255,26,109
255,255,255,27,109
255,255,255,28,109
255,255,255,29,109
255,255,255,30,109
255,255,255,31,109
255,255,255,32,109
255,255,255,33,109
255,255,255,34,109
255,255,255,35,109
255,255,255,36,109
255,255,255,37,109
255,255,255,38,109
255,255,255,39,109
255,255,255,40,109
255,255,255,41,109
254,255,255,42,109
250,254,253,43,109
251,254,251,44,109
252,254,250,45,109
249,241,233,46,109
241,171,159,47,109
247,169,157,48,109
249,177,164,49,109
250,182,169,50,109
248,184,172,51,109
246,189,176,52,109
250,189,176,53,109
251,187,176,54,109
249,184,173,55,109
248,174,162,56,109
247,155,140,57,109
239,136,117,58,109
237,116,97,59,109
237,96,79,60,109
231,84,67,61,109
226,76,61,62,109
227,70,56,63,109
225,66,54,64,109
224,62,51,65,109
221,57,49,66,109
221,55,50,67,109
220,52,50,68,109
207,48,49,69,109
181,38,34,70,109
195,47,54,71,109
228,190,191,72,109
240,249,248,73,109
246,243,243,74,109
245,244,245,75,109
244,245,244,76,109
245,245,245,77,109
244,245,244,78,109
242,243,242,79,109
238,239,238,80,109
232,233,232,81,109
227,227,227,82,109
223,224,223,83,109
220,220,220,84,109
217,218,217,85,109
216,216,216,86,109
216,217,217,87,109
216,216,216,88,109
216,216,216,89,109
215,216,215,90,109
215,216,216,91,109
214,215,215,92,109
213,216,216,93,109
212,215,216,94,109
210,214,215,95,109
213,214,216,96,109
213,212,214,97,109
210,210,211,98,109
207,207,207,99,109
202,203,202,100,109
198,199,199,101,109
196,197,197,102,109
192,195,194,103,109
188,192,191,104,109
186,190,190,105,109
185,187,187,106,109
185,187,186,107,109
185,185,185,108,109
184,185,184,109,109
186,187,187,110,109
189,190,191,111,109
191,193,193,112,109
191,192,195,113,109
191,191,195,114,109
189,190,191,115,109
184,185,186,116,109
176,182,182,117,109
177,175,174,118,109
161,171,171,119,109
155,160,165,120,109
194,103,97,121,109
227,73,57,122,109
233,76,61,123,109
234,80,61,124,109
232,84,60,125,109
233,85,62,126,109
236,83,66,127,109
235,82,66,128,109
233,83,64,129,109
232,82,64,130,109
229,82,65,131,109
230,87,70,132,109
231,99,84,133,109
233,118,101,134,109
236,137,127,135,109
239,155,149,136,109
240,166,161,137,109
240,169,167,138,109
239,171,169,139,109
237,169,166,140,109
238,168,162,141,109
240,165,160,142,109
239,159,154,143,109
234,152,145,144,109
233,141,134,145,109
227,144,148,146,109
246,239,239,147,109
253,253,255,148,109
254,255,254,149,109
255,255,255,150,109
255,255,255,151,109
255,255,255,152,109
255,255,255,153,109
255,255,255,154,109
255,255,255,155,109
255,255,255,156,109
255,255,255,157,109
255,255,255,158,109
255,255,255,159,109
255,255,255,160,109
255,255,255,161,109
255,255,255,162,109
255,255,255,163,109
255,255,255,164,109
255,255,255,165,109
255,255,255,166,109
255,255,255,167,109
255,255,255,168,109
255,255,255,169,109
255,255,255,170,109
255,255,255,171,109
255,255,255,172,109
255,255,255,173,109
255,255,255,174,109
255,255,255,175,109
255,255,255,176,109
255,255,255,177,109
255,255,255,178,109
255,255,255,179,109
255,255,255,180,109
255,255,255,181,109
255,255,255,182,109
255,255,255,183,109
255,255,255,184,109
255,255,255,185,109
255,255,255,186,109
255,255,255,187,109
255,255,255,188,109
255,255,255,189,109
255,255,255,190,109
255,255,255,191,109
255,255,255,192,109
255,255,255,193,109
255,255,255,194,109
255,255,255,195,109
255,255,255,196,109
255,255,255,197,109
255,255,255,198,109
255,255,255,199,109
255,255,255,0,110
255,255,255,1,110
255,255,255,2,110
255,255,255,3,110
255,255,255,4,110
255,255,255,5,110
255,255,255,6,110
255,255,255,7,110
255,255,255,8,110
255,255,255,9,110
255,255,255,10,110
255,255,255,11,110
255,255,255,12,110
255,255,255,13,110
255,255,255,14,110
255,255,255,15,110
255,255,255,16,110
255,255,255,17,110
255,255,255,18,110
255,255,255,19,110
255,255,255,20,110
255,255,255,21,110
255,255,255,22,110
255,255,255,23,110
255,255,255,24,110
255,255,255,25,110
255,255,255,26,110
255,255,255,27,110
255,255,255,28,110
255,255,255,29,110
255,255,255,30,110
255,255,255,31,110
255,255,255,32,110
255,255,255,33,110
255,255,255,34,110
255,255,255,35,110
255,255,255,36,110
255,255,255,37,110
255,255,255,38,110
255,255,255,39,110
255,255,255,40,110
255,255,255,41,110
254,255,255,42,110
250,254,254,43,110
251,255,251,44,110
252,254,250,45,110
249,241,232,46,110
241,170,158,47,110
248,169,157,48,110
249,176,164,49,110
249,181,168,50,110
248,184,171,51,110
247,189,175,52,110
250,189,176,53,110
251,188,176,54,110
247,185,172,55,110
247,173,160,56,110
247,154,139,57,110
238,136,115,58,110
235,114,95,59,110
235,93,76,60,110
229,78,63,61,110
225,72,59,62,110
225,66,55,63,110
224,63,52,64,110
222,59,50,65,110
219,56,49,66,110
219,52,51,67,110
218,49,50,68,110
216,48,48,69,110
186,41,43,70,110
185,31,37,71,110
200,93,96,72,110
237,232,232,73,110
244,243,243,74,110
245,245,246,75,110
246,246,246,76,110
246,247,246,77,110
246,246,246,78,110
246,246,246,79,110
245,245,245,80,110
244,244,244,81,110
242,242,242,82,110
240,240,240,83,110
237,236,236,84,110
234,233,233,85,110
231,231,231,86,110
227,229,228,87,110
226,226,226,88,110
223,223,223,89,110
220,221,220,90,110
215,217,216,91,110
215,214,215,92,110
214,211,213,93,110
211,211,212,94,110
209,210,211,95,110
209,209,210,96,110
208,207,208,97,110
206,206,206,98,110
204,204,204,99,110
203,203,204,100,110
203,204,205,101,110
202,203,205,102,110
202,203,205,103,110
202,203,205,104,110
202,203,205,105,110
202,204,203,106,110
201,203,202,107,110
202,203,202,108,110
201,203,202,109,110
200,202,201,110,110
200,200,200,111,110
198,197,201,112,110
195,194,199,113,110
191,191,196,114,110
187,188,191,115,110
181,181,181,116,110
175,176,175,117,110
170,169,173,118,110
161,162,160,119,110
174,121,113,120,110
218,68,65,121,110
229,72,58,122,110
231,75,61,123,110
231,79,61,124,110
233,81,61,125,110
234,82,63,126,110
234,83,65,127,110
233,82,65,128,110
232,81,63,129,110
231,79,61,130,110
228,80,63,131,110
229,85,69,132,110
230,96,82,133,110
231,115,99,134,110
233,135,127,135,110
237,153,149,136,110
239,164,161,137,110
239,168,166,138,110
239,170,169,139,110
238,169,166,140,110
238,168,162,141,110
240,165,160,142,110
240,159,154,143,110
234,154,145,144,110
233,141,134,145,110
224,140,147,146,110
247,239,236,147,110
253,254,254,148,110
253,255,254,149,110
255,255,255,150,110
255,255,255,151,110
255,255,255,152,110
255,255,255,153,110
255,255,255,154,110
255,255,255,155,110
255,255,255,156,110
255,255,255,157,110
255,255,255,158,110
255,255,255,159,110
255,255,255,160,110
255,255,255,161,110
255,255,255,162,110
255,255,255,163,110
255,255,255,164,110
255,255,255,165,110
255,255,255,166,110
255,255,255,167,110
255,255,255,168,110
255,255,255,169,110
255,255,255,170,110
255,255,255,171,110
255,255,255,172,110
255,255,255,173,110
255,255,255,174,110
255,255,255,175,110
255,255,255,176,110
255,255,255,177,110
255,255,255,178,110
255,255,255,179,110
255,255,255,180,110
255,255,255,181,110
255,255,255,182,110
255,255,255,183,110
255,255,255,184,110
255,255,255,185,110
255,255,255,186,110
255,255,255,187,110
255,255,255,188,110
255,255,255,189,110
255,255,255,190,110
255,255,255,191,110
255,255,255,192,110
255,255,255,193,110
255,255,255,194,110
255,255,255,195,110
255,255,255,196,110
255,255,255,197,110
255,255,255,198,110
255,255,255,199,110
255,255,255,0,111
255,255,255,1,111
255,255,255,2,111
255,255,255,3,111
255,255,255,4,111
255,255,255,5,111
255,255,255,6,111
255,255,255,7,111
255,255,255,8,111
255,255,255,9,111
255,255,255,10,111
255,255,255,11,111
255,255,255,12,111
255,255,255,13,111
255,255,255,14,111
255,255,255,15,111
255,255,255,16,111
255,255,255,17,111
255,255,255,18,111
255,255,255,19,111
255,255,255,20,111
255,255,255,21,111
255,255,255,22,111
255,255,255,23,111
255,255,255,24,111
255,255,255,25,111
255,255,255,26,111
255,255,255,27,111
255,255,255,28,111
255,255,255,29,111
255,255,255,30,111
255,255,255,31,111
255,255,255,32,111
255,255,255,33,111
255,255,255,34,111
255,255,255,35,111
255,255,255,36,111
255,255,255,37,111
255,255,255,38,111
255,255,255,39,111
255,255,255,40,111
255,255,255,41,111
254,255,255,42,111
250,253,254,43,111
250,255,251,44,111
252,254,252,45,111
248,241,232,46,111
240,171,155,47,111
247,169,156,48,111
249,176,164,49,111
249,182,169,50,111
247,185,171,51,111
246,189,174,52,111
250,189,176,53,111
251,187,177,54,111
247,184,173,55,111
245,173,161,56,111
246,153,139,57,111
238,133,115,58,111
234,111,93,59,111
232,89,73,60,111
228,75,61,61,111
224,70,58,62,111
223,63,53,63,111
223,60,52,64,111
220,57,50,65,111
218,54,50,66,111
217,51,50,67,111
216,47,48,68,111
215,45,46,69,111
205,43,52,70,111
179,35,42,71,111
186,31,37,72,111
217,145,144,73,111
240,244,245,74,111
244,242,246,75,111
247,244,246,76,111
246,246,245,77,111
246,246,245,78,111
246,246,246,79,111
246,246,246,80,111
246,245,246,81,111
245,245,245,82,111
245,244,245,83,111
244,244,244,84,111
242,242,242,85,111
241,241,241,86,111
240,240,240,87,111
240,240,240,88,111
238,238,238,89,111
234,237,236,90,111
231,234,233,91,111
232,232,232,92,111
232,231,230,93,111
229,230,227,94,111
226,228,224,95,111
224,226,223,96,111
223,224,223,97,111
222,223,222,98,111
220,220,220,99,111
217,219,219,100,111
216,217,219,101,111
216,217,219,102,111
216,217,219,103,111
214,215,217,104,111
212,213,215,105,111
210,212,213,106,111
208,210,210,107,111
207,209,208,108,111
206,207,207,109,111
204,206,206,110,111
200,202,203,111,111
196,197,199,112,111
192,192,195,113,111
189,186,189,114,111
184,182,183,115,111
176,178,177,116,111
169,171,171,117,111
154,167,166,118,111
170,131,132,119,111
214,63,61,120,111
230,60,55,121,111
218,73,64,122,111
225,75,64,123,111
230,77,65,124,111
234,79,63,125,111
236,81,63,126,111
233,82,63,127,111
231,81,63,128,111
230,79,60,129,111
229,78,59,130,111
226,78,61,131,111
228,82,68,132,111
231,94,81,133,111
232,113,98,134,111
231,133,126,135,111
234,152,148,136,111
237,163,159,137,111
238,168,164,138,111
239,170,168,139,111
238,169,165,140,111
238,169,163,141,111
241,166,161,142,111
241,161,156,143,111
236,155,147,144,111
233,140,133,145,111
222,136,143,146,111
247,238,235,147,111
253,254,254,148,111
253,255,254,149,111
255,255,255,150,111
255,255,255,151,111
255,255,255,152,111
255,255,255,153,111
255,255,255,154,111
255,255,255,155,111
255,255,255,156,111
255,255,255,157,111
255,255,255,158,111
255,255,255,159,111
255,255,255,160,111
255,255,255,161,111
255,255,255,162,111
255,255,255,163,111
255,255,255,164,111
255,255,255,165,111
255,255,255,166,111
255,255,255,167,111
255,255,255,168,111
255,255,255,169,111
255,255,255,170,111
255,255,255,171,111
255,255,255,172,111
255,255,255,173,111
255,255,255,174,111
255,255,255,175,111
255,255,255,176,111
255,255,255,177,111
255,255,255,178,111
255,255,255,179,111
255,255,255,180,111
255,255,255,181,111
255,255,255,182,111
255,255,255,183,111
255,255,255,184,111
255,255,255,185,111
255,255,255,186,111
255,255,255,187,111
255,255,255,188,111
255,255,255,189,111
255,255,255,190,111
255,255,255,191,111
255,255,255,192,111
255,255,255,193,111
255,255,255,194,111
255,255,255,195,111
255,255,255,196,111
255,255,255,197,111
255,255,255,198,111
255,255,255,199,111
255,255,255,0,112
255,255,255,1,112
255,255,255,2,112
255,255,255,3,112
255,255,255,4,112
255,255,255,5,112
255,255,255,6,112
255,255,255,7,112
255,255,255,8,112
255,255,255,9,112
255,255,255,10,112
255,255,255,11,112
255,255,255,12,112
255,255,255,13,112
255,255,255,14,112
255,255,255,15,112
255,255,255,16,112
255,255,255,17,112
255,255,255,18,112
255,255,255,19,112
255,255,255,20,112
255,255,255,21,112
255,255,255,22,112
255,255,255,23,112
255,255,255,24,112
255,255,255,25,112
255,255,255,26,112
255,255,255,27,112
255,255,255,28,112
255,255,255,29,112
255,255,255,30,112
255,255,255,31,112
255,255,255,32,112
255,255,255,33,112
255,255,255,34,112
255,255,255,35,112
255,255,255,36,112
255,255,255,37,112
255,255,255,38,112
255,255,255,39,112
255,255,255,40,112
255,255,255,41,112
254,255,255,42,112
251,254,254,43,112
250,254,253,44,112
251,254,254,45,112
247,241,232,46,112
240,171,158,47,112
248,169,156,48,112
250,175,164,49,112
248,182,171,50,112
247,187,174,51,112
247,189,175,52,112
249,189,178,53,112
251,186,178,54,112
248,180,172,55,112
244,170,160,56,112
243,152,139,57,112
238,129,111,58,112
234,106,91,59,112
230,86,72,60,112
225,74,60,61,112
220,67,54,62,112
222,61,51,63,112
222,58,52,64,112
219,55,52,65,112
217,51,50,66,112
217,49,49,67,112
216,46,47,68,112
215,44,48,69,112
217,40,52,70,112
194,40,51,71,112
185,30,41,72,112
187,48,59,73,112
224,181,183,74,112
244,245,246,75,112
242,243,244,76,112
242,243,242,77,112
245,245,244,78,112
247,244,246,79,112
245,244,247,80,112
245,244,245,81,112
245,243,244,82,112
244,242,243,83,112
244,243,243,84,112
243,243,243,85,112
243,243,243,86,112
241,241,241,87,112
241,241,241,88,112
240,240,240,89,112
237,239,238,90,112
234,237,236,91,112
233,236,235,92,112
233,235,233,93,112
233,234,233,94,112
231,233,232,95,112
228,230,229,96,112
226,229,227,97,112
226,228,227,98,112
225,227,226,99,112
222,224,223,100,112
219,221,221,101,112
218,220,219,102,112
217,218,218,103,112
214,216,216,104,112
214,215,215,105,112
211,213,214,106,112
211,212,214,107,112
209,210,211,108,112
207,209,211,109,112
203,205,207,110,112
196,200,201,111,112
190,194,194,112,112
187,186,188,113,112
181,181,182,114,112
178,179,177,115,112
171,172,175,116,112
161,165,167,117,112
160,139,138,118,112
198,64,75,119,112
224,50,51,120,112
219,61,55,121,112
221,68,62,122,112
227,73,63,123,112
230,76,65,124,112
233,79,65,125,112
235,80,63,126,112
232,80,62,127,112
229,79,62,128,112
229,78,60,129,112
227,76,57,130,112
226,75,61,131,112
226,79,67,132,112
229,90,79,133,112
232,111,97,134,112
233,134,126,135,112
235,150,148,136,112
239,163,159,137,112
240,169,166,138,112
240,171,167,139,112
240,171,166,140,112
238,170,163,141,112
240,167,160,142,112
240,161,156,143,112
237,156,149,144,112
235,141,132,145,112
222,136,139,146,112
247,237,238,147,112
252,253,254,148,112
253,255,254,149,112
255,255,255,150,112
255,255,255,151,112
255,255,255,152,112
255,255,255,153,112
255,255,255,154,112
255,255,255,155,112
255,255,255,156,112
255,255,255,157,112
255,255,255,158,112
255,255,255,159,112
255,255,255,160,112
255,255,255,161,112
255,255,255,162,112
255,255,255,163,112
255,255,255,164,112
255,255,255,165,112
255,255,255,166,112
255,255,255,167,112
255,255,255,168,112
255,255,255,169,112
255,255,255,170,112
255,255,255,171,112
255,255,255,172,112
255,255,255,173,112
255,255,255,174,112
255,255,255,175,112
255,255,255,176,112
255,255,255,177,112
255,255,255,178,112
255,255,255,179,112
255,255,255,180,112
255,255,255,181,112
255,255,255,182,112
255,255,255,183,112
255,255,255,184,112
255,255,255,185,112
255,255,255,186,112
255,255,255,187,112
255,255,255,188,112
255,255,255,189,112
255,255,255,190,112
255,255,255,191,112
255,255,255,192,112
255,255,255,193,112
255,255,255,194,112
255,255,255,195,112
255,255,255,196,112
255,255,255,197,112
255,255,255,198,112
255,255,255,199,112
255,255,255,0,113
255,255,255,1,113
255,255,255,2,113
255,255,255,3,113
255,255,255,4,113
255,255,255,5,113
255,255,255,6,113
255,255,255,7,113
255,255,255,8,113
255,255,255,9,113
255,255,255,10,113
255,255,255,11,113
255,255,255,12,113
255,255,255,13,113
255,255,255,14,113
255,255,255,15,113
255,255,255,16,113
255,255,255,17,113
255,255,255,18,113
255,255,255,19,113
255,255,255,20,113
255,255,255,21,113
255,255,255,22,113
255,255,255,23,113
255,255,255,24,113
255,255,255,25,113
255,255,255,26,113
255,255,255,27,113
255,255,255,28,113
255,255,255,29,113
255,255,255,30,113
255,255,255,31,113
255,255,255,32,113
255,255,255,33,113
255,255,255,34,113
255,255,255,35,113
255,255,255,36,113
255,255,255,37,113
255,255,255,38,113
255,255,255,39,113
255,255,255,40,113
255,255,255,41,113
254,255,255,42,113
253,254,254,43,113
251,255,255,44,113
251,255,254,45,113
248,241,234,46,113
237,166,162,47,113
248,166,157,48,113
250,174,165,49,113
248,182,172,50,113
247,186,175,51,113
247,188,176,52,113
248,189,178,53,113
251,185,177,54,113
249,179,170,55,113
243,169,159,56,113
239,150,138,57,113
236,125,107,58,113
232,102,88,59,113
228,83,69,60,113
223,70,56,61,113
219,64,52,62,113
221,58,50,63,113
221,56,50,64,113
219,54,49,65,113
217,50,48,66,113
217,48,48,67,113
215,45,46,68,113
216,42,48,69,113
222,38,50,70,113
211,40,50,71,113
185,41,46,72,113
180,32,44,73,113
186,63,77,74,113
228,197,197,75,113
241,247,240,76,113
237,245,240,77,113
241,244,245,78,113
246,243,247,79,113
245,244,246,80,113
244,244,245,81,113
244,243,243,82,113
244,243,241,83,113
244,242,242,84,113
243,243,243,85,113
243,243,243,86,113
241,241,241,87,113
241,241,241,88,113
240,240,240,89,113
238,239,238,90,113
234,237,236,91,113
234,236,235,92,113
233,235,234,93,113
233,235,234,94,113
232,234,233,95,113
231,232,232,96,113
229,231,230,97,113
226,228,227,98,113
225,227,226,99,113
223,225,224,100,113
221,223,222,101,113
218,220,219,102,113
217,219,218,103,113
214,216,215,104,113
212,214,213,105,113
210,212,212,106,113
210,211,213,107,113
208,209,211,108,113
205,205,207,109,113
197,199,200,110,113
190,196,197,111,113
183,189,189,112,113
178,182,183,113,113
166,181,181,114,113
159,176,177,115,113
159,167,166,116,113
168,135,133,117,113
198,61,79,118,113
214,47,59,119,113
210,58,53,120,113
217,61,57,121,113
222,67,63,122,113
228,73,64,123,113
231,76,64,124,113
233,80,65,125,113
232,79,61,126,113
231,78,60,127,113
228,76,61,128,113
227,75,59,129,113
226,73,56,130,113
225,72,58,131,113
225,76,66,132,113
227,86,78,133,113
231,109,97,134,113
233,132,124,135,113
235,149,147,136,113
240,163,159,137,113
240,170,167,138,113
240,171,167,139,113
240,170,167,140,113
240,170,165,141,113
240,167,161,142,113
240,161,157,143,113
236,157,151,144,113
237,145,134,145,113
226,141,141,146,113
246,238,239,147,113
252,253,255,148,113
252,254,254,149,113
255,255,255,150,113
255,255,255,151,113
255,255,255,152,113
255,255,255,153,113
255,255,255,154,113
255,255,255,155,113
255,255,255,156,113
255,255,255,157,113
255,255,255,158,113
255,255,255,159,113
255,255,255,160,113
255,255,255,161,113
255,255,255,162,113
255,255,255,163,113
255,255,255,164,113
255,255,255,165,113
255,255,255,166,113
255,255,255,167,113
255,255,255,168,113
255,255,255,169,113
255,255,255,170,113
255,255,255,171,113
255,255,255,172,113
255,255,255,173,113
255,255,255,174,113
255,255,255,175,113
255,255,255,176,113
255,255,255,177,113
255,255,255,178,113
255,255,255,179,113
255,255,255,180,113
255,255,255,181,113
255,255,255,182,113
255,255,255,183,113
255,255,255,184,113
255,255,255,185,113
255,255,255,186,113
255,255,255,187,113
255,255,255,188,113
255,255,255,189,113
255,255,255,190,113
255,255,255,191,113
255,255,255,192,113
255,255,255,193,113
255,255,255,194,113
255,255,255,195,113
255,255,255,196,113
255,255,255,197,113
255,255,255,198,113
255,255,255,199,113
255,255,255,0,114
255,255,255,1,114
255,255,255,2,114
255,255,255,3,114
255,255,255,4,114
255,255,255,5,114
255,255,255,6,114
255,255,255,7,114
255,255,255,8,114
255,255,255,9,114
255,255,255,10,114
255,255,255,11,114
255,255,255,12,114
255,255,255,13,114
255,255,255,14,114
255,255,255,15,114
255,255,255,16,114
255,255,255,17,114
255,255,255,18,114
255,255,255,19,114
255,255,255,20,114
255,255,255,21,114
255,255,255,22,114
255,255,255,23,114
255,255,255,24,114
255,255,255,25,114
255,255,255,26,114
255,255,255,27,114
255,255,255,28,114
255,255,255,29,114
255,255,255,30,114
255,255,255,31,114
255,255,255,32,114
255,255,255,33,114
255,255,255,34,114
255,255,255,35,114
255,255,255,36,114
255,255,255,37,114
255,255,255,38,114
255,255,255,39,114
255,255,255,40,114
255,255,255,41,114
255,255,255,42,114
253,254,254,43,114
253,255,254,44,114
251,255,255,45,114
247,240,236,46,114
225,155,154,47,114
245,159,154,48,114
249,174,167,49,114
248,182,172,50,114
249,186,176,51,114
249,188,177,52,114
248,187,177,53,114
250,184,176,54,114
249,178,169,55,114
243,168,158,56,114
239,147,135,57,114
235,121,104,58,114
230,98,84,59,114
228,77,65,60,114
224,67,55,61,114
219,62,51,62,114
222,57,50,63,114
221,55,49,64,114
217,52,47,65,114
216,49,46,66,114
216,47,46,67,114
215,44,46,68,114
215,42,47,69,114
209,43,47,70,114
214,41,48,71,114
217,39,51,72,114
196,34,47,73,114
177,27,41,74,114
188,61,77,75,114
228,186,187,76,114
239,244,242,77,114
241,240,244,78,114
237,245,244,79,114
241,246,244,80,114
244,244,242,81,114
243,243,241,82,114
244,243,241,83,114
244,243,242,84,114
243,243,242,85,114
243,243,243,86,114
241,241,241,87,114
240,240,240,88,114
240,240,240,89,114
237,238,238,90,114
234,236,235,91,114
234,236,235,92,114
233,235,234,93,114
233,235,234,94,114
232,234,233,95,114
229,231,230,96,114
226,228,227,97,114
225,227,226,98,114
224,226,225,99,114
221,223,222,100,114
219,221,220,101,114
218,220,219,102,114
215,217,216,103,114
213,215,214,104,114
211,213,211,105,114
208,210,210,106,114
206,207,209,107,114
202,203,205,108,114
197,198,200,109,114
195,196,198,110,114
192,191,194,111,114
183,182,188,112,114
172,177,183,113,114
164,173,177,114,114
162,163,163,115,114
172,120,123,116,114
192,57,67,117,114
217,41,54,118,114
214,51,52,119,114
218,54,53,120,114
222,58,58,121,114
222,68,62,122,114
227,73,62,123,114
230,76,62,124,114
231,79,63,125,114
230,79,61,126,114
230,77,60,127,114
229,74,60,128,114
228,73,58,129,114
226,71,56,130,114
224,70,58,131,114
226,72,64,132,114
227,84,78,133,114
229,106,95,134,114
232,130,122,135,114
236,149,147,136,114
240,163,159,137,114
240,170,167,138,114
240,172,167,139,114
239,171,168,140,114
240,170,166,141,114
241,168,162,142,114
240,163,159,143,114
236,159,152,144,114
236,146,134,145,114
227,144,144,146,114
245,238,239,147,114
253,253,254,148,114
253,254,254,149,114
255,255,255,150,114
255,255,255,151,114
255,255,255,152,114
255,255,255,153,114
255,255,255,154,114
255,255,255,155,114
255,255,255,156,114
255,255,255,157,114
255,255,255,158,114
255,255,255,159,114
255,255,255,160,114
255,255,255,161,114
255,255,255,162,114
255,255,255,163,114
255,255,255,164,114
255,255,255,165,114
255,255,255,166,114
255,255,255,167,114
255,255,255,168,114
255,255,255,169,114
255,255,255,170,114
255,255,255,171,114
255,255,255,172,114
255,255,255,173,114
255,255,255,174,114
255,255,255,175,114
255,255,255,176,114
255,255,255,177,114
255,255,255,178,114
255,255,255,179,114
255,255,255,180,114
255,255,255,181,114
255,255,255,182,114
255,255,255,183,114
255,255,255,184,114
255,255,255,185,114
255,255,255,186,114
255,255,255,187,114
255,255,255,188,114
255,255,255,189,114
255,255,255,190,114
255,255,255,191,114
255,255,255,192,114
255,255,255,193,114
255,255,255,194,114
255,255,255,195,114
255,255,255,196,114
255,255,255,197,114
255,255,255,198,114
255,255,255,199,114
255,255,255,0,115
255,255,255,1,115
255,255,255,2,115
255,255,255,3,115
255,255,255,4,115
255,255,255,5,115
255,255,255,6,115
255,255,255,7,115
255,255,255,8,115
255,255,255,9,115
255,255,255,10,115
255,255,255,11,115
255,255,255,12,115
255,255,255,13,115
255,255,255,14,115
255,255,255,15,115
255,255,255,16,115
255,255,255,17,115
255,255,255,18,115
255,255,255,19,115
255,255,255,20,115
255,255,255,21,115
255,255,255,22,115
255,255,255,23,115
255,255,255,24,115
255,255,255,25,115
255,255,255,26,115
255,255,255,27,115
255,255,255,28,115
255,255,255,29,115
255,255,255,30,115
255,255,255,31,115
255,255,255,32,115
255,255,255,33,115
255,255,255,34,115
255,255,255,35,115
255,255,255,36,115
255,255,255,37,115
255,255,255,38,115
255,255,255,39,115
255,255,255,40,115
255,255,255,41,115
255,255,255,42,115
253,254,254,43,115
251,253,253,44,115
248,253,253,45,115
250,250,249,46,115
226,180,183,47,115
234,152,150,48,115
250,173,164,49,115
248,181,170,50,115
250,186,175,51,115
250,187,178,52,115
249,187,178,53,115
249,184,177,54,115
247,176,169,55,115
242,165,156,56,115
237,144,133,57,115
233,117,100,58,115
229,93,81,59,115
227,74,63,60,115
222,65,53,61,115
216,60,49,62,115
221,55,47,63,115
219,53,47,64,115
215,51,46,65,115
214,48,45,66,115
215,47,46,67,115
215,45,46,68,115
217,43,46,69,115
210,45,47,70,115
207,47,49,71,115
215,42,50,72,115
213,40,53,73,115
191,38,50,74,115
168,31,40,75,115
180,49,67,76,115
209,141,155,77,115
234,227,226,78,115
237,246,241,79,115
240,243,241,80,115
243,243,240,81,115
242,243,240,82,115
242,242,242,83,115
243,242,244,84,115
241,241,241,85,115
240,241,241,86,115
240,240,241,87,115
239,240,240,88,115
239,239,240,89,115
237,237,237,90,115
234,236,235,91,115
234,235,235,92,115
232,235,234,93,115
231,233,232,94,115
228,230,229,95,115
227,229,228,96,115
225,227,226,97,115
222,224,223,98,115
220,222,222,99,115
218,221,220,100,115
217,219,218,101,115
214,217,215,102,115
212,214,213,103,115
211,213,212,104,115
207,209,209,105,115
204,206,207,106,115
202,203,206,107,115
196,197,200,108,115
194,195,197,109,115
189,191,192,110,115
181,183,185,111,115
172,177,182,112,115
162,171,173,113,115
160,152,148,114,115
183,96,98,115,115
205,46,60,116,115
218,40,50,117,115
215,48,51,118,115
216,53,52,119,115
219,58,58,120,115
226,61,58,121,115
225,69,60,122,115
227,72,61,123,115
228,75,62,124,115
229,77,63,125,115
229,78,60,126,115
229,75,59,127,115
229,72,59,128,115
228,70,58,129,115
225,68,55,130,115
223,67,57,131,115
225,69,64,132,115
227,82,76,133,115
229,105,94,134,115
232,129,122,135,115
236,148,147,136,115
239,161,158,137,115
240,170,167,138,115
241,173,168,139,115
239,174,168,140,115
240,172,164,141,115
241,169,162,142,115
240,165,160,143,115
237,160,153,144,115
237,147,135,145,115
227,145,144,146,115
244,238,237,147,115
252,254,253,148,115
253,255,254,149,115
255,255,255,150,115
255,255,255,151,115
255,255,255,152,115
255,255,255,153,115
255,255,255,154,115
255,255,255,155,115
255,255,255,156,115
255,255,255,157,115
255,255,255,158,115
255,255,255,159,115
255,255,255,160,115
255,255,255,161,115
255,255,255,162,115
255,255,255,163,115
255,255,255,164,115
255,255,255,165,115
255,255,255,166,115
255,255,255,167,115
255,255,255,168,115
255,255,255,169,115
255,255,255,170,115
255,255,255,171,115
255,255,255,172,115
255,255,255,173,115
255,255,255,174,115
255,255,255,175,115
255,255,255,176,115
255,255,255,177,115
255,255,255,178,115
255,255,255,179,115
255,255,255,180,115
255,255,255,181,115
255,255,255,182,115
255,255,255,183,115
255,255,255,184,115
255,255,255,185,115
255,255,255,186,115
255,255,255,187,115
255,255,255,188,115
255,255,255,189,115
255,255,255,190,115
255,255,255,191,115
255,255,255,192,115
255,255,255,193,115
255,255,255,194,115
255,255,255,195,115
255,255,255,196,115
255,255,255,197,115
255,255,255,198,115
255,255,255,199,115
255,255,255,0,116
255,255,255,1,116
255,255,255,2,116
255,255,255,3,116
255,255,255,4,116
255,255,255,5,116
255,255,255,6,116
255,255,255,7,116
255,255,255,8,116
255,255,255,9,116
255,255,255,10,116
255,255,255,11,116
255,255,255,12,116
255,255,255,13,116
255,255,255,14,116
255,255,255,15,116
255,255,255,16,116
255,255,255,17,116
255,255,255,18,116
255,255,255,19,116
255,255,255,20,116
255,255,255,21,116
255,255,255,22,116
255,255,255,23,116
255,255,255,24,116
255,255,255,25,116
255,255,255,26,116
255,255,255,27,116
255,255,255,28,116
255,255,255,29,116
255,255,255,30,116
255,255,255,31,116
255,255,255,32,116
255,255,255,33,116
255,255,255,34,116
255,255,255,35,116
255,255,255,36,116
255,255,255,37,116
255,255,255,38,116
255,255,255,39,116
255,255,255,40,116
255,255,255,41,116
255,255,255,42,116
253,255,254,43,116
250,251,252,44,116
246,250,251,45,116
246,254,253,46,116
235,210,210,47,116
226,148,151,48,116
248,170,163,49,116
248,181,169,50,116
248,184,173,51,116
249,185,177,52,116
249,185,177,53,116
248,183,175,54,116
246,175,167,55,116
240,161,153,56,116
235,140,129,57,116
231,113,99,58,116
228,90,79,59,116
225,71,62,60,116
221,63,52,61,116
216,58,48,62,116
219,52,46,63,116
217,50,46,64,116
215,48,45,65,116
213,47,44,66,116
215,47,46,67,116
215,45,45,68,116
219,44,46,69,116
212,47,47,70,116
218,44,48,71,116
219,45,50,72,116
212,47,52,73,116
216,44,55,74,116
197,43,51,75,116
200,40,50,76,116
205,39,54,77,116
204,82,91,78,116
220,168,167,79,116
236,227,226,80,116
242,242,241,81,116
238,242,239,82,116
236,241,239,83,116
237,242,242,84,116
239,241,241,85,116
239,240,240,86,116
239,239,239,87,116
238,239,238,88,116
237,238,237,89,116
235,237,236,90,116
231,236,236,91,116
231,235,235,92,116
231,234,234,93,116
229,230,231,94,116
224,228,227,95,116
225,227,226,96,116
222,223,223,97,116
219,221,220,98,116
218,220,219,99,116
216,217,218,100,116
212,215,215,101,116
211,213,213,102,116
209,210,210,103,116
207,208,207,104,116
203,204,203,105,116
199,200,201,106,116
196,199,200,107,116
190,193,194,108,116
186,190,191,109,116
176,183,185,110,116
169,172,175,111,116
167,151,148,112,116
171,111,107,113,116
192,62,69,114,116
204,44,52,115,116
214,44,53,116,116
217,49,56,117,116
214,53,58,118,116
219,57,57,119,116
223,62,59,120,116
222,69,56,121,116
225,72,57,122,116
227,74,59,123,116
229,76,62,124,116
228,75,59,125,116
227,74,58,126,116
228,73,58,127,116
226,70,57,128,116
226,67,55,129,116
224,65,53,130,116
223,65,54,131,116
223,68,62,132,116
226,80,75,133,116
230,103,95,134,116
231,127,121,135,116
236,148,144,136,116
240,161,158,137,116
240,171,166,138,116
241,174,168,139,116
241,175,168,140,116
241,174,166,141,116
242,171,164,142,116
241,166,161,143,116
238,162,154,144,116
239,149,137,145,116
226,143,142,146,116
245,238,238,147,116
252,255,254,148,116
252,254,253,149,116
255,255,255,150,116
255,255,255,151,116
255,255,255,152,116
255,255,255,153,116
255,255,255,154,116
255,255,255,155,116
255,255,255,156,116
255,255,255,157,116
255,255,255,158,116
255,255,255,159,116
255,255,255,160,116
255,255,255,161,116
255,255,255,162,116
255,255,255,163,116
255,255,255,164,116
255,255,255,165,116
255,255,255,166,116
255,255,255,167,116
255,255,255,168,116
255,255,255,169,116
255,255,255,170,116
255,255,255,171,116
255,255,255,172,116
255,255,255,173,116
255,255,255,174,116
255,255,255,175,116
255,255,255,176,116
255,255,255,177,116
255,255,255,178,116
255,255,255,179,116
255,255,255,180,116
255,255,255,181,116
255,255,255,182,116
255,255,255,183,116
255,255,255,184,116
255,255,255,185,116
255,255,255,186,116
255,255,255,187,116
255,255,255,188,116
255,255,255,189,116
255,255,255,190,116
255,255,255,191,116
255,255,255,192,116
255,255,255,193,116
255,255,255,194,116
255,255,255,195,116
255,255,255,196,116
255,255,255,197,116
255,255,255,198,116
255,255,255,199,116
255,255,255,0,117
255,255,255,1,117
255,255,255,2,117
255,255,255,3,117
255,255,255,4,117
255,255,255,5,117
255,255,255,6,117
255,255,255,7,117
255,255,255,8,117
255,255,255,9,117
255,255,255,10,117
255,255,255,11,117
255,255,255,12,117
255,255,255,13,117
255,255,255,14,117
255,255,255,15,117
255,255,255,16,117
255,255,255,17,117
255,255,255,18,117
255,255,255,19,117
255,255,255,20,117
255,255,255,21,117
255,255,255,22,117
255,255,255,23,117
255,255,255,24,117
255,255,255,25,117
255,255,255,26,117
255,255,255,27,117
255,255,255,28,117
255,255,255,29,117
255,255,255,30,117
255,255,255,31,117
255,255,255,32,117
255,255,255,33,117
255,255,255,34,117
255,255,255,35,117
255,255,255,36,117
255,255,255,37,117
255,255,255,38,117
255,255,255,39,117
255,255,255,40,117
255,255,255,41,117
254,255,254,42,117
253,255,254,43,117
253,251,253,44,117
248,251,253,45,117
238,248,246,46,117
231,208,207,47,117
229,149,152,48,117
248,170,164,49,117
246,181,169,50,117
247,185,173,51,117
248,185,175,52,117
248,185,176,53,117
247,182,173,54,117
246,173,165,55,117
240,159,150,56,117
235,137,127,57,117
231,110,99,58,117
227,88,78,59,117
224,69,61,60,117
221,59,52,61,117
217,54,49,62,117
219,50,48,63,117
218,48,46,64,117
216,47,46,65,117
216,48,47,66,117
215,48,47,67,117
216,46,46,68,117
220,44,47,69,117
213,49,49,70,117
219,48,52,71,117
221,49,52,72,117
219,49,52,73,117
221,45,52,74,117
217,50,57,75,117
220,48,55,76,117
222,46,53,77,117
220,39,54,78,117
201,47,59,79,117
195,89,91,80,117
213,152,148,81,117
231,198,196,82,117
228,227,224,83,117
233,234,234,84,117
236,234,228,85,117
233,229,221,86,117
234,224,224,87,117
232,227,223,88,117
234,231,226,89,117
236,229,231,90,117
229,232,232,91,117
225,232,231,92,117
227,229,231,93,117
227,226,229,94,117
221,225,226,95,117
218,223,223,96,117
216,220,217,97,117
215,218,215,98,117
214,216,214,99,117
211,215,212,100,117
209,212,210,101,117
209,208,207,102,117
205,206,205,103,117
199,202,203,104,117
194,199,201,105,117
192,195,197,106,117
189,190,191,107,117
180,182,177,108,117
172,164,164,109,117
172,135,136,110,117
176,96,96,111,117
193,56,67,112,117
211,35,52,113,117
219,37,53,114,117
217,40,57,115,117
220,44,56,116,117
219,50,57,117,117
222,57,55,118,117
223,60,58,119,117
224,65,61,120,117
223,74,47,121,117
232,71,62,122,117
230,74,61,123,117
225,77,62,124,117
229,73,63,125,117
232,70,54,126,117
225,72,54,127,117
224,69,55,128,117
225,65,54,129,117
223,63,53,130,117
222,64,55,131,117
222,68,62,132,117
226,80,76,133,117
230,101,96,134,117
232,126,122,135,117
235,148,142,136,117
240,162,157,137,117
241,171,165,138,117
241,175,169,139,117
242,176,169,140,117
242,175,167,141,117
243,174,166,142,117
242,168,160,143,117
240,162,153,144,117
241,150,139,145,117
228,147,145,146,117
245,240,237,147,117
252,255,255,148,117
252,255,254,149,117
255,255,255,150,117
255,255,255,151,117
255,255,255,152,117
255,255,255,153,117
255,255,255,154,117
255,255,255,155,117
255,255,255,156,117
255,255,255,157,117
255,255,255,158,117
255,255,255,159,117
255,255,255,160,117
255,255,255,161,117
255,255,255,162,117
255,255,255,163,117
255,255,255,164,117
255,255,255,165,117
255,255,255,166,117
255,255,255,167,117
255,255,255,168,117
255,255,255,169,117
255,255,255,170,117
255,255,255,171,117
255,255,255,172,117
255,255,255,173,117
255,255,255,174,117
255,255,255,175,117
255,255,255,176,117
255,255,255,177,117
255,255,255,178,117
255,255,255,179,117
255,255,255,180,117
255,255,255,181,117
255,255,255,182,117
255,255,255,183,117
255,255,255,184,117
255,255,255,185,117
255,255,255,186,117
255,255,255,187,117
255,255,255,188,117
255,255,255,189,117
255,255,255,190,117
255,255,255,191,117
255,255,255,192,117
255,255,255,193,117
255,255,255,194,117
255,255,255,195,117
255,255,255,196,117
255,255,255,197,117
255,255,255,198,117
255,255,255,199,117
255,255,255,0,118
255,255,255,1,118
255,255,255,2,118
255,255,255,3,118
255,255,255,4,118
255,255,255,5,118
255,255,255,6,118
255,255,255,7,118
255,255,255,8,118
255,255,255,9,118
255,255,255,10,118
255,255,255,11,118
255,255,255,12,118
255,255,255,13,118
255,255,255,14,118
255,255,255,15,118
255,255,255,16,118
255,255,255,17,118
255,255,255,18,118
255,255,255,19,118
255,255,255,20,118
255,255,255,21,118
255,255,255,22,118
255,255,255,23,118
255,255,255,24,118
255,255,255,25,118
255,255,255,26,118
255,255,255,27,118
255,255,255,28,118
255,255,255,29,118
255,255,255,30,118
255,255,255,31,118
255,255,255,32,118
255,255,255,33,118
255,255,255,34,118
255,255,255,35,118
255,255,255,36,118
255,255,255,37,118
255,255,255,38,118
255,255,255,39,118
255,255,255,40,118
255,255,255,41,118
254,255,254,42,118
253,255,253,43,118
255,253,254,44,118
251,252,254,45,118
243,249,247,46,118
231,194,195,47,118
232,149,150,48,118
247,172,164,49,118
245,182,170,50,118
245,186,172,51,118
246,185,174,52,118
246,184,174,53,118
246,179,170,54,118
245,170,162,55,118
240,157,148,56,118
234,134,125,57,118
229,106,97,58,118
225,85,76,59,118
222,67,61,60,118
220,57,52,61,118
216,51,48,62,118
219,48,48,63,118
218,47,47,64,118
217,47,47,65,118
216,48,47,66,118
216,48,47,67,118
215,48,47,68,118
216,48,48,69,118
216,52,51,70,118
219,51,53,71,118
221,47,53,72,118
211,36,49,73,118
206,41,54,74,118
213,46,61,75,118
213,42,55,76,118
214,50,56,77,118
212,58,55,78,118
218,57,55,79,118
218,52,51,80,118
202,49,43,81,118
210,55,59,82,118
199,89,88,83,118
207,127,120,84,118
222,151,147,85,118
213,155,149,86,118
216,144,141,87,118
225,158,151,88,118
220,187,175,89,118
228,209,207,90,118
229,220,222,91,118
221,223,224,92,118
218,223,223,93,118
217,221,223,94,118
213,222,224,95,118
210,219,222,96,118
207,214,220,97,118
206,211,218,98,118
204,208,215,99,118
202,206,214,100,118
204,202,210,101,118
199,197,202,102,118
188,191,192,103,118
185,182,179,104,118
185,166,163,105,118
180,142,142,106,118
177,118,117,107,118
182,83,96,108,118
198,53,68,109,118
211,36,53,110,118
217,33,49,111,118
204,44,48,112,118
200,65,45,113,118
193,86,40,114,118
190,101,53,115,118
186,115,54,116,118
193,117,63,117,118
193,116,53,118,118
198,110,55,119,118
210,96,57,120,118
218,82,57,121,118
223,76,56,122,118
224,77,57,123,118
228,76,56,124,118
229,73,58,125,118
224,71,61,126,118
223,71,52,127,118
223,68,53,128,118
224,64,53,129,118
222,62,53,130,118
221,63,57,131,118
221,67,61,132,118
225,79,76,133,118
230,100,96,134,118
232,126,119,135,118
235,149,141,136,118
240,163,156,137,118
241,172,163,138,118
241,174,167,139,118
243,177,171,140,118
243,176,168,141,118
243,174,165,142,118
242,169,159,143,118
241,163,152,144,118
243,151,141,145,118
232,152,149,146,118
245,240,236,147,118
251,254,255,148,118
252,255,254,149,118
255,255,255,150,118
255,255,255,151,118
255,255,255,152,118
255,255,255,153,118
255,255,255,154,118
255,255,255,155,118
255,255,255,156,118
255,255,255,157,118
255,255,255,158,118
255,255,255,159,118
255,255,255,160,118
255,255,255,161,118
255,255,255,162,118
255,255,255,163,118
255,255,255,164,118
255,255,255,165,118
255,255,255,166,118
255,255,255,167,118
255,255,255,168,118
255,255,255,169,118
255,255,255,170,118
255,255,255,171,118
255,255,255,172,118
255,255,255,173,118
255,255,255,174,118
255,255,255,175,118
255,255,255,176,118
255,255,255,177,118
255,255,255,178,118
255,255,255,179,118
255,255,255,180,118
255,255,255,181,118
255,255,255,182,118
255,255,255,183,118
255,255,255,184,118
255,255,255,185,118
255,255,255,186,118
255,255,255,187,118
255,255,255,188,118
255,255,255,189,118
255,255,255,190,118
255,255,255,191,118
255,255,255,192,118
255,255,255,193,118
255,255,255,194,118
255,255,255,195,118
255,255,255,196,118
255,255,255,197,118
255,255,255,198,118
255,255,255,199,118
255,255,255,0,119
255,255,255,1,119
255,255,255,2,119
255,255,255,3,119
255,255,255,4,119
255,255,255,5,119
255,255,255,6,119
255,255,255,7,119
255,255,255,8,119
255,255,255,9,119
255,255,255,10,119
255,255,255,11,119
255,255,255,12,119
255,255,255,13,119
255,255,255,14,119
255,255,255,15,119
255,255,255,16,119
255,255,255,17,119
255,255,255,18,119
255,255,255,19,119
255,255,255,20,119
255,255,255,21,119
255,255,255,22,119
255,255,255,23,119
255,255,255,24,119
255,255,255,25,119
255,255,255,26,119
255,255,255,27,119
255,255,255,28,119
255,255,255,29,119
255,255,255,30,119
255,255,255,31,119
255,255,255,32,119
255,255,255,33,119
255,255,255,34,119
255,255,255,35,119
255,255,255,36,119
255,255,255,37,119
255,255,255,38,119
255,255,255,39,119
255,255,255,40,119
255,255,255,41,119
255,255,255,42,119
254,254,254,43,119
254,255,254,44,119
250,255,254,45,119
245,243,238,46,119
224,164,163,47,119
239,157,151,48,119
248,172,163,49,119
244,181,168,50,119
244,184,172,51,119
246,184,173,52,119
245,182,172,53,119
245,177,169,54,119
244,167,161,55,119
237,153,145,56,119
232,131,122,57,119
227,104,95,58,119
223,81,74,59,119
221,64,60,60,119
218,56,53,61,119
215,50,47,62,119
219,46,47,63,119
218,47,48,64,119
218,47,46,65,119
217,47,46,66,119
216,48,48,67,119
217,50,48,68,119
215,53,51,69,119
216,54,51,70,119
218,50,50,71,119
215,52,68,72,119
219,130,142,73,119
228,182,184,74,119
229,169,174,75,119
223,150,152,76,119
204,83,87,77,119
218,59,62,78,119
229,59,63,79,119
220,57,63,80,119
214,51,62,81,119
214,42,60,82,119
211,43,59,83,119
205,42,51,84,119
205,40,50,85,119
199,75,83,86,119
211,107,110,87,119
203,60,68,88,119
189,94,85,89,119
200,109,110,90,119
199,129,127,91,119
204,139,136,92,119
208,146,145,93,119
203,151,149,94,119
198,155,153,95,119
197,155,152,96,119
196,151,147,97,119
196,147,145,98,119
195,142,141,99,119
189,136,133,100,119
182,124,121,101,119
184,106,105,102,119
187,87,87,103,119
192,68,72,104,119
195,55,58,105,119
204,43,48,106,119
209,37,51,107,119
208,38,44,108,119
213,37,44,109,119
200,61,43,110,119
176,112,58,111,119
169,154,61,112,119
162,169,71,113,119
143,181,80,114,119
127,184,70,115,119
137,199,69,116,119
110,169,75,117,119
128,193,71,118,119
131,180,75,119,119
144,178,68,120,119
162,176,66,121,119
171,153,59,122,119
202,114,58,123,119
225,79,53,124,119
229,69,47,125,119
225,69,54,126,119
227,65,53,127,119
225,65,53,128,119
223,64,52,129,119
222,62,52,130,119
221,63,56,131,119
221,67,60,132,119
225,79,74,133,119
230,101,95,134,119
232,126,117,135,119
236,149,140,136,119
240,163,155,137,119
241,172,164,138,119
243,176,169,139,119
244,178,173,140,119
244,176,170,141,119
243,175,166,142,119
242,170,160,143,119
242,166,152,144,119
244,152,140,145,119
234,154,151,146,119
245,241,234,147,119
250,254,255,148,119
252,255,254,149,119
255,255,255,150,119
255,255,255,151,119
255,255,255,152,119
255,255,255,153,119
255,255,255,154,119
255,255,255,155,119
255,255,255,156,119
255,255,255,157,119
255,255,255,158,119
255,255,255,159,119
255,255,255,160,119
255,255,255,161,119
255,255,255,162,119
255,255,255,163,119
255,255,255,164,119
255,255,255,165,119
255,255,255,166,119
255,255,255,167,119
255,255,255,168,119
255,255,255,169,119
255,255,255,170,119
255,255,255,171,119
255,255,255,172,119
255,255,255,173,119
255,255,255,174,119
255,255,255,175,119
255,255,255,176,119
255,255,255,177,119
255,255,255,178,119
255,255,255,179,119
255,255,255,180,119
255,255,255,181,119
255,255,255,182,119
255,255,255,183,119
255,255,255,184,119
255,255,255,185,119
255,255,255,186,119
255,255,255,187,119
255,255,255,188,119
255,255,255,189,119
255,255,255,190,119
255,255,255,191,119
255,255,255,192,119
255,255,255,193,119
255,255,255,194,119
255,255,255,195,119
255,255,255,196,119
255,255,255,197,119
255,255,255,198,119
255,255,255,199,119
255,255,255,0,120
255,255,255,1,120
255,255,255,2,120
255,255,255,3,120
255,255,255,4,120
255,255,255,5,120
255,255,255,6,120
255,255,255,7,120
255,255,255,8,120
255,255,255,9,120
255,255,255,10,120
255,255,255,11,120
255,255,255,12,120
255,255,255,13,120
255,255,255,14,120
255,255,255,15,120
255,255,255,16,120
255,255,255,17,120
255,255,255,18,120
255,255,255,19,120
255,255,255,20,120
255,255,255,21,120
255,255,255,22,120
255,255,255,23,120
255,255,255,24,120
255,255,255,25,120
255,255,255,26,120
255,255,255,27,120
255,255,255,28,120
255,255,255,29,120
255,255,255,30,120
255,255,255,31,120
255,255,255,32,120
255,255,255,33,120
255,255,255,34,120
255,255,255,35,120
255,255,255,36,120
255,255,255,37,120
255,255,255,38,120
255,255,255,39,120
255,255,255,40,120
255,254,255,41,120
254,253,255,42,120
253,253,255,43,120
251,254,254,44,120
251,255,254,45,120
248,241,233,46,120
234,162,157,47,120
246,164,155,48,120
249,174,166,49,120
245,180,170,50,120
245,182,172,51,120
245,183,172,52,120
244,182,171,53,120
245,176,169,54,120
241,165,158,55,120
234,151,143,56,120
230,129,119,57,120
227,100,93,58,120
222,78,72,59,120
221,62,59,60,120
217,53,52,61,120
214,49,48,62,120
219,46,46,63,120
219,46,46,64,120
218,46,45,65,120
217,47,45,66,120
216,48,46,67,120
220,51,47,68,120
218,56,51,69,120
219,56,52,70,120
217,45,49,71,120
210,79,90,72,120
232,219,218,73,120
229,172,185,74,120
201,51,79,75,120
209,60,81,76,120
219,59,75,77,120
221,54,59,78,120
220,62,60,79,120
214,45,51,80,120
221,129,130,81,120
214,151,171,82,120
230,169,183,83,120
212,70,82,84,120
211,37,51,85,120
213,114,124,86,120
220,161,177,87,120
219,155,168,88,120
210,66,84,89,120
214,34,49,90,120
212,43,52,91,120
213,50,52,92,120
211,55,55,93,120
213,55,57,94,120
214,53,56,95,120
207,57,57,96,120
206,58,56,97,120
208,56,55,98,120
210,55,55,99,120
211,53,53,100,120
212,52,51,101,120
215,49,48,102,120
218,49,50,103,120
216,46,48,104,120
213,44,47,105,120
217,42,46,106,120
215,36,53,107,120
195,63,45,108,120
174,128,49,109,120
154,182,66,110,120
130,180,81,111,120
111,166,79,112,120
100,159,77,113,120
96,157,83,114,120
91,150,76,115,120
121,179,83,116,120
75,125,81,117,120
104,165,84,118,120
85,146,84,119,120
123,189,79,120,120
99,157,73,121,120
122,184,79,122,120
126,176,72,123,120
162,170,65,124,120
195,118,58,125,120
219,72,45,126,120
226,60,56,127,120
224,63,53,128,120
221,61,49,129,120
221,60,50,130,120
222,62,55,131,120
219,66,60,132,120
223,79,74,133,120
230,101,93,134,120
234,126,117,135,120
237,148,140,136,120
241,163,155,137,120
242,173,165,138,120
245,178,171,139,120
245,179,174,140,120
245,177,170,141,120
244,176,166,142,120
243,171,161,143,120
244,168,154,144,120
244,152,142,145,120
233,154,153,146,120
246,240,237,147,120
251,253,255,148,120
252,255,254,149,120
255,255,255,150,120
255,255,255,151,120
255,255,255,152,120
255,255,255,153,120
255,255,255,154,120
255,255,255,155,120
255,255,255,156,120
255,255,255,157,120
255,255,255,158,120
255,255,255,159,120
255,255,255,160,120
255,255,255,161,120
255,255,255,162,120
255,255,255,163,120
255,255,255,164,120
255,255,255,165,120
255,255,255,166,120
255,255,255,167,120
255,255,255,168,120
255,255,255,169,120
255,255,255,170,120
255,255,255,171,120
255,255,255,172,120
255,255,255,173,120
255,255,255,174,120
255,255,255,175,120
255,255,255,176,120
255,255,255,177,120
255,255,255,178,120
255,255,255,179,120
255,255,255,180,120
255,255,255,181,120
255,255,255,182,120
255,255,255,183,120
255,255,255,184,120
255,255,255,185,120
255,255,255,186,120
255,255,255,187,120
255,255,255,188,120
255,255,255,189,120
255,255,255,190,120
255,255,255,191,120
255,255,255,192,120
255,255,255,193,120
255,255,255,194,120
255,255,255,195,120
255,255,255,196,120
255,255,255,197,120
255,255,255,198,120
255,255,255,199,120
255,255,255,0,121
255,255,255,1,121
255,255,255,2,121
255,255,255,3,121
255,255,255,4,121
255,255,255,5,121
255,255,255,6,121
255,255,255,7,121
255,255,255,8,121
255,255,255,9,121
255,255,255,10,121
255,255,255,11,121
255,255,255,12,121
255,255,255,13,121
255,255,255,14,121
255,255,255,15,121
255,255,255,16,121
255,255,255,17,121
255,255,255,18,121
255,255,255,19,121
255,255,255,20,121
255,255,255,21,121
255,255,255,22,121
255,255,255,23,121
255,255,255,24,121
255,255,255,25,121
255,255,255,26,121
255,255,255,27,121
255,255,255,28,121
255,255,255,29,121
255,255,255,30,121
255,255,255,31,121
255,255,255,32,121
255,255,255,33,121
255,255,255,34,121
255,255,255,35,121
255,255,255,36,121
255,255,255,37,121
255,255,255,38,121
255,255,255,39,121
255,255,255,40,121
255,255,255,41,121
255,255,255,42,121
252,254,255,43,121
251,254,255,44,121
254,255,255,45,121
248,241,234,46,121
238,164,158,47,121
245,168,155,48,121
248,174,163,49,121
245,178,169,50,121
245,180,171,51,121
244,182,171,52,121
244,181,170,53,121
244,175,168,54,121
241,164,158,55,121
233,149,141,56,121
230,126,118,57,121
226,98,92,58,121
221,75,71,59,121
221,60,57,60,121
217,52,52,61,121
213,48,48,62,121
217,45,45,63,121
218,46,46,64,121
218,47,47,65,121
218,49,46,66,121
218,50,46,67,121
221,53,46,68,121
223,58,48,69,121
215,62,51,70,121
226,40,52,71,121
191,58,72,72,121
227,212,211,73,121
203,82,107,74,121
206,21,39,75,121
212,36,51,76,121
205,37,51,77,121
208,60,65,78,121
202,58,59,79,121
208,36,47,80,121
210,71,84,81,121
203,75,98,82,121
209,80,99,83,121
205,42,55,84,121
198,38,46,85,121
203,65,80,86,121
194,66,84,87,121
199,69,79,88,121
199,32,45,89,121
207,54,63,90,121
212,65,74,91,121
214,55,58,92,121
218,68,57,93,121
222,72,58,94,121
228,69,59,95,121
228,69,62,96,121
229,69,65,97,121
229,67,64,98,121
228,64,62,99,121
228,62,60,100,121
229,60,59,101,121
226,58,59,102,121
218,55,56,103,121
215,51,54,104,121
215,46,52,105,121
207,49,46,106,121
187,100,61,107,121
157,169,80,108,121
143,202,68,109,121
141,202,63,110,121
130,189,74,111,121
75,142,86,112,121
97,163,87,113,121
101,158,77,114,121
117,173,74,115,121
119,171,78,116,121
115,164,74,117,121
128,177,87,118,121
110,157,84,119,121
125,180,88,120,121
98,158,77,121,121
90,144,86,122,121
96,146,86,123,121
113,172,79,124,121
135,186,75,125,121
172,159,69,126,121
201,88,57,127,121
219,60,47,128,121
220,60,49,129,121
222,59,49,130,121
223,60,55,131,121
220,67,61,132,121
222,80,73,133,121
230,101,92,134,121
234,126,116,135,121
239,149,141,136,121
242,164,157,137,121
243,174,166,138,121
245,179,171,139,121
245,180,175,140,121
246,178,171,141,121
245,177,167,142,121
245,173,162,143,121
244,167,154,144,121
241,150,143,145,121
226,145,151,146,121
245,238,237,147,121
252,254,255,148,121
253,255,254,149,121
255,255,255,150,121
255,255,255,151,121
255,255,255,152,121
255,255,255,153,121
255,255,255,154,121
255,255,255,155,121
255,255,255,156,121
255,255,255,157,121
255,255,255,158,121
255,255,255,159,121
255,255,255,160,121
255,255,255,161,121
255,255,255,162,121
255,255,255,163,121
255,255,255,164,121
255,255,255,165,121
255,255,255,166,121
255,255,255,167,121
255,255,255,168,121
255,255,255,169,121
255,255,255,170,121
255,255,255,171,121
255,255,255,172,121
255,255,255,173,121
255,255,255,174,121
255,255,255,175,121
255,255,255,176,121
255,255,255,177,121
255,255,255,178,121
255,255,255,179,121
255,255,255,180,121
255,255,255,181,121
255,255,255,182,121
255,255,255,183,121
255,255,255,184,121
255,255,255,185,121
255,255,255,186,121
255,255,255,187,121
255,255,255,188,121
255,255,255,189,121
255,255,255,190,121
255,255,255,191,121
255,255,255,192,121
255,255,255,193,121
255,255,255,194,121
255,255,255,195,121
255,255,255,196,121
255,255,255,197,121
255,255,255,198,121
255,255,255,199,121
255,255,255,0,122
255,255,255,1,122
255,255,255,2,122
255,255,255,3,122
255,255,255,4,122
255,255,255,5,122
255,255,255,6,122
255,255,255,7,122
255,255,255,8,122
255,255,255,9,122
255,255,255,10,122
255,255,255,11,122
255,255,255,12,122
255,255,255,13,122
255,255,255,14,122
255,255,255,15,122
255,255,255,16,122
255,255,255,17,122
255,255,255,18,122
255,255,255,19,122
255,255,255,20,122
255,255,255,21,122
255,255,255,22,122
255,255,255,23,122
255,255,255,24,122
255,255,255,25,122
255,255,255,26,122
255,255,255,27,122
255,255,255,28,122
255,255,255,29,122
255,255,255,30,122
255,255,255,31,122
255,255,255,32,122
255,255,255,33,122
255,255,255,34,122
255,255,255,35,122
255,255,255,36,122
255,255,255,37,122
255,255,255,38,122
255,255,255,39,122
255,255,255,40,122
255,255,255,41,122
255,255,255,42,122
253,254,255,43,122
253,253,255,44,122
254,254,255,45,122
247,240,234,46,122
231,157,154,47,122
243,165,154,48,122
246,173,163,49,122
244,177,168,50,122
244,180,170,51,122
244,179,171,52,122
243,178,171,53,122
241,173,166,54,122
240,162,158,55,122
234,146,140,56,122
230,122,116,57,122
224,96,91,58,122
222,72,69,59,122
219,56,55,60,122
216,49,50,61,122
214,47,47,62,122
217,46,44,63,122
218,47,45,64,122
219,48,47,65,122
219,51,47,66,122
221,54,48,67,122
225,55,49,68,122
226,60,50,69,122
221,59,57,70,122
213,37,51,71,122
220,120,132,72,122
243,233,232,73,122
215,137,152,74,122
218,106,113,75,122
196,45,70,76,122
213,132,142,77,122
212,144,152,78,122
211,109,127,79,122
210,106,134,80,122
217,136,144,81,122
211,106,117,82,122
215,119,127,83,122
199,44,64,84,122
223,156,165,85,122
211,129,146,86,122
231,194,191,87,122
200,76,91,88,122
207,107,124,89,122
232,176,186,90,122
219,153,155,91,122
204,86,87,92,122
227,62,63,93,122
235,76,68,94,122
232,80,67,95,122
232,79,68,96,122
232,77,67,97,122
231,76,67,98,122
228,73,65,99,122
226,70,61,100,122
223,66,57,101,122
219,63,50,102,122
217,56,46,103,122
220,47,53,104,122
202,55,41,105,122
179,132,58,106,122
147,194,71,107,122
90,158,80,108,122
98,159,73,109,122
143,199,61,110,122
144,202,68,111,122
125,167,76,112,122
114,142,69,113,122
97,113,61,114,122
85,97,58,115,122
77,87,58,116,122
68,80,50,117,122
66,79,51,118,122
80,98,53,119,122
96,124,56,120,122
116,153,67,121,122
118,166,92,122,122
106,165,78,123,122
102,155,88,124,122
70,130,82,125,122
119,177,75,126,122
167,184,65,127,122
193,108,50,128,122
219,58,48,129,122
223,58,51,130,122
218,64,50,131,122
218,69,59,132,122
220,82,73,133,122
230,101,91,134,122
236,126,115,135,122
239,148,140,136,122
243,164,157,137,122
244,175,167,138,122
245,179,172,139,122
246,181,175,140,122
247,179,172,141,122
247,179,168,142,122
246,174,162,143,122
244,168,154,144,122
235,146,141,145,122
224,143,154,146,122
249,242,243,147,122
250,253,255,148,122
253,255,254,149,122
255,255,255,150,122
255,255,255,151,122
255,255,255,152,122
255,255,255,153,122
255,255,255,154,122
255,255,255,155,122
255,255,255,156,122
255,255,255,157,122
255,255,255,158,122
255,255,255,159,122
255,255,255,160,122
255,255,255,161,122
255,255,255,162,122
255,255,255,163,122
255,255,255,164,122
255,255,255,165,122
255,255,255,166,122
255,255,255,167,122
255,255,255,168,122
255,255,255,169,122
255,255,255,170,122
255,255,255,171,122
255,255,255,172,122
255,255,255,173,122
255,255,255,174,122
255,255,255,175,122
255,255,255,176,122
255,255,255,177,122
255,255,255,178,122
255,255,255,179,122
255,255,255,180,122
255,255,255,181,122
255,255,255,182,122
255,255,255,183,122
255,255,255,184,122
255,255,255,185,122
255,255,255,186,122
255,255,255,187,122
255,255,255,188,122
255,255,255,189,122
255,255,255,190,122
255,255,255,191,122
255,255,255,192,122
255,255,255,193,122
255,255,255,194,122
255,255,255,195,122
255,255,255,196,122
255,255,255,197,122
255,255,255,198,122
255,255,255,199,122
255,255,255,0,123
255,255,255,1,123
255,255,255,2,123
255,255,255,3,123
255,255,255,4,123
255,255,255,5,123
255,255,255,6,123
255,255,255,7,123
255,255,255,8,123
255,255,255,9,123
255,255,255,10,123
255,255,255,11,123
255,255,255,12,123
255,255,255,13,123
255,255,255,14,123
255,255,255,15,123
255,255,255,16,123
255,255,255,17,123
255,255,255,18,123
255,255,255,19,123
255,255,255,20,123
255,255,255,21,123
255,255,255,22,123
255,255,255,23,123
255,255,255,24,123
255,255,255,25,123
255,255,255,26,123
255,255,255,27,123
255,255,255,28,123
255,255,255,29,123
255,255,255,30,123
255,255,255,31,123
255,255,255,32,123
255,255,255,33,123
255,255,255,34,123
255,255,255,35,123
255,255,255,36,123
255,255,255,37,123
255,255,255,38,123
255,255,255,39,123
255,255,255,40,123
255,255,255,41,123
254,255,255,42,123
252,253,255,43,123
252,252,254,44,123
252,253,254,45,123
245,239,235,46,123
228,150,152,47,123
241,160,154,48,123
244,172,165,49,123
244,177,168,50,123
244,178,170,51,123
244,177,171,52,123
242,175,169,53,123
240,173,167,54,123
238,162,157,55,123
235,142,140,56,123
231,117,114,57,123
222,93,88,58,123
222,71,69,59,123
219,54,54,60,123
216,48,48,61,123
217,46,45,62,123
218,47,45,63,123
217,49,46,64,123
220,50,47,65,123
219,54,47,66,123
218,58,49,67,123
219,62,51,68,123
217,66,49,69,123
220,55,54,70,123
204,47,60,71,123
234,205,203,72,123
222,155,166,73,123
213,75,97,74,123
202,73,92,75,123
221,162,173,76,123
233,210,211,77,123
201,114,130,78,123
195,84,97,79,123
236,199,210,80,123
207,127,135,81,123
218,180,184,82,123
211,145,166,83,123
224,169,175,84,123
215,137,148,85,123
203,103,117,86,123
231,182,193,87,123
196,105,123,88,123
240,220,218,89,123
198,71,94,90,123
207,116,121,91,123
210,84,85,92,123
230,69,64,93,123
235,85,68,94,123
234,88,68,95,123
233,86,68,96,123
233,83,68,97,123
233,81,67,98,123
231,76,64,99,123
227,70,60,100,123
224,63,56,101,123
222,58,52,102,123
222,50,41,103,123
206,55,46,104,123
171,147,56,105,123
125,176,78,106,123
92,149,79,107,123
102,163,93,108,123
99,158,83,109,123
130,179,74,110,123
103,127,70,111,123
85,88,67,112,123
59,56,57,113,123
50,45,50,114,123
59,55,59,115,123
57,55,61,116,123
42,40,47,117,123
42,41,44,118,123
51,50,46,119,123
57,56,56,120,123
41,43,44,121,123
42,58,26,122,123
103,136,58,123,123
129,179,87,124,123
82,138,92,125,123
109,169,85,126,123
108,166,81,127,123
144,184,64,128,123
191,116,57,129,123
217,58,53,130,123
219,62,50,131,123
222,68,56,132,123
225,81,73,133,123
231,100,91,134,123
236,126,115,135,123
238,148,140,136,123
244,165,158,137,123
245,176,168,138,123
246,180,172,139,123
247,183,174,140,123
247,180,172,141,123
247,178,167,142,123
246,173,162,143,123
246,167,157,144,123
236,143,141,145,123
226,149,158,146,123
252,248,246,147,123
250,253,255,148,123
253,254,254,149,123
255,255,255,150,123
255,255,255,151,123
255,255,255,152,123
255,255,255,153,123
255,255,255,154,123
255,255,255,155,123
255,255,255,156,123
255,255,255,157,123
255,255,255,158,123
255,255,255,159,123
255,255,255,160,123
255,255,255,161,123
255,255,255,162,123
255,255,255,163,123
255,255,255,164,123
255,255,255,165,123
255,255,255,166,123
255,255,255,167,123
255,255,255,168,123
255,255,255,169,123
255,255,255,170,123
255,255,255,171,123
255,255,255,172,123
255,255,255,173,123
255,255,255,174,123
255,255,255,175,123
255,255,255,176,123
255,255,255,177,123
255,255,255,178,123
255,255,255,179,123
255,255,255,180,123
255,255,255,181,123
255,255,255,182,123
255,255,255,183,123
255,255,255,184,123
255,255,255,185,123
255,255,255,186,123
255,255,255,187,123
255,255,255,188,123
255,255,255,189,123
255,255,255,190,123
255,255,255,191,123
255,255,255,192,123
255,255,255,193,123
255,255,255,194,123
255,255,255,195,123
255,255,255,196,123
255,255,255,197,123
255,255,255,198,123
255,255,255,199,123
255,255,255,0,124
255,255,255,1,124
255,255,255,2,124
255,255,255,3,124
255,255,255,4,124
255,255,255,5,124
255,255,255,6,124
255,255,255,7,124
255,255,255,8,124
255,255,255,9,124
255,255,255,10,124
255,255,255,11,124
255,255,255,12,124
255,255,255,13,124
255,255,255,14,124
255,255,255,15,124
255,255,255,16,124
255,255,255,17,124
255,255,255,18,124
255,255,255,19,124
255,255,255,20,124
255,255,255,21,124
255,255,255,22,124
255,255,255,23,124
255,255,255,24,124
255,255,255,25,124
255,255,255,26,124
255,255,255,27,124
255,255,255,28,124
255,255,255,29,124
255,255,255,30,124
255,255,255,31,124
255,255,255,32,124
255,255,255,33,124
255,255,255,34,124
255,255,255,35,124
255,255,255,36,124
255,255,255,37,124
255,255,255,38,124
255,255,255,39,124
255,255,255,40,124
255,255,255,41,124
254,255,255,42,124
252,253,255,43,124
252,253,254,44,124
252,254,254,45,124
245,238,236,46,124
226,149,152,47,124
242,159,154,48,124
244,170,163,49,124
243,175,166,50,124
243,176,168,51,124
243,175,170,52,124
242,173,169,53,124
240,171,166,54,124
238,160,155,55,124
233,139,139,56,124
231,113,114,57,124
222,90,85,58,124
220,68,66,59,124
218,53,53,60,124
216,48,48,61,124
216,46,45,62,124
220,47,46,63,124
218,50,48,64,124
217,53,47,65,124
219,56,47,66,124
219,60,50,67,124
218,64,52,68,124
220,62,53,69,124
211,45,48,70,124
207,93,116,71,124
236,221,224,72,124
198,57,74,73,124
205,25,41,74,124
203,88,104,75,124
237,227,225,76,124
201,104,119,77,124
205,72,91,78,124
204,116,123,79,124
232,204,201,80,124
191,73,90,81,124
242,205,214,82,124
200,140,159,83,124
228,211,219,84,124
183,87,102,85,124
239,210,220,86,124
206,127,137,87,124
221,182,182,88,124
217,148,158,89,124
188,54,71,90,124
212,134,135,91,124
218,54,57,92,124
236,79,66,93,124
237,91,70,94,124
236,92,69,95,124
236,89,70,96,124
235,87,67,97,124
234,82,64,98,124
231,76,60,99,124
226,70,55,100,124
217,64,50,101,124
217,53,53,102,124
213,51,45,103,124
163,132,59,104,124
138,207,71,105,124
91,156,80,106,124
93,156,80,107,124
116,171,83,108,124
111,146,65,109,124
72,77,66,110,124
70,66,64,111,124
82,79,84,112,124
71,69,78,113,124
46,44,50,114,124
65,60,64,115,124
72,70,72,116,124
61,62,64,117,124
44,45,43,118,124
55,54,58,119,124
70,68,75,120,124
76,79,93,121,124
21,26,42,122,124
14,18,28,123,124
57,72,38,124,124
119,160,71,125,124
111,169,82,126,124
61,121,80,127,124
126,188,85,128,124
138,189,75,129,124
197,107,55,130,124
227,58,52,131,124
223,69,60,132,124
227,81,75,133,124
231,100,90,134,124
237,126,115,135,124
238,149,140,136,124
243,166,158,137,124
246,177,169,138,124
247,181,173,139,124
248,184,175,140,124
248,181,172,141,124
247,179,167,142,124
245,174,161,143,124
245,167,156,144,124
238,147,141,145,124
224,144,148,146,124
245,244,238,147,124
251,254,254,148,124
252,255,253,149,124
255,255,255,150,124
255,255,255,151,124
255,255,255,152,124
255,255,255,153,124
255,255,255,154,124
255,255,255,155,124
255,255,255,156,124
255,255,255,157,124
255,255,255,158,124
255,255,255,159,124
255,255,255,160,124
255,255,255,161,124
255,255,255,162,124
255,255,255,163,124
255,255,255,164,124
255,255,255,165,124
255,255,255,166,124
255,255,255,167,124
255,255,255,168,124
255,255,255,169,124
255,255,255,170,124
255,255,255,171,124
255,255,255,172,124
255,255,255,173,124
255,255,255,174,124
255,255,255,175,124
255,255,255,176,124
255,255,255,177,124
255,255,255,178,124
255,255,255,179,124
255,255,255,180,124
255,255,255,181,124
255,255,255,182,124
255,255,255,183,124
255,255,255,184,124
255,255,255,185,124
255,255,255,186,124
255,255,255,187,124
255,255,255,188,124
255,255,255,189,124
255,255,255,190,124
255,255,255,191,124
255,255,255,192,124
255,255,255,193,124
255,255,255,194,124
255,255,255,195,124
255,255,255,196,124
255,255,255,197,124
255,255,255,198,124
255,255,255,199,124
255,255,255,0,125
255,255,255,1,125
255,255,255,2,125
255,255,255,3,125
255,255,255,4,125
255,255,255,5,125
255,255,255,6,125
255,255,255,7,125
255,255,255,8,125
255,255,255,9,125
255,255,255,10,125
255,255,255,11,125
255,255,255,12,125
255,255,255,13,125
255,255,255,14,125
255,255,255,15,125
255,255,255,16,125
255,255,255,17,125
255,255,255,18,125
255,255,255,19,125
255,255,255,20,125
255,255,255,21,125
255,255,255,22,125
255,255,255,23,125
255,255,255,24,125
255,255,255,25,125
255,255,255,26,125
255,255,255,27,125
255,255,255,28,125
255,255,255,29,125
255,255,255,30,125
255,255,255,31,125
255,255,255,32,125
255,255,255,33,125
255,255,255,34,125
255,255,255,35,125
255,255,255,36,125
255,255,255,37,125
255,255,255,38,125
255,255,255,39,125
255,255,255,40,125
255,255,255,41,125
254,254,255,42,125
252,253,255,43,125
252,253,255,44,125
252,254,255,45,125
245,237,235,46,125
229,151,156,47,125
243,159,153,48,125
244,169,161,49,125
242,173,165,50,125
242,175,168,51,125
242,173,170,52,125
241,171,169,53,125
240,168,164,54,125
237,157,153,55,125
232,137,137,56,125
230,112,113,57,125
223,88,84,58,125
219,67,64,59,125
217,52,52,60,125
216,48,48,61,125
216,47,47,62,125
220,48,49,63,125
220,51,49,64,125
214,57,48,65,125
218,59,49,66,125
226,55,52,67,125
227,47,52,68,125
214,41,51,69,125
200,26,39,70,125
216,142,158,71,125
227,173,186,72,125
201,26,40,73,125
207,35,40,74,125
215,127,136,75,125
234,212,217,76,125
198,92,110,77,125
210,107,114,78,125
222,160,164,79,125
212,119,138,80,125
211,117,128,81,125
226,165,173,82,125
207,121,135,83,125
238,236,243,84,125
206,136,135,85,125
231,192,205,86,125
197,93,100,87,125
234,196,197,88,125
222,182,190,89,125
211,142,139,90,125
210,71,82,91,125
223,70,62,92,125
237,92,69,93,125
242,93,71,94,125
236,94,72,95,125
234,91,69,96,125
234,86,66,97,125
232,80,61,98,125
228,73,55,99,125
223,65,53,100,125
221,58,47,101,125
218,50,40,102,125
178,125,57,103,125
112,171,84,104,125
78,130,88,105,125
106,160,91,106,125
127,176,87,107,125
89,115,61,108,125
58,62,48,109,125
67,62,73,110,125
71,69,70,111,125
76,77,80,112,125
72,73,77,113,125
47,45,49,114,125
60,58,62,115,125
75,74,76,116,125
110,110,116,117,125
64,65,69,118,125
42,42,44,119,125
59,58,62,120,125
73,77,88,121,125
67,71,88,122,125
22,25,29,123,125
16,17,19,124,125
29,39,25,125,125
104,143,57,126,125
119,174,82,127,125
96,147,86,128,125
92,157,72,129,125
154,181,62,130,125
202,93,49,131,125
219,71,53,132,125
222,85,73,133,125
233,100,91,134,125
236,125,115,135,125
239,150,139,136,125
245,167,157,137,125
245,177,169,138,125
246,181,172,139,125
248,184,175,140,125
248,182,173,141,125
247,180,169,142,125
247,177,164,143,125
246,169,158,144,125
240,153,145,145,125
224,146,150,146,125
243,241,234,147,125
252,255,252,148,125
254,255,253,149,125
255,255,255,150,125
255,255,255,151,125
255,255,255,152,125
255,255,255,153,125
255,255,255,154,125
255,255,255,155,125
255,255,255,156,125
255,255,255,157,125
255,255,255,158,125
255,255,255,159,125
255,255,255,160,125
255,255,255,161,125
255,255,255,162,125
255,255,255,163,125
255,255,255,164,125
255,255,255,165,125
255,255,255,166,125
255,255,255,167,125
255,255,255,168,125
255,255,255,169,125
255,255,255,170,125
255,255,255,171,125
255,255,255,172,125
255,255,255,173,125
255,255,255,174,125
255,255,255,175,125
255,255,255,176,125
255,255,255,177,125
255,255,255,178,125
255,255,255,179,125
255,255,255,180,125
255,255,255,181,125
255,255,255,182,125
255,255,255,183,125
255,255,255,184,125
255,255,255,185,125
255,255,255,186,125
255,255,255,187,125
255,255,255,188,125
255,255,255,189,125
255,255,255,190,125
255,255,255,191,125
255,255,255,192,125
255,255,255,193,125
255,255,255,194,125
255,255,255,195,125
255,255,255,196,125
255,255,255,197,125
255,255,255,198,125
255,255,255,199,125
255,255,255,0,126
255,255,255,1,126
255,255,255,2,126
255,255,255,3,126
255,255,255,4,126
255,255,255,5,126
255,255,255,6,126
255,255,255,7,126
255,255,255,8,126
255,255,255,9,126
255,255,255,10,126
255,255,255,11,126
255,255,255,12,126
255,255,255,13,126
255,255,255,14,126
255,255,255,15,126
255,255,255,16,126
255,255,255,17,126
255,255,255,18,126
255,255,255,19,126
255,255,255,20,126
255,255,255,21,126
255,255,255,22,126
255,255,255,23,126
255,255,255,24,126
255,255,255,25,126
255,255,255,26,126
255,255,255,27,126
255,255,255,28,126
255,255,255,29,126
255,255,255,30,126
255,255,255,31,126
255,255,255,32,126
255,255,255,33,126
255,255,255,34,126
255,255,255,35,126
255,255,255,36,126
255,255,255,37,126
255,255,255,38,126
255,255,255,39,126
255,255,255,40,126
255,255,255,41,126
254,254,255,42,126
251,252,255,43,126
250,253,255,44,126
252,255,255,45,126
245,236,233,46,126
223,150,154,47,126
240,158,152,48,126
244,167,159,49,126
242,170,164,50,126
242,173,167,51,126
242,172,168,52,126
241,169,166,53,126
240,165,161,54,126
236,155,151,55,126
231,135,134,56,126
229,109,110,57,126
222,86,83,58,126
219,65,64,59,126
218,52,52,60,126
217,50,49,61,126
218,50,50,62,126
219,51,50,63,126
220,54,49,64,126
217,59,48,65,126
221,58,48,66,126
212,49,52,67,126
203,70,85,68,126
214,121,137,69,126
210,149,160,70,126
219,184,186,71,126
222,181,184,72,126
212,105,119,73,126
205,38,59,74,126
205,52,73,75,126
204,112,122,76,126
202,90,100,77,126
198,35,56,78,126
216,75,95,79,126
196,75,93,80,126
228,180,183,81,126
204,80,89,82,126
202,59,68,83,126
209,98,109,84,126
205,41,54,85,126
208,86,100,86,126
205,52,73,87,126
204,74,90,88,126
211,112,126,89,126
212,66,76,90,126
227,65,65,91,126
232,91,71,92,126
238,97,70,93,126
246,94,71,94,126
240,93,72,95,126
233,90,67,96,126
232,83,64,97,126
230,76,59,98,126
226,68,54,99,126
222,60,51,100,126
219,49,45,101,126
203,80,53,102,126
152,183,76,103,126
127,192,78,104,126
81,141,87,105,126
121,176,84,106,126
116,136,89,107,126
66,71,72,108,126
58,57,56,109,126
68,67,64,110,126
73,73,73,111,126
83,86,85,112,126
49,50,52,113,126
44,44,45,114,126
57,56,57,115,126
62,62,63,116,126
98,99,102,117,126
98,99,107,118,126
38,37,43,119,126
63,63,65,120,126
59,62,61,121,126
51,55,71,122,126
33,35,53,123,126
19,21,22,124,126
24,23,21,125,126
23,29,20,126,126
102,133,61,127,126
103,154,87,128,126
88,143,86,129,126
125,191,83,130,126
165,164,64,131,126
215,77,55,132,126
229,84,67,133,126
234,101,90,134,126
236,125,115,135,126
240,150,137,136,126
246,168,157,137,126
245,178,169,138,126
245,181,172,139,126
247,184,175,140,126
248,183,174,141,126
247,181,169,142,126
247,178,165,143,126
247,172,159,144,126
246,160,149,145,126
233,157,156,146,126
246,243,234,147,126
252,254,252,148,126
254,254,254,149,126
255,255,255,150,126
255,255,255,151,126
255,255,255,152,126
255,255,255,153,126
255,255,255,154,126
255,255,255,155,126
255,255,255,156,126
255,255,255,157,126
255,255,255,158,126
255,255,255,159,126
255,255,255,160,126
255,255,255,161,126
255,255,255,162,126
255,255,255,163,126
255,255,255,164,126
255,255,255,165,126
255,255,255,166,126
255,255,255,167,126
255,255,255,168,126
255,255,255,169,126
255,255,255,170,126
255,255,255,171,126
255,255,255,172,126
255,255,255,173,126
255,255,255,174,126
255,255,255,175,126
255,255,255,176,126
255,255,255,177,126
255,255,255,178,126
255,255,255,179,126
255,255,255,180,126
255,255,255,181,126
255,255,255,182,126
255,255,255,183,126
255,255,255,184,126
255,255,255,185,126
255,255,255,186,126
255,255,255,187,126
255,255,255,188,126
255,255,255,189,126
255,255,255,190,126
255,255,255,191,126
255,255,255,192,126
255,255,255,193,126
255,255,255,194,126
255,255,255,195,126
255,255,255,196,126
255,255,255,197,126
255,255,255,198,126
255,255,255,199,126
255,255,255,0,127
255,255,255,1,127
255,255,255,2,127
255,255,255,3,127
255,255,255,4,127
255,255,255,5,127
255,255,255,6,127
255,255,255,7,127
255,255,255,8,127
255,255,255,9,127
255,255,255,10,127
255,255,255,11,127
255,255,255,12,127
255,255,255,13,127
255,255,255,14,127
255,255,255,15,127
255,255,255,16,127
255,255,255,17,127
255,255,255,18,127
255,255,255,19,127
255,255,255,20,127
255,255,255,21,127
255,255,255,22,127
255,255,255,23,127
255,255,255,24,127
255,255,255,25,127
255,255,255,26,127
255,255,255,27,127
255,255,255,28,127
255,255,255,29,127
255,255,255,30,127
255,255,255,31,127
255,255,255,32,127
255,255,255,33,127
255,255,255,34,127
255,255,255,35,127
255,255,255,36,127
255,255,255,37,127
255,255,255,38,127
255,255,255,39,127
255,255,255,40,127
255,255,255,41,127
254,254,255,42,127
251,253,255,43,127
249,254,255,44,127
250,255,255,45,127
247,244,243,46,127
226,164,166,47,127
235,153,147,48,127
243,166,158,49,127
242,169,163,50,127
241,171,165,51,127
242,173,168,52,127
241,169,166,53,127
239,164,161,54,127
235,153,149,55,127
232,132,130,56,127
229,107,108,57,127
222,83,81,58,127
219,64,62,59,127
218,52,52,60,127
217,51,50,61,127
220,51,51,62,127
221,53,50,63,127
222,56,50,64,127
220,60,51,65,127
221,50,49,66,127
202,75,82,67,127
228,193,201,68,127
246,255,255,69,127
229,181,197,70,127
197,55,74,71,127
195,71,92,72,127
240,222,231,73,127
223,146,157,74,127
208,37,50,75,127
222,49,55,76,127
216,41,56,77,127
204,59,79,78,127
193,42,59,79,127
216,124,125,80,127
214,124,141,81,127
213,45,51,82,127
225,65,63,83,127
222,63,58,84,127
225,56,64,85,127
208,34,46,86,127
202,30,54,87,127
201,43,48,88,127
220,52,58,89,127
227,77,62,90,127
235,88,66,91,127
239,95,69,92,127
241,97,72,93,127
242,94,71,94,127
235,92,67,95,127
232,87,62,96,127
230,78,60,97,127
227,69,56,98,127
222,62,52,99,127
220,54,48,100,127
205,56,42,101,127
163,159,65,102,127
90,153,85,103,127
70,122,84,104,127
123,175,87,105,127
110,137,69,106,127
95,99,97,107,127
87,88,98,108,127
54,55,60,109,127
68,67,68,110,127
76,75,76,111,127
127,127,133,112,127
74,73,80,113,127
39,39,44,114,127
56,56,56,115,127
58,60,58,116,127
67,69,67,117,127
101,102,110,118,127
50,49,60,119,127
46,45,51,120,127
50,50,53,121,127
26,29,41,122,127
22,26,29,123,127
26,29,24,124,127
27,27,29,125,127
25,24,31,126,127
32,41,29,127,127
111,163,74,128,127
123,166,92,129,127
92,145,81,130,127
128,182,70,131,127
190,125,71,132,127
228,83,70,133,127
235,103,90,134,127
237,126,114,135,127
238,150,135,136,127
245,169,157,137,127
245,178,170,138,127
246,182,172,139,127
247,184,175,140,127
247,183,174,141,127
247,181,169,142,127
247,178,165,143,127
248,174,160,144,127
248,165,150,145,127
238,164,159,146,127
246,243,233,147,127
252,253,253,148,127
254,254,254,149,127
255,255,255,150,127
255,255,255,151,127
255,255,255,152,127
255,255,255,153,127
255,255,255,154,127
255,255,255,155,127
255,255,255,156,127
255,255,255,157,127
255,255,255,158,127
255,255,255,159,127
255,255,255,160,127
255,255,255,161,127
255,255,255,162,127
255,255,255,163,127
255,255,255,164,127
255,255,255,165,127
255,255,255,166,127
255,255,255,167,127
255,255,255,168,127
255,255,255,169,127
255,255,255,170,127
255,255,255,171,127
255,255,255,172,127
255,255,255,173,127
255,255,255,174,127
255,255,255,175,127
255,255,255,176,127
255,255,255,177,127
255,255,255,178,127
255,255,255,179,127
255,255,255,180,127
255,255,255,181,127
255,255,255,182,127
255,255,255,183,127
255,255,255,184,127
255,255,255,185,127
255,255,255,186,127
255,255,255,187,127
255,255,255,188,127
255,255,255,189,127
255,255,255,190,127
255,255,255,191,127
255,255,255,192,127
255,255,255,193,127
255,255,255,194,127
255,255,255,195,127
255,255,255,196,127
255,255,255,197,127
255,255,255,198,127
255,255,255,199,127
255,255,255,0,128
255,255,255,1,128
255,255,255,2,128
255,255,255,3,128
255,255,255,4,128
255,255,255,5,128
255,255,255,6,128
255,255,255,7,128
255,255,255,8,128
255,255,255,9,128
255,255,255,10,128
255,255,255,11,128
255,255,255,12,128
255,255,255,13,128
255,255,255,14,128
255,255,255,15,128
255,255,255,16,128
255,255,255,17,128
255,255,255,18,128
255,255,255,19,128
255,255,255,20,128
255,255,255,21,128
255,255,255,22,128
255,255,255,23,128
255,255,255,24,128
255,255,255,25,128
255,255,255,26,128
255,255,255,27,128
255,255,255,28,128
255,255,255,29,128
255,255,255,30,128
255,255,255,31,128
255,255,255,32,128
255,255,255,33,128
255,255,255,34,128
255,255,255,35,128
255,255,255,36,128
255,255,255,37,128
255,255,255,38,128
255,255,255,39,128
255,255,255,40,128
255,255,255,41,128
254,254,255,42,128
251,253,255,43,128
249,254,254,44,128
248,254,255,45,128
246,247,248,46,128
228,169,172,47,128
235,151,145,48,128
242,165,158,49,128
241,168,161,50,128
239,169,165,51,128
240,171,168,52,128
241,170,166,53,128
239,164,161,54,128
236,149,149,55,128
232,128,128,56,128
227,104,105,57,128
222,80,78,58,128
218,63,60,59,128
216,54,52,60,128
220,51,50,61,128
220,51,50,62,128
222,54,51,63,128
223,58,52,64,128
220,62,54,65,128
222,51,53,66,128
199,47,63,67,128
206,141,155,68,128
250,250,248,69,128
210,86,101,70,128
212,21,39,71,128
197,42,71,72,128
233,225,228,73,128
239,199,201,74,128
206,35,47,75,128
217,56,57,76,128
214,40,49,77,128
213,115,126,78,128
213,142,154,79,128
211,107,114,80,128
208,36,56,81,128
221,51,58,82,128
228,65,61,83,128
228,65,62,84,128
214,42,54,85,128
207,90,95,86,128
226,170,179,87,128
203,84,95,88,128
224,53,49,89,128
228,66,59,90,128
222,70,57,91,128
230,79,57,92,128
240,88,69,93,128
237,91,71,94,128
234,89,65,95,128
232,82,57,96,128
225,74,58,97,128
226,64,55,98,128
220,58,49,99,128
218,48,44,100,128
188,94,52,101,128
140,186,69,102,128
117,175,86,103,128
96,148,81,104,128
115,157,65,105,128
74,76,70,106,128
87,86,96,107,128
62,63,71,108,128
54,54,58,109,128
67,66,68,110,128
71,70,70,111,128
95,93,98,112,128
74,72,79,113,128
40,39,44,114,128
53,53,55,115,128
57,57,56,116,128
65,66,65,117,128
123,124,130,118,128
61,60,68,119,128
41,39,45,120,128
51,50,55,121,128
29,33,38,122,128
22,25,26,123,128
30,31,29,124,128
29,28,28,125,128
34,34,37,126,128
35,39,37,127,128
68,90,52,128,128
115,164,76,129,128
102,151,89,130,128
101,163,73,131,128
171,177,77,132,128
216,99,68,133,128
236,102,90,134,128
240,124,113,135,128
239,150,132,136,128
243,170,155,137,128
247,177,170,138,128
247,183,173,139,128
247,185,175,140,128
248,184,175,141,128
248,182,171,142,128
248,179,168,143,128
247,174,161,144,128
246,166,149,145,128
239,169,161,146,128
248,242,236,147,128
252,252,255,148,128
253,255,254,149,128
255,255,255,150,128
255,255,255,151,128
255,255,255,152,128
255,255,255,153,128
255,255,255,154,128
255,255,255,155,128
255,255,255,156,128
255,255,255,157,128
255,255,255,158,128
255,255,255,159,128
255,255,255,160,128
255,255,255,161,128
255,255,255,162,128
255,255,255,163,128
255,255,255,164,128
255,255,255,165,128
255,255,255,166,128
255,255,255,167,128
255,255,255,168,128
255,255,255,169,128
255,255,255,170,128
255,255,255,171,128
255,255,255,172,128
255,255,255,173,128
255,255,255,174,128
255,255,255,175,128
255,255,255,176,128
255,255,255,177,128
255,255,255,178,128
255,255,255,179,128
255,255,255,180,128
255,255,255,181,128
255,255,255,182,128
255,255,255,183,128
255,255,255,184,128
255,255,255,185,128
255,255,255,186,128
255,255,255,187,128
255,255,255,188,128
255,255,255,189,128
255,255,255,190,128
255,255,255,191,128
255,255,255,192,128
255,255,255,193,128
255,255,255,194,128
255,255,255,195,128
255,255,255,196,128
255,255,255,197,128
255,255,255,198,128
255,255,255,199,128
255,255,255,0,129
255,255,255,1,129
255,255,255,2,129
255,255,255,3,129
255,255,255,4,129
255,255,255,5,129
255,255,255,6,129
255,255,255,7,129
255,255,255,8,129
255,255,255,9,129
255,255,255,10,129
255,255,255,11,129
255,255,255,12,129
255,255,255,13,129
255,255,255,14,129
255,255,255,15,129
255,255,255,16,129
255,255,255,17,129
255,255,255,18,129
255,255,255,19,129
255,255,255,20,129
255,255,255,21,129
255,255,255,22,129
255,255,255,23,129
255,255,255,24,129
255,255,255,25,129
255,255,255,26,129
255,255,255,27,129
255,255,255,28,129
255,255,255,29,129
255,255,255,30,129
255,255,255,31,129
255,255,255,32,129
255,255,255,33,129
255,255,255,34,129
255,255,255,35,129
255,255,255,36,129
255,255,255,37,129
255,255,255,38,129
255,255,255,39,129
255,255,255,40,129
255,255,255,41,129
254,254,255,42,129
251,253,255,43,129
250,253,255,44,129
249,254,255,45,129
244,238,238,46,129
222,150,155,47,129
239,153,148,48,129
240,164,157,49,129
241,167,161,50,129
238,168,164,51,129
239,169,167,52,129
240,168,166,53,129
239,164,161,54,129
237,148,148,55,129
232,125,126,56,129
226,100,102,57,129
222,79,76,58,129
216,63,58,59,129
215,54,51,60,129
219,52,50,61,129
220,53,49,62,129
223,58,51,63,129
223,62,51,64,129
221,65,54,65,129
223,51,53,66,129
200,45,63,67,129
239,204,209,68,129
235,203,204,69,129
202,34,61,70,129
205,31,58,71,129
217,155,163,72,129
240,253,248,73,129
211,133,143,74,129
203,71,85,75,129
206,36,59,76,129
208,55,74,77,129
207,70,84,78,129
204,40,63,79,129
205,25,47,80,129
208,42,59,81,129
208,82,90,82,129
206,69,81,83,129
207,47,67,84,129
201,86,94,85,129
243,228,228,86,129
231,203,209,87,129
203,53,73,88,129
202,32,49,89,129
208,74,93,90,129
207,101,107,91,129
211,72,74,92,129
232,68,65,93,129
237,84,68,94,129
234,83,63,95,129
229,76,55,96,129
224,68,54,97,129
221,59,53,98,129
221,53,47,99,129
214,49,41,100,129
169,150,64,101,129
98,165,79,102,129
100,164,82,103,129
119,169,87,104,129
78,95,62,105,129
65,63,72,106,129
84,85,88,107,129
72,72,78,108,129
54,55,59,109,129
65,65,66,110,129
68,67,69,111,129
73,72,76,112,129
68,67,72,113,129
47,46,51,114,129
51,51,53,115,129
57,57,55,116,129
59,61,59,117,129
52,53,57,118,129
45,46,50,119,129
59,58,61,120,129
94,95,99,121,129
63,69,75,122,129
15,18,22,123,129
27,28,27,124,129
30,30,28,125,129
34,35,33,126,129
41,44,49,127,129
49,55,76,128,129
87,121,54,129,129
117,175,84,130,129
89,157,77,131,129
130,175,80,132,129
199,132,70,133,129
237,100,87,134,129
239,125,113,135,129
245,148,133,136,129
241,171,154,137,129
247,177,169,138,129
247,183,173,139,129
247,185,175,140,129
247,184,174,141,129
248,182,171,142,129
248,179,168,143,129
247,174,162,144,129
245,167,150,145,129
241,169,161,146,129
249,241,237,147,129
253,252,255,148,129
253,255,254,149,129
255,255,255,150,129
255,255,255,151,129
255,255,255,152,129
255,255,255,153,129
255,255,255,154,129
255,255,255,155,129
255,255,255,156,129
255,255,255,157,129
255,255,255,158,129
255,255,255,159,129
255,255,255,160,129
255,255,255,161,129
255,255,255,162,129
255,255,255,163,129
255,255,255,164,129
255,255,255,165,129
255,255,255,166,129
255,255,255,167,129
255,255,255,168,129
255,255,255,169,129
255,255,255,170,129
255,255,255,171,129
255,255,255,172,129
255,255,255,173,129
255,255,255,174,129
255,255,255,175,129
255,255,255,176,129
255,255,255,177,129
255,255,255,178,129
255,255,255,179,129
255,255,255,180,129
255,255,255,181,129
255,255,255,182,129
255,255,255,183,129
255,255,255,184,129
255,255,255,185,129
255,255,255,186,129
255,255,255,187,129
255,255,255,188,129
255,255,255,189,129
255,255,255,190,129
255,255,255,191,129
255,255,255,192,129
255,255,255,193,129
255,255,255,194,129
255,255,255,195,129
255,255,255,196,129
255,255,255,197,129
255,255,255,198,129
255,255,255,199,129
255,255,255,0,130
255,255,255,1,130
255,255,255,2,130
255,255,255,3,130
255,255,255,4,130
255,255,255,5,130
255,255,255,6,130
255,255,255,7,130
255,255,255,8,130
255,255,255,9,130
255,255,255,10,130
255,255,255,11,130
255,255,255,12,130
255,255,255,13,130
255,255,255,14,130
255,255,255,15,130
255,255,255,16,130
255,255,255,17,130
255,255,255,18,130
255,255,255,19,130
255,255,255,20,130
255,255,255,21,130
255,255,255,22,130
255,255,255,23,130
255,255,255,24,130
255,255,255,25,130
255,255,255,26,130
255,255,255,27,130
255,255,255,28,130
255,255,255,29,130
255,255,255,30,130
255,255,255,31,130
255,255,255,32,130
255,255,255,33,130
255,255,255,34,130
255,255,255,35,130
255,255,255,36,130
255,255,255,37,130
255,255,255,38,130
255,255,255,39,130
255,255,255,40,130
255,255,255,41,130
254,254,255,42,130
251,252,255,43,130
250,253,255,44,130
249,254,254,45,130
246,237,234,46,130
230,152,155,47,130
241,154,150,48,130
239,163,157,49,130
239,168,161,50,130
237,168,164,51,130
239,168,167,52,130
241,167,166,53,130
238,162,160,54,130
237,146,146,55,130
232,123,125,56,130
227,98,100,57,130
222,77,74,58,130
215,62,57,59,130
216,56,52,60,130
219,54,49,61,130
220,57,49,62,130
224,62,52,63,130
227,64,53,64,130
222,66,54,65,130
214,41,50,66,130
212,112,126,67,130
249,255,255,68,130
200,137,146,69,130
202,85,106,70,130
230,181,186,71,130
239,219,218,72,130
212,118,130,73,130
201,90,104,74,130
242,219,220,75,130
200,104,118,76,130
237,217,217,77,130
237,203,204,78,130
196,35,54,79,130
207,90,105,80,130
233,179,182,81,130
209,138,155,82,130
213,149,159,83,130
203,92,114,84,130
239,226,219,85,130
244,228,233,86,130
216,142,146,87,130
196,91,99,88,130
225,167,180,89,130
241,202,203,90,130
214,151,154,91,130
223,161,158,92,130
211,59,60,93,130
235,76,61,94,130
229,77,60,95,130
224,71,56,96,130
226,61,50,97,130
215,58,53,98,130
215,52,45,99,130
202,69,39,100,130
153,189,67,101,130
108,175,81,102,130
98,159,77,103,130
116,149,74,104,130
65,59,61,105,130
67,69,70,106,130
80,83,85,107,130
94,94,101,108,130
53,56,61,109,130
62,63,66,110,130
67,67,69,111,130
69,68,71,112,130
64,64,68,113,130
53,52,55,114,130
54,54,55,115,130
64,64,62,116,130
64,67,64,117,130
46,50,52,118,130
41,42,45,119,130
61,62,63,120,130
102,105,107,121,130
98,107,115,122,130
22,28,34,123,130
18,20,22,124,130
31,31,31,125,130
33,33,33,126,130
38,43,46,127,130
37,45,56,128,130
33,43,23,129,130
113,161,77,130,130
85,145,78,131,130
129,192,73,132,130
180,164,77,133,130
232,104,82,134,130
241,124,111,135,130
247,146,134,136,130
242,169,154,137,130
247,177,168,138,130
249,183,173,139,130
247,185,175,140,130
247,185,174,141,130
247,183,171,142,130
248,179,169,143,130
248,176,164,144,130
247,169,151,145,130
241,169,161,146,130
248,242,238,147,130
252,252,255,148,130
252,254,254,149,130
255,255,255,150,130
255,255,255,151,130
255,255,255,152,130
255,255,255,153,130
255,255,255,154,130
255,255,255,155,130
255,255,255,156,130
255,255,255,157,130
255,255,255,158,130
255,255,255,159,130
255,255,255,160,130
255,255,255,161,130
255,255,255,162,130
255,255,255,163,130
255,255,255,164,130
255,255,255,165,130
255,255,255,166,130
255,255,255,167,130
255,255,255,168,130
255,255,255,169,130
255,255,255,170,130
255,255,255,171,130
255,255,255,172,130
255,255,255,173,130
255,255,255,174,130
255,255,255,175,130
255,255,255,176,130
255,255,255,177,130
255,255,255,178,130
255,255,255,179,130
255,255,255,180,130
255,255,255,181,130
255,255,255,182,130
255,255,255,183,130
255,255,255,184,130
255,255,255,185,130
255,255,255,186,130
255,255,255,187,130
255,255,255,188,130
255,255,255,189,130
255,255,255,190,130
255,255,255,191,130
255,255,255,192,130
255,255,255,193,130
255,255,255,194,130
255,255,255,195,130
255,255,255,196,130
255,255,255,197,130
255,255,255,198,130
255,255,255,199,130
255,255,255,0,131
255,255,255,1,131
255,255,255,2,131
255,255,255,3,131
255,255,255,4,131
255,255,255,5,131
255,255,255,6,131
255,255,255,7,131
255,255,255,8,131
255,255,255,9,131
255,255,255,10,131
255,255,255,11,131
255,255,255,12,131
255,255,255,13,131
255,255,255,14,131
255,255,255,15,131
255,255,255,16,131
255,255,255,17,131
255,255,255,18,131
255,255,255,19,131
255,255,255,20,131
255,255,255,21,131
255,255,255,22,131
255,255,255,23,131
255,255,255,24,131
255,255,255,25,131
255,255,255,26,131
255,255,255,27,131
255,255,255,28,131
255,255,255,29,131
255,255,255,30,131
255,255,255,31,131
255,255,255,32,131
255,255,255,33,131
255,255,255,34,131
255,255,255,35,131
255,255,255,36,131
255,255,255,37,131
255,255,255,38,131
255,255,255,39,131
255,255,255,40,131
255,255,255,41,131
254,254,255,42,131
251,252,255,43,131
252,252,255,44,131
251,254,255,45,131
245,237,233,46,131
232,155,154,47,131
241,155,149,48,131
239,163,156,49,131
238,167,160,50,131
237,168,164,51,131
239,168,167,52,131
238,166,164,53,131
237,159,158,54,131
237,144,144,55,131
232,122,123,56,131
227,97,100,57,131
222,76,74,58,131
216,63,57,59,131
218,58,54,60,131
222,57,52,61,131
222,60,50,62,131
224,63,53,63,131
228,66,55,64,131
218,61,52,65,131
199,51,66,66,131
233,206,209,67,131
240,235,236,68,131
207,156,157,69,131
222,143,147,70,131
219,108,121,71,131
202,54,76,72,131
198,22,49,73,131
220,171,169,74,131
242,239,243,75,131
214,151,165,76,131
211,118,132,77,131
204,107,125,78,131
204,118,132,79,131
244,237,230,80,131
204,143,151,81,131
206,120,135,82,131
206,101,112,83,131
203,79,94,84,131
248,239,235,85,131
211,116,132,86,131
193,31,50,87,131
229,187,189,88,131
243,225,230,89,131
199,67,79,90,131
196,68,85,91,131
227,163,162,92,131
214,54,56,93,131
230,75,56,94,131
222,74,60,95,131
224,66,57,96,131
222,59,49,97,131
217,56,52,98,131
215,48,41,99,131
183,104,47,100,131
146,197,71,101,131
150,199,65,102,131
145,206,75,103,131
94,114,64,104,131
67,59,57,105,131
67,69,63,106,131
71,73,76,107,131
86,87,92,108,131
57,58,62,109,131
60,61,64,110,131
63,63,65,111,131
63,63,66,112,131
60,59,61,113,131
53,53,53,114,131
57,57,57,115,131
67,67,66,116,131
81,83,85,117,131
79,82,86,118,131
39,41,42,119,131
56,57,55,120,131
78,79,79,121,131
102,109,120,122,131
54,60,72,123,131
9,11,17,124,131
29,30,33,125,131
32,32,34,126,131
33,35,38,127,131
35,39,51,128,131
5,7,12,129,131
108,147,67,130,131
148,200,67,131,131
145,196,73,132,131
164,181,77,133,131
220,117,76,134,131
242,122,108,135,131
244,145,134,136,131
243,167,154,137,131
246,178,166,138,131
248,183,172,139,131
248,186,177,140,131
248,185,176,141,131
248,184,172,142,131
249,179,168,143,131
247,175,163,144,131
246,169,151,145,131
242,170,162,146,131
248,242,239,147,131
250,252,255,148,131
251,254,254,149,131
255,255,255,150,131
255,255,255,151,131
255,255,255,152,131
255,255,255,153,131
255,255,255,154,131
255,255,255,155,131
255,255,255,156,131
255,255,255,157,131
255,255,255,158,131
255,255,255,159,131
255,255,255,160,131
255,255,255,161,131
255,255,255,162,131
255,255,255,163,131
255,255,255,164,131
255,255,255,165,131
255,255,255,166,131
255,255,255,167,131
255,255,255,168,131
255,255,255,169,131
255,255,255,170,131
255,255,255,171,131
255,255,255,172,131
255,255,255,173,131
255,255,255,174,131
255,255,255,175,131
255,255,255,176,131
255,255,255,177,131
255,255,255,178,131
255,255,255,179,131
255,255,255,180,131
255,255,255,181,131
255,255,255,182,131
255,255,255,183,131
255,255,255,184,131
255,255,255,185,131
255,255,255,186,131
255,255,255,187,131
255,255,255,188,131
255,255,255,189,131
255,255,255,190,131
255,255,255,191,131
255,255,255,192,131
255,255,255,193,131
255,255,255,194,131
255,255,255,195,131
255,255,255,196,131
255,255,255,197,131
255,255,255,198,131
255,255,255,199,131
255,255,255,0,132
255,255,255,1,132
255,255,255,2,132
255,255,255,3,132
255,255,255,4,132
255,255,255,5,132
255,255,255,6,132
255,255,255,7,132
255,255,255,8,132
255,255,255,9,132
255,255,255,10,132
255,255,255,11,132
255,255,255,12,132
255,255,255,13,132
255,255,255,14,132
255,255,255,15,132
255,255,255,16,132
255,255,255,17,132
255,255,255,18,132
255,255,255,19,132
255,255,255,20,132
255,255,255,21,132
255,255,255,22,132
255,255,255,23,132
255,255,255,24,132
255,255,255,25,132
255,255,255,26,132
255,255,255,27,132
255,255,255,28,132
255,255,255,29,132
255,255,255,30,132
255,255,255,31,132
255,255,255,32,132
255,255,255,33,132
255,255,255,34,132
255,255,255,35,132
255,255,255,36,132
255,255,255,37,132
255,255,255,38,132
255,255,255,39,132
255,255,255,40,132
255,255,255,41,132
254,254,254,42,132
251,252,254,43,132
251,253,255,44,132
251,255,255,45,132
245,238,233,46,132
233,157,155,47,132
240,156,150,48,132
238,163,156,49,132
237,165,159,50,132
236,167,161,51,132
238,167,165,52,132
239,165,162,53,132
237,157,156,54,132
234,141,141,55,132
230,118,120,56,132
226,95,97,57,132
221,75,72,58,132
216,63,57,59,132
219,59,54,60,132
222,58,51,61,132
223,62,50,62,132
224,68,55,63,132
221,68,56,64,132
217,44,48,65,132
209,112,126,66,132
250,254,254,67,132
212,132,142,68,132
203,38,50,69,132
213,51,57,70,132
215,58,58,71,132
217,40,53,72,132
205,75,95,73,132
246,243,242,74,132
223,181,183,75,132
205,43,62,76,132
212,18,37,77,132
205,79,95,78,132
246,236,242,79,132
231,202,208,80,132
212,121,132,81,132
202,84,94,82,132
206,22,56,83,132
220,154,165,84,132
241,224,223,85,132
203,40,61,86,132
215,123,133,87,132
249,248,251,88,132
208,107,123,89,132
191,20,43,90,132
217,142,150,91,132
216,107,120,92,132
222,54,53,93,132
224,77,54,94,132
223,71,57,95,132
224,61,53,96,132
218,59,46,97,132
219,53,52,98,132
219,43,40,99,132
172,134,55,100,132
142,198,65,101,132
148,196,55,102,132
136,190,69,103,132
83,90,77,104,132
70,73,77,105,132
65,67,70,106,132
62,63,66,107,132
59,61,62,108,132
60,60,62,109,132
69,68,69,110,132
66,64,65,111,132
59,59,59,112,132
58,58,58,113,132
57,57,56,114,132
58,58,57,115,132
63,63,64,116,132
79,80,84,117,132
76,79,86,118,132
37,38,39,119,132
58,59,53,120,132
102,102,102,121,132
81,84,96,122,132
82,88,103,123,132
11,14,24,124,132
23,24,28,125,132
29,30,30,126,132
28,28,30,127,132
26,24,24,128,132
2,4,7,129,132
74,100,40,130,132
152,202,62,131,132
144,193,71,132,132
150,195,75,133,132
204,136,78,134,132
243,120,107,135,132
241,145,134,136,132
244,165,153,137,132
247,178,164,138,132
248,183,173,139,132
249,185,177,140,132
248,185,177,141,132
248,184,172,142,132
249,179,169,143,132
247,175,163,144,132
247,169,151,145,132
242,170,162,146,132
247,242,239,147,132
249,253,254,148,132
250,254,253,149,132
255,255,255,150,132
255,255,255,151,132
255,255,255,152,132
255,255,255,153,132
255,255,255,154,132
255,255,255,155,132
255,255,255,156,132
255,255,255,157,132
255,255,255,158,132
255,255,255,159,132
255,255,255,160,132
255,255,255,161,132
255,255,255,162,132
255,255,255,163,132
255,255,255,164,132
255,255,255,165,132
255,255,255,166,132
255,255,255,167,132
255,255,255,168,132
255,255,255,169,132
255,255,255,170,132
255,255,255,171,132
255,255,255,172,132
255,255,255,173,132
255,255,255,174,132
255,255,255,175,132
255,255,255,176,132
255,255,255,177,132
255,255,255,178,132
255,255,255,179,132
255,255,255,180,132
255,255,255,181,132
255,255,255,182,132
255,255,255,183,132
255,255,255,184,132
255,255,255,185,132
255,255,255,186,132
255,255,255,187,132
255,255,255,188,132
255,255,255,189,132
255,255,255,190,132
255,255,255,191,132
255,255,255,192,132
255,255,255,193,132
255,255,255,194,132
255,255,255,195,132
255,255,255,196,132
255,255,255,197,132
255,255,255,198,132
255,255,255,199,132
255,255,255,0,133
255,255,255,1,133
255,255,255,2,133
255,255,255,3,133
255,255,255,4,133
255,255,255,5,133
255,255,255,6,133
255,255,255,7,133
255,255,255,8,133
255,255,255,9,133
255,255,255,10,133
255,255,255,11,133
255,255,255,12,133
255,255,255,13,133
255,255,255,14,133
255,255,255,15,133
255,255,255,16,133
255,255,255,17,133
255,255,255,18,133
255,255,255,19,133
255,255,255,20,133
255,255,255,21,133
255,255,255,22,133
255,255,255,23,133
255,255,255,24,133
255,255,255,25,133
255,255,255,26,133
255,255,255,27,133
255,255,255,28,133
255,255,255,29,133
255,255,255,30,133
255,255,255,31,133
255,255,255,32,133
255,255,255,33,133
255,255,255,34,133
255,255,255,35,133
255,255,255,36,133
255,255,255,37,133
255,255,255,38,133
255,255,255,39,133
255,255,255,40,133
255,255,255,41,133
255,255,255,42,133
253,254,254,43,133
252,254,255,44,133
251,255,255,45,133
245,236,232,46,133
232,156,154,47,133
239,154,151,48,133
238,162,157,49,133
238,164,161,50,133
239,167,163,51,133
240,167,166,52,133
238,162,164,53,133
236,155,154,54,133
234,139,139,55,133
231,116,117,56,133
225,94,91,57,133
221,74,69,58,133
217,64,58,59,133
220,62,53,60,133
223,63,52,61,133
224,66,53,62,133
224,71,57,63,133
218,69,58,64,133
210,43,53,65,133
228,181,188,66,133
240,230,239,67,133
202,60,74,68,133
226,62,54,69,133
236,82,68,70,133
235,81,70,71,133
210,52,60,72,133
227,168,175,73,133
243,223,228,74,133
194,65,70,75,133
214,58,53,76,133
209,43,43,77,133
224,165,166,78,133
249,250,245,79,133
195,68,89,80,133
200,49,73,81,133
213,110,105,82,133
197,38,52,83,133
230,202,203,84,133
219,171,174,85,133
198,28,56,86,133
233,191,194,87,133
234,237,236,88,133
193,62,86,89,133
209,111,122,90,133
216,155,164,91,133
210,51,66,92,133
225,68,57,93,133
217,79,54,94,133
226,66,50,95,133
221,60,47,96,133
220,54,51,97,133
223,49,49,98,133
208,51,44,99,133
164,154,60,100,133
184,207,47,101,133
201,207,43,102,133
137,174,55,103,133
79,78,72,104,133
85,91,96,105,133
93,100,107,106,133
60,62,65,107,133
62,62,64,108,133
62,62,61,109,133
63,62,62,110,133
62,60,61,111,133
62,62,62,112,133
64,66,66,113,133
56,58,58,114,133
57,56,58,115,133
59,58,60,116,133
53,53,57,117,133
40,42,47,118,133
40,43,42,119,133
54,55,51,120,133
85,84,86,121,133
72,75,84,122,133
93,99,114,123,133
23,26,38,124,133
19,19,25,125,133
29,29,30,126,133
25,23,27,127,133
20,16,20,128,133
11,9,15,129,133
42,62,30,130,133
164,202,48,131,133
205,209,37,132,133
164,200,67,133,133
196,145,82,134,133
245,117,106,135,133
243,143,134,136,133
244,164,151,137,133
248,176,162,138,133
250,183,173,139,133
252,185,179,140,133
249,185,178,141,133
247,184,172,142,133
248,181,170,143,133
247,176,163,144,133
247,169,150,145,133
242,171,164,146,133
247,243,241,147,133
249,254,255,148,133
250,255,254,149,133
255,255,255,150,133
255,255,255,151,133
255,255,255,152,133
255,255,255,153,133
255,255,255,154,133
255,255,255,155,133
255,255,255,156,133
255,255,255,157,133
255,255,255,158,133
255,255,255,159,133
255,255,255,160,133
255,255,255,161,133
255,255,255,162,133
255,255,255,163,133
255,255,255,164,133
255,255,255,165,133
255,255,255,166,133
255,255,255,167,133
255,255,255,168,133
255,255,255,169,133
255,255,255,170,133
255,255,255,171,133
255,255,255,172,133
255,255,255,173,133
255,255,255,174,133
255,255,255,175,133
255,255,255,176,133
255,255,255,177,133
255,255,255,178,133
255,255,255,179,133
255,255,255,180,133
255,255,255,181,133
255,255,255,182,133
255,255,255,183,133
255,255,255,184,133
255,255,255,185,133
255,255,255,186,133
255,255,255,187,133
255,255,255,188,133
255,255,255,189,133
255,255,255,190,133
255,255,255,191,133
255,255,255,192,133
255,255,255,193,133
255,255,255,194,133
255,255,255,195,133
255,255,255,196,133
255,255,255,197,133
255,255,255,198,133
255,255,255,199,133
255,255,255,0,134
255,255,255,1,134
255,255,255,2,134
255,255,255,3,134
255,255,255,4,134
255,255,255,5,134
255,255,255,6,134
255,255,255,7,134
255,255,255,8,134
255,255,255,9,134
255,255,255,10,134
255,255,255,11,134
255,255,255,12,134
255,255,255,13,134
255,255,255,14,134
255,255,255,15,134
255,255,255,16,134
255,255,255,17,134
255,255,255,18,134
255,255,255,19,134
255,255,255,20,134
255,255,255,21,134
255,255,255,22,134
255,255,255,23,134
255,255,255,24,134
255,255,255,25,134
255,255,255,26,134
255,255,255,27,134
255,255,255,28,134
255,255,255,29,134
255,255,255,30,134
255,255,255,31,134
255,255,255,32,134
255,255,255,33,134
255,255,255,34,134
255,255,255,35,134
255,255,255,36,134
255,255,255,37,134
255,255,255,38,134
255,255,255,39,134
255,255,255,40,134
255,255,255,41,134
255,255,255,42,134
255,255,255,43,134
253,254,255,44,134
252,254,255,45,134
244,235,231,46,134
232,156,154,47,134
238,154,152,48,134
237,161,158,49,134
238,164,162,50,134
239,166,164,51,134
240,166,166,52,134
237,162,163,53,134
237,155,153,54,134
235,139,137,55,134
230,115,112,56,134
224,94,85,57,134
223,74,68,58,134
220,64,58,59,134
221,64,53,60,134
224,66,53,61,134
225,70,56,62,134
227,72,59,63,134
230,63,57,64,134
216,46,57,65,134
234,213,208,66,134
220,174,185,67,134
213,43,56,68,134
229,84,64,69,134
240,90,71,70,134
237,86,69,71,134
214,59,62,72,134
237,181,182,73,134
209,133,141,74,134
223,48,56,75,134
234,78,71,76,134
213,57,58,77,134
221,153,156,78,134
245,234,234,79,134
206,123,129,80,134
217,145,149,81,134
204,90,93,82,134
205,33,49,83,134
231,180,186,84,134
222,121,137,85,134
199,23,49,86,134
219,161,163,87,134
242,244,240,88,134
228,190,200,89,134
222,147,155,90,134
200,62,72,91,134
229,61,59,92,134
234,69,58,93,134
225,71,57,94,134
224,63,54,95,134
222,57,53,96,134
220,52,57,97,134
220,50,46,98,134
204,55,44,99,134
162,161,61,100,134
183,209,39,101,134
198,212,40,102,134
124,161,62,103,134
76,73,74,104,134
97,96,105,105,134
119,126,131,106,134
62,65,67,107,134
62,60,62,108,134
62,62,60,109,134
61,60,59,110,134
62,62,62,111,134
69,70,70,112,134
76,78,80,113,134
92,93,97,114,134
61,60,64,115,134
66,64,68,116,134
54,53,55,117,134
46,48,46,118,134
44,48,45,119,134
48,50,50,120,134
56,57,59,121,134
78,81,83,122,134
104,109,118,123,134
27,29,39,124,134
18,19,24,125,134
29,29,29,126,134
26,24,26,127,134
23,19,20,128,134
20,14,9,129,134
29,45,18,130,134
157,192,55,131,134
214,214,32,132,134
165,204,58,133,134
194,150,77,134,134
240,120,100,135,134
242,143,127,136,134
243,164,145,137,134
247,176,161,138,134
246,186,172,139,134
250,187,178,140,134
249,186,176,141,134
247,183,173,142,134
248,181,170,143,134
247,176,163,144,134
246,169,150,145,134
243,172,164,146,134
247,243,240,147,134
250,253,254,148,134
252,254,254,149,134
255,255,255,150,134
255,255,255,151,134
255,255,255,152,134
255,255,255,153,134
255,255,255,154,134
255,255,255,155,134
255,255,255,156,134
255,255,255,157,134
255,255,255,158,134
255,255,255,159,134
255,255,255,160,134
255,255,255,161,134
255,255,255,162,134
255,255,255,163,134
255,255,255,164,134
255,255,255,165,134
255,255,255,166,134
255,255,255,167,134
255,255,255,168,134
255,255,255,169,134
255,255,255,170,134
255,255,255,171,134
255,255,255,172,134
255,255,255,173,134
255,255,255,174,134
255,255,255,175,134
255,255,255,176,134
255,255,255,177,134
255,255,255,178,134
255,255,255,179,134
255,255,255,180,134
255,255,255,181,134
255,255,255,182,134
255,255,255,183,134
255,255,255,184,134
255,255,255,185,134
255,255,255,186,134
255,255,255,187,134
255,255,255,188,134
255,255,255,189,134
255,255,255,190,134
255,255,255,191,134
255,255,255,192,134
255,255,255,193,134
255,255,255,194,134
255,255,255,195,134
255,255,255,196,134
255,255,255,197,134
255,255,255,198,134
255,255,255,199,134
255,255,255,0,135
255,255,255,1,135
255,255,255,2,135
255,255,255,3,135
255,255,255,4,135
255,255,255,5,135
255,255,255,6,135
255,255,255,7,135
255,255,255,8,135
255,255,255,9,135
255,255,255,10,135
255,255,255,11,135
255,255,255,12,135
255,255,255,13,135
255,255,255,14,135
255,255,255,15,135
255,255,255,16,135
255,255,255,17,135
255,255,255,18,135
255,255,255,19,135
255,255,255,20,135
255,255,255,21,135
255,255,255,22,135
255,255,255,23,135
255,255,255,24,135
255,255,255,25,135
255,255,255,26,135
255,255,255,27,135
255,255,255,28,135
255,255,255,29,135
255,255,255,30,135
255,255,255,31,135
255,255,255,32,135
255,255,255,33,135
255,255,255,34,135
255,255,255,35,135
255,255,255,36,135
255,255,255,37,135
255,255,255,38,135
255,255,255,39,135
255,255,255,40,135
255,255,255,41,135
255,255,255,42,135
255,255,255,43,135
253,254,255,44,135
253,253,255,45,135
244,235,231,46,135
231,154,152,47,135
236,153,152,48,135
235,160,158,49,135
237,163,160,50,135
237,165,163,51,135
239,165,164,52,135
238,162,161,53,135
237,155,153,54,135
234,137,136,55,135
230,115,110,56,135
224,93,84,57,135
224,75,69,58,135
222,66,58,59,135
223,65,53,60,135
226,69,55,61,135
228,72,58,62,135
228,75,62,63,135
229,72,62,64,135
218,55,57,65,135
213,121,121,66,135
216,110,115,67,135
223,61,55,68,135
231,91,66,69,135
241,94,71,70,135
236,93,69,71,135
227,73,61,72,135
204,88,81,73,135
205,77,76,74,135
227,81,73,75,135
236,92,76,76,135
229,77,65,77,135
209,67,67,78,135
209,95,102,79,135
211,90,93,80,135
214,62,73,81,135
221,61,63,82,135
225,62,61,83,135
212,80,86,84,135
213,80,80,85,135
220,54,52,86,135
210,63,67,87,135
217,94,100,88,135
206,82,87,89,135
213,53,57,90,135
225,68,55,91,135
220,80,58,92,135
225,77,55,93,135
225,67,53,94,135
216,64,56,95,135
218,58,54,96,135
215,55,52,97,135
213,53,38,98,135
213,53,42,99,135
162,166,62,100,135
145,200,53,101,135
148,200,57,102,135
115,157,66,103,135
70,68,70,104,135
82,80,88,105,135
75,78,83,106,135
57,58,59,107,135
60,59,56,108,135
60,59,57,109,135
63,62,60,110,135
67,67,67,111,135
72,74,74,112,135
105,106,112,113,135
102,102,110,114,135
44,44,48,115,135
53,53,55,116,135
53,53,53,117,135
56,58,55,118,135
58,60,60,119,135
53,55,58,120,135
48,49,52,121,135
90,92,88,122,135
135,137,135,123,135
39,40,43,124,135
18,19,20,125,135
30,31,27,126,135
27,26,22,127,135
22,20,22,128,135
17,10,24,129,135
26,37,23,130,135
131,185,73,131,135
151,197,58,132,135
144,201,68,133,135
195,152,83,134,135
237,118,104,135,135
244,142,124,136,135
245,163,148,137,135
247,175,168,138,135
246,186,171,139,135
250,188,174,140,135
249,186,176,141,135
248,183,172,142,135
249,181,168,143,135
247,176,162,144,135
246,170,150,145,135
243,172,164,146,135
248,243,240,147,135
251,253,254,148,135
252,254,254,149,135
255,255,255,150,135
255,255,255,151,135
255,255,255,152,135
255,255,255,153,135
255,255,255,154,135
255,255,255,155,135
255,255,255,156,135
255,255,255,157,135
255,255,255,158,135
255,255,255,159,135
255,255,255,160,135
255,255,255,161,135
255,255,255,162,135
255,255,255,163,135
255,255,255,164,135
255,255,255,165,135
255,255,255,166,135
255,255,255,167,135
255,255,255,168,135
255,255,255,169,135
255,255,255,170,135
255,255,255,171,135
255,255,255,172,135
255,255,255,173,135
255,255,255,174,135
255,255,255,175,135
255,255,255,176,135
255,255,255,177,135
255,255,255,178,135
255,255,255,179,135
255,255,255,180,135
255,255,255,181,135
255,255,255,182,135
255,255,255,183,135
255,255,255,184,135
255,255,255,185,135
255,255,255,186,135
255,255,255,187,135
255,255,255,188,135
255,255,255,189,135
255,255,255,190,135
255,255,255,191,135
255,255,255,192,135
255,255,255,193,135
255,255,255,194,135
255,255,255,195,135
255,255,255,196,135
255,255,255,197,135
255,255,255,198,135
255,255,255,199,135
255,255,255,0,136
255,255,255,1,136
255,255,255,2,136
255,255,255,3,136
255,255,255,4,136
255,255,255,5,136
255,255,255,6,136
255,255,255,7,136
255,255,255,8,136
255,255,255,9,136
255,255,255,10,136
255,255,255,11,136
255,255,255,12,136
255,255,255,13,136
255,255,255,14,136
255,255,255,15,136
255,255,255,16,136
255,255,255,17,136
255,255,255,18,136
255,255,255,19,136
255,255,255,20,136
255,255,255,21,136
255,255,255,22,136
255,255,255,23,136
255,255,255,24,136
255,255,255,25,136
255,255,255,26,136
255,255,255,27,136
255,255,255,28,136
255,255,255,29,136
255,255,255,30,136
255,255,255,31,136
255,255,255,32,136
255,255,255,33,136
255,255,255,34,136
255,255,255,35,136
255,255,255,36,136
255,255,255,37,136
255,255,255,38,136
255,255,255,39,136
255,255,255,40,136
255,255,255,41,136
255,255,255,42,136
254,255,255,43,136
254,254,255,44,136
253,251,254,45,136
244,233,229,46,136
230,153,150,47,136
235,153,151,48,136
235,160,159,49,136
237,163,160,50,136
239,165,162,51,136
240,165,164,52,136
239,161,160,53,136
237,153,151,54,136
234,135,134,55,136
231,113,109,56,136
226,91,83,57,136
225,74,68,58,136
224,69,59,59,136
226,69,56,60,136
228,72,56,61,136
230,75,58,62,136
229,78,62,63,136
225,83,64,64,136
224,78,65,65,136
223,61,64,66,136
224,67,66,67,136
231,84,67,68,136
234,96,67,69,136
244,97,72,70,136
238,98,72,71,136
240,91,69,72,136
236,83,67,73,136
240,82,69,74,136
239,92,74,75,136
242,96,74,76,136
237,94,69,77,136
235,83,67,78,136
231,72,65,79,136
229,75,67,80,136
233,85,70,81,136
238,91,71,82,136
237,90,69,83,136
229,83,66,84,136
227,84,66,85,136
240,83,74,86,136
238,78,72,87,136
223,73,66,88,136
223,73,62,89,136
229,80,63,90,136
230,81,64,91,136
234,75,60,92,136
229,70,55,93,136
223,62,48,94,136
216,57,44,95,136
220,52,42,96,136
219,47,39,97,136
215,43,34,98,136
202,47,40,99,136
150,170,62,100,136
139,202,67,101,136
148,200,73,102,136
118,159,67,103,136
69,67,65,104,136
69,69,75,105,136
62,66,69,106,136
64,66,68,107,136
58,58,58,108,136
59,58,57,109,136
64,64,64,110,136
69,70,69,111,136
78,80,83,112,136
129,131,142,113,136
130,131,144,114,136
32,33,37,115,136
49,50,49,116,136
55,55,55,117,136
59,59,58,118,136
72,73,76,119,136
87,89,95,120,136
42,43,47,121,136
51,51,46,122,136
61,61,57,123,136
39,39,39,124,136
34,34,33,125,136
36,36,34,126,136
26,27,24,127,136
16,17,17,128,136
12,8,24,129,136
30,37,25,130,136
134,190,55,131,136
142,200,64,132,136
144,199,68,133,136
193,149,78,134,136
244,110,102,135,136
250,132,116,136,136
248,160,140,137,136
249,176,163,138,136
251,182,171,139,136
252,186,175,140,136
250,185,177,141,136
249,184,173,142,136
249,182,168,143,136
247,175,162,144,136
246,169,150,145,136
241,171,164,146,136
248,243,241,147,136
251,253,253,148,136
252,254,254,149,136
255,255,255,150,136
255,255,255,151,136
255,255,255,152,136
255,255,255,153,136
255,255,255,154,136
255,255,255,155,136
255,255,255,156,136
255,255,255,157,136
255,255,255,158,136
255,255,255,159,136
255,255,255,160,136
255,255,255,161,136
255,255,255,162,136
255,255,255,163,136
255,255,255,164,136
255,255,255,165,136
255,255,255,166,136
255,255,255,167,136
255,255,255,168,136
255,255,255,169,136
255,255,255,170,136
255,255,255,171,136
255,255,255,172,136
255,255,255,173,136
255,255,255,174,136
255,255,255,175,136
255,255,255,176,136
255,255,255,177,136
255,255,255,178,136
255,255,255,179,136
255,255,255,180,136
255,255,255,181,136
255,255,255,182,136
255,255,255,183,136
255,255,255,184,136
255,255,255,185,136
255,255,255,186,136
255,255,255,187,136
255,255,255,188,136
255,255,255,189,136
255,255,255,190,136
255,255,255,191,136
255,255,255,192,136
255,255,255,193,136
255,255,255,194,136
255,255,255,195,136
255,255,255,196,136
255,255,255,197,136
255,255,255,198,136
255,255,255,199,136
255,255,255,0,137
255,255,255,1,137
255,255,255,2,137
255,255,255,3,137
255,255,255,4,137
255,255,255,5,137
255,255,255,6,137
255,255,255,7,137
255,255,255,8,137
255,255,255,9,137
255,255,255,10,137
255,255,255,11,137
255,255,255,12,137
255,255,255,13,137
255,255,255,14,137
255,255,255,15,137
255,255,255,16,137
255,255,255,17,137
255,255,255,18,137
255,255,255,19,137
255,255,255,20,137
255,255,255,21,137
255,255,255,22,137
255,255,255,23,137
255,255,255,24,137
255,255,255,25,137
255,255,255,26,137
255,255,255,27,137
255,255,255,28,137
255,255,255,29,137
255,255,255,30,137
255,255,255,31,137
255,255,255,32,137
255,255,255,33,137
255,255,255,34,137
255,255,255,35,137
255,255,255,36,137
255,255,255,37,137
255,255,255,38,137
255,255,255,39,137
255,255,255,40,137
255,255,255,41,137
255,255,255,42,137
255,255,255,43,137
254,254,255,44,137
252,251,255,45,137
243,232,228,46,137
228,153,149,47,137
236,154,152,48,137
235,161,160,49,137
237,162,160,50,137
237,165,161,51,137
238,164,163,52,137
239,161,160,53,137
236,152,149,54,137
234,133,132,55,137
231,111,107,56,137
227,89,82,57,137
226,75,69,58,137
225,71,60,59,137
225,72,57,60,137
228,74,57,61,137
231,78,60,62,137
231,81,64,63,137
234,83,63,64,137
236,85,65,65,137
236,87,67,66,137
235,88,66,67,137
236,92,69,68,137
241,97,73,69,137
243,98,73,70,137
242,97,73,71,137
243,96,73,72,137
243,97,70,73,137
244,96,72,74,137
241,96,72,75,137
242,97,72,76,137
242,98,72,77,137
239,99,72,78,137
241,98,74,79,137
243,96,74,80,137
238,100,70,81,137
239,99,71,82,137
242,97,71,83,137
244,96,69,84,137
242,96,69,85,137
239,94,67,86,137
239,90,62,87,137
235,88,61,88,137
231,84,60,89,137
229,81,58,90,137
228,83,61,91,137
229,84,68,92,137
226,86,74,93,137
220,93,80,94,137
223,103,93,95,137
222,111,108,96,137
222,121,122,97,137
224,138,139,98,137
230,157,159,99,137
163,192,94,100,137
133,205,61,101,137
151,203,59,102,137
124,167,66,103,137
69,72,66,104,137
70,74,77,105,137
72,78,80,106,137
87,94,99,107,137
80,84,89,108,137
55,55,57,109,137
64,64,64,110,137
68,70,67,111,137
81,84,87,112,137
121,124,138,113,137
78,80,95,114,137
33,36,41,115,137
53,55,54,116,137
56,56,56,117,137
56,56,58,118,137
57,58,63,119,137
60,62,68,120,137
42,43,47,121,137
43,44,40,122,137
50,50,49,123,137
51,52,53,124,137
50,50,50,125,137
48,48,47,126,137
42,42,48,127,137
22,24,33,128,137
3,10,5,129,137
35,45,19,130,137
136,193,71,131,137
138,198,60,132,137
144,198,61,133,137
201,183,117,134,137
239,161,158,135,137
237,168,149,136,137
240,176,157,137,137
240,181,173,138,137
245,185,177,139,137
245,185,179,140,137
246,184,179,141,137
246,183,173,142,137
247,182,169,143,137
248,176,161,144,137
247,170,150,145,137
242,172,164,146,137
247,243,240,147,137
250,253,252,148,137
251,255,253,149,137
255,255,255,150,137
255,255,255,151,137
255,255,255,152,137
255,255,255,153,137
255,255,255,154,137
255,255,255,155,137
255,255,255,156,137
255,255,255,157,137
255,255,255,158,137
255,255,255,159,137
255,255,255,160,137
255,255,255,161,137
255,255,255,162,137
255,255,255,163,137
255,255,255,164,137
255,255,255,165,137
255,255,255,166,137
255,255,255,167,137
255,255,255,168,137
255,255,255,169,137
255,255,255,170,137
255,255,255,171,137
255,255,255,172,137
255,255,255,173,137
255,255,255,174,137
255,255,255,175,137
255,255,255,176,137
255,255,255,177,137
255,255,255,178,137
255,255,255,179,137
255,255,255,180,137
255,255,255,181,137
255,255,255,182,137
255,255,255,183,137
255,255,255,184,137
255,255,255,185,137
255,255,255,186,137
255,255,255,187,137
255,255,255,188,137
255,255,255,189,137
255,255,255,190,137
255,255,255,191,137
255,255,255,192,137
255,255,255,193,137
255,255,255,194,137
255,255,255,195,137
255,255,255,196,137
255,255,255,197,137
255,255,255,198,137
255,255,255,199,137
255,255,255,0,138
255,255,255,1,138
255,255,255,2,138
255,255,255,3,138
255,255,255,4,138
255,255,255,5,138
255,255,255,6,138
255,255,255,7,138
255,255,255,8,138
255,255,255,9,138
255,255,255,10,138
255,255,255,11,138
255,255,255,12,138
255,255,255,13,138
255,255,255,14,138
255,255,255,15,138
255,255,255,16,138
255,255,255,17,138
255,255,255,18,138
255,255,255,19,138
255,255,255,20,138
255,255,255,21,138
255,255,255,22,138
255,255,255,23,138
255,255,255,24,138
255,255,255,25,138
255,255,255,26,138
255,255,255,27,138
255,255,255,28,138
255,255,255,29,138
255,255,255,30,138
255,255,255,31,138
255,255,255,32,138
255,255,255,33,138
255,255,255,34,138
255,255,255,35,138
255,255,255,36,138
255,255,255,37,138
255,255,255,38,138
255,255,255,39,138
255,255,255,40,138
255,255,255,41,138
255,255,255,42,138
255,255,254,43,138
254,254,255,44,138
251,253,255,45,138
243,232,228,46,138
226,153,148,47,138
237,152,151,48,138
237,160,160,49,138
238,162,159,50,138
237,165,161,51,138
239,164,163,52,138
239,160,158,53,138
236,150,147,54,138
234,131,130,55,138
230,109,105,56,138
225,89,80,57,138
224,77,68,58,138
225,73,61,59,138
226,74,56,60,138
228,77,56,61,138
230,82,59,62,138
230,86,61,63,138
233,87,63,64,138
239,89,64,65,138
239,93,65,66,138
235,97,65,67,138
238,96,70,68,138
245,96,76,69,138
243,97,74,70,138
243,96,73,71,138
240,98,72,72,138
242,98,71,73,138
237,101,72,74,138
240,99,71,75,138
242,98,71,76,138
242,97,71,77,138
240,99,69,78,138
242,96,69,79,138
245,90,67,80,138
240,94,67,81,138
239,97,71,82,138
229,102,74,83,138
231,108,83,84,138
235,117,102,85,138
235,132,119,86,138
242,145,130,87,138
242,163,148,88,138
236,179,167,89,138
233,186,178,90,138
233,195,186,91,138
228,201,193,92,138
219,202,199,93,138
208,200,196,94,138
195,187,185,95,138
178,175,173,96,138
160,161,160,97,138
144,150,147,98,138
129,134,132,99,138
137,170,85,100,138
132,192,68,101,138
116,168,75,102,138
125,173,78,103,138
69,78,64,104,138
73,74,82,105,138
96,101,110,106,138
91,99,107,107,138
52,55,61,108,138
54,55,57,109,138
63,64,64,110,138
68,69,68,111,138
78,80,84,112,138
91,93,106,113,138
40,41,55,114,138
54,55,62,115,138
62,63,65,116,138
58,58,58,117,138
52,51,52,118,138
47,49,50,119,138
44,44,48,120,138
43,43,45,121,138
49,50,48,122,138
56,58,56,123,138
56,57,58,124,138
54,54,56,125,138
54,54,54,126,138
47,47,57,127,138
25,23,37,128,138
2,5,6,129,138
57,77,36,130,138
111,171,88,131,138
124,182,71,132,138
143,203,72,133,138
125,148,106,134,138
153,153,155,135,138
205,203,207,136,138
220,213,211,137,138
234,221,221,138,138
243,228,220,139,138
246,225,219,140,138
247,219,213,141,138
243,209,200,142,138
239,197,187,143,138
241,183,170,144,138
245,169,159,145,138
239,170,167,146,138
248,240,236,147,138
249,254,251,148,138
252,255,252,149,138
255,255,255,150,138
255,255,255,151,138
255,255,255,152,138
255,255,255,153,138
255,255,255,154,138
255,255,255,155,138
255,255,255,156,138
255,255,255,157,138
255,255,255,158,138
255,255,255,159,138
255,255,255,160,138
255,255,255,161,138
255,255,255,162,138
255,255,255,163,138
255,255,255,164,138
255,255,255,165,138
255,255,255,166,138
255,255,255,167,138
255,255,255,168,138
255,255,255,169,138
255,255,255,170,138
255,255,255,171,138
255,255,255,172,138
255,255,255,173,138
255,255,255,174,138
255,255,255,175,138
255,255,255,176,138
255,255,255,177,138
255,255,255,178,138
255,255,255,179,138
255,255,255,180,138
255,255,255,181,138
255,255,255,182,138
255,255,255,183,138
255,255,255,184,138
255,255,255,185,138
255,255,255,186,138
255,255,255,187,138
255,255,255,188,138
255,255,255,189,138
255,255,255,190,138
255,255,255,191,138
255,255,255,192,138
255,255,255,193,138
255,255,255,194,138
255,255,255,195,138
255,255,255,196,138
255,255,255,197,138
255,255,255,198,138
255,255,255,199,138
255,255,255,0,139
255,255,255,1,139
255,255,255,2,139
255,255,255,3,139
255,255,255,4,139
255,255,255,5,139
255,255,255,6,139
255,255,255,7,139
255,255,255,8,139
255,255,255,9,139
255,255,255,10,139
255,255,255,11,139
255,255,255,12,139
255,255,255,13,139
255,255,255,14,139
255,255,255,15,139
255,255,255,16,139
255,255,255,17,139
255,255,255,18,139
255,255,255,19,139
255,255,255,20,139
255,255,255,21,139
255,255,255,22,139
255,255,255,23,139
255,255,255,24,139
255,255,255,25,139
255,255,255,26,139
255,255,255,27,139
255,255,255,28,139
255,255,255,29,139
255,255,255,30,139
255,255,255,31,139
255,255,255,32,139
255,255,255,33,139
255,255,255,34,139
255,255,255,35,139
255,255,255,36,139
255,255,255,37,139
255,255,255,38,139
255,255,255,39,139
255,255,255,40,139
255,255,255,41,139
253,255,254,42,139
253,254,254,43,139
252,253,255,44,139
252,254,255,45,139
245,231,229,46,139
226,152,148,47,139
238,152,151,48,139
238,160,159,49,139
237,162,159,50,139
239,165,162,51,139
239,165,165,52,139
238,160,159,53,139
236,147,148,54,139
233,128,130,55,139
229,107,105,56,139
226,89,81,57,139
226,78,70,58,139
228,73,63,59,139
230,74,61,60,139
231,78,63,61,139
232,83,67,62,139
233,87,68,63,139
234,89,69,64,139
237,92,71,65,139
238,95,70,66,139
240,96,71,67,139
242,97,71,68,139
242,97,69,69,139
242,98,69,70,139
242,98,69,71,139
242,96,68,72,139
238,96,68,73,139
237,95,67,74,139
238,96,67,75,139
235,100,72,76,139
234,107,84,77,139
236,120,101,78,139
234,136,119,79,139
234,156,145,80,139
242,173,164,81,139
244,193,181,82,139
236,200,187,83,139
229,205,195,84,139
211,202,195,85,139
190,189,186,86,139
176,177,175,87,139
153,157,155,88,139
132,135,135,89,139
112,113,115,90,139
92,93,95,91,139
83,85,89,92,139
79,80,83,93,139
73,76,75,94,139
67,69,71,95,139
66,67,67,96,139
65,66,66,97,139
68,69,64,98,139
66,72,68,99,139
110,141,80,100,139
129,187,70,101,139
90,151,85,102,139
126,180,83,103,139
83,95,68,104,139
71,68,66,105,139
121,122,133,106,139
72,74,83,107,139
42,43,48,108,139
57,60,61,109,139
60,61,61,110,139
61,62,63,111,139
64,65,69,112,139
59,59,66,113,139
48,49,56,114,139
69,69,74,115,139
79,81,83,116,139
71,73,74,117,139
48,49,51,118,139
42,42,44,119,139
46,45,47,120,139
48,47,47,121,139
51,52,48,122,139
55,56,54,123,139
54,54,54,124,139
48,48,50,125,139
37,37,39,126,139
20,21,28,127,139
11,13,20,128,139
14,14,16,129,139
93,121,58,130,139
106,165,88,131,139
104,160,83,132,139
142,188,74,133,139
36,53,30,134,139
44,52,53,135,139
79,81,95,136,139
93,94,97,137,139
129,131,127,138,139
158,162,160,139,139
174,177,174,140,139
189,192,187,141,139
209,207,202,142,139
227,219,214,143,139
239,230,221,144,139
247,217,215,145,139
239,211,211,146,139
247,244,240,147,139
248,254,250,148,139
252,254,253,149,139
255,255,255,150,139
255,255,255,151,139
255,255,255,152,139
255,255,255,153,139
255,255,255,154,139
255,255,255,155,139
255,255,255,156,139
255,255,255,157,139
255,255,255,158,139
255,255,255,159,139
255,255,255,160,139
255,255,255,161,139
255,255,255,162,139
255,255,255,163,139
255,255,255,164,139
255,255,255,165,139
255,255,255,166,139
255,255,255,167,139
255,255,255,168,139
255,255,255,169,139
255,255,255,170,139
255,255,255,171,139
255,255,255,172,139
255,255,255,173,139
255,255,255,174,139
255,255,255,175,139
255,255,255,176,139
255,255,255,177,139
255,255,255,178,139
255,255,255,179,139
255,255,255,180,139
255,255,255,181,139
255,255,255,182,139
255,255,255,183,139
255,255,255,184,139
255,255,255,185,139
255,255,255,186,139
255,255,255,187,139
255,255,255,188,139
255,255,255,189,139
255,255,255,190,139
255,255,255,191,139
255,255,255,192,139
255,255,255,193,139
255,255,255,194,139
255,255,255,195,139
255,255,255,196,139
255,255,255,197,139
255,255,255,198,139
255,255,255,199,139
255,255,255,0,140
255,255,255,1,140
255,255,255,2,140
255,255,255,3,140
255,255,255,4,140
255,255,255,5,140
255,255,255,6,140
255,255,255,7,140
255,255,255,8,140
255,255,255,9,140
255,255,255,10,140
255,255,255,11,140
255,255,255,12,140
255,255,255,13,140
255,255,255,14,140
255,255,255,15,140
255,255,255,16,140
255,255,255,17,140
255,255,255,18,140
255,255,255,19,140
255,255,255,20,140
255,255,255,21,140
255,255,255,22,140
255,255,255,23,140
255,255,255,24,140
255,255,255,25,140
255,255,255,26,140
255,255,255,27,140
255,255,255,28,140
255,255,255,29,140
255,255,255,30,140
255,255,255,31,140
255,255,255,32,140
255,255,255,33,140
255,255,255,34,140
255,255,255,35,140
255,255,255,36,140
255,255,255,37,140
255,255,255,38,140
255,255,255,39,140
255,255,255,40,140
255,255,255,41,140
253,255,254,42,140
253,254,254,43,140
252,254,255,44,140
252,255,255,45,140
245,229,229,46,140
227,149,147,47,140
239,151,151,48,140
238,160,158,49,140
236,162,160,50,140
238,165,163,51,140
238,164,163,52,140
237,160,158,53,140
235,148,147,54,140
233,129,127,55,140
230,108,101,56,140
228,90,77,57,140
228,82,66,58,140
227,78,61,59,140
228,80,63,60,140
232,81,66,61,140
236,83,71,62,140
237,87,71,63,140
238,89,69,64,140
240,92,68,65,140
241,93,69,66,140
241,93,68,67,140
241,93,66,68,140
239,92,66,69,140
235,98,76,70,140
229,107,89,71,140
234,125,108,72,140
241,143,126,73,140
242,164,144,74,140
234,187,165,75,140
230,194,181,76,140
228,203,199,77,140
209,194,195,78,140
186,184,181,79,140
165,175,172,80,140
132,143,143,81,140
110,119,119,82,140
90,95,98,83,140
86,84,94,84,140
90,93,97,85,140
85,94,94,86,140
73,87,88,87,140
69,78,81,88,140
65,66,69,89,140
60,59,60,90,140
58,60,61,91,140
62,63,64,92,140
70,69,71,93,140
90,90,93,94,140
80,84,86,95,140
67,69,69,96,140
64,66,66,97,140
66,67,66,98,140
75,73,78,99,140
94,114,77,100,140
141,196,77,101,140
97,157,87,102,140
110,167,86,103,140
107,130,72,104,140
60,59,64,105,140
59,60,63,106,140
52,49,54,107,140
59,58,63,108,140
59,61,63,109,140
59,59,59,110,140
56,57,57,111,140
53,54,56,112,140
47,48,50,113,140
54,55,57,114,140
62,64,64,115,140
77,79,80,116,140
97,102,107,117,140
92,98,105,118,140
42,45,52,119,140
41,41,44,120,140
49,49,47,121,140
51,51,47,122,140
52,52,50,123,140
46,46,46,124,140
37,37,37,125,140
28,28,30,126,140
24,25,27,127,140
22,23,24,128,140
26,29,21,129,140
128,165,72,130,140
112,173,85,131,140
107,168,85,132,140
126,168,73,133,140
46,61,53,134,140
62,72,72,135,140
64,67,73,136,140
83,86,84,137,140
114,116,111,138,140
143,145,146,139,140
159,160,162,140,140
141,141,144,141,140
141,141,143,142,140
153,155,154,143,140
169,178,176,144,140
192,193,195,145,140
211,217,216,146,140
245,250,249,147,140
249,253,252,148,140
253,254,254,149,140
255,255,255,150,140
255,255,255,151,140
255,255,255,152,140
255,255,255,153,140
255,255,255,154,140
255,255,255,155,140
255,255,255,156,140
255,255,255,157,140
255,255,255,158,140
255,255,255,159,140
255,255,255,160,140
255,255,255,161,140
255,255,255,162,140
255,255,255,163,140
255,255,255,164,140
255,255,255,165,140
255,255,255,166,140
255,255,255,167,140
255,255,255,168,140
255,255,255,169,140
255,255,255,170,140
255,255,255,171,140
255,255,255,172,140
255,255,255,173,140
255,255,255,174,140
255,255,255,175,140
255,255,255,176,140
255,255,255,177,140
255,255,255,178,140
255,255,255,179,140
255,255,255,180,140
255,255,255,181,140
255,255,255,182,140
255,255,255,183,140
255,255,255,184,140
255,255,255,185,140
255,255,255,186,140
255,255,255,187,140
255,255,255,188,140
255,255,255,189,140
255,255,255,190,140
255,255,255,191,140
255,255,255,192,140
255,255,255,193,140
255,255,255,194,140
255,255,255,195,140
255,255,255,196,140
255,255,255,197,140
255,255,255,198,140
255,255,255,199,140
255,255,255,0,141
255,255,255,1,141
255,255,255,2,141
255,255,255,3,141
255,255,255,4,141
255,255,255,5,141
255,255,255,6,141
255,255,255,7,141
255,255,255,8,141
255,255,255,9,141
255,255,255,10,141
255,255,255,11,141
255,255,255,12,141
255,255,255,13,141
255,255,255,14,141
255,255,255,15,141
255,255,255,16,141
255,255,255,17,141
255,255,255,18,141
255,255,255,19,141
255,255,255,20,141
255,255,255,21,141
255,255,255,22,141
255,255,255,23,141
255,255,255,24,141
255,255,255,25,141
255,255,255,26,141
255,255,255,27,141
255,255,255,28,141
255,255,255,29,141
255,255,255,30,141
255,255,255,31,141
255,255,255,32,141
255,255,255,33,141
255,255,255,34,141
255,255,255,35,141
255,255,255,36,141
255,255,255,37,141
255,255,255,38,141
255,255,255,39,141
255,255,255,40,141
255,255,255,41,141
253,255,254,42,141
253,254,254,43,141
252,254,255,44,141
251,255,255,45,141
245,226,227,46,141
229,148,147,47,141
238,151,151,48,141
238,159,159,49,141
237,162,161,50,141
239,165,163,51,141
239,165,162,52,141
238,159,156,53,141
237,146,144,54,141
234,129,123,55,141
230,107,96,56,141
225,93,73,57,141
226,85,65,58,141
232,79,61,59,141
230,79,63,60,141
231,80,57,61,141
232,83,53,62,141
233,85,55,63,141
233,90,66,64,141
234,102,81,65,141
230,119,98,66,141
232,137,120,67,141
239,158,145,68,141
244,182,167,69,141
236,197,186,70,141
219,199,194,71,141
200,195,189,72,141
194,197,192,73,141
157,165,161,74,141
117,122,124,75,141
93,99,99,76,141
81,85,83,77,141
62,67,64,78,141
53,57,55,79,141
55,58,56,80,141
53,56,55,81,141
53,55,55,82,141
51,52,52,83,141
53,57,58,84,141
68,67,74,85,141
84,84,95,86,141
100,104,116,87,141
115,116,131,88,141
104,101,112,89,141
66,65,67,90,141
64,63,67,91,141
64,64,64,92,141
65,64,68,93,141
102,103,109,94,141
116,120,126,95,141
60,60,63,96,141
57,58,56,97,141
57,57,57,98,141
54,51,60,99,141
58,67,52,100,141
130,173,77,101,141
101,158,86,102,141
96,154,87,103,141
129,174,82,104,141
70,80,73,105,141
71,71,77,106,141
63,61,66,107,141
59,58,60,108,141
60,60,60,109,141
61,61,61,110,141
63,64,63,111,141
59,60,61,112,141
55,56,58,113,141
55,56,57,114,141
55,56,55,115,141
55,56,58,116,141
71,74,84,117,141
111,116,129,118,141
57,61,71,119,141
37,38,43,120,141
49,47,49,121,141
50,49,47,122,141
49,49,48,123,141
42,42,42,124,141
37,36,38,125,141
35,35,37,126,141
36,35,34,127,141
22,21,19,128,141
63,81,38,129,141
131,179,86,130,141
73,128,91,131,141
123,184,87,132,141
100,133,68,133,141
79,88,99,134,141
117,123,133,135,141
103,104,115,136,141
86,87,88,137,141
110,112,112,138,141
140,141,144,139,141
166,167,170,140,141
146,146,149,141,141
144,144,146,142,141
152,153,154,143,141
169,165,169,144,141
176,169,174,145,141
185,188,189,146,141
243,248,248,147,141
253,253,252,148,141
253,252,253,149,141
255,255,255,150,141
255,255,255,151,141
255,255,255,152,141
255,255,255,153,141
255,255,255,154,141
255,255,255,155,141
255,255,255,156,141
255,255,255,157,141
255,255,255,158,141
255,255,255,159,141
255,255,255,160,141
255,255,255,161,141
255,255,255,162,141
255,255,255,163,141
255,255,255,164,141
255,255,255,165,141
255,255,255,166,141
255,255,255,167,141
255,255,255,168,141
255,255,255,169,141
255,255,255,170,141
255,255,255,171,141
255,255,255,172,141
255,255,255,173,141
255,255,255,174,141
255,255,255,175,141
255,255,255,176,141
255,255,255,177,141
255,255,255,178,141
255,255,255,179,141
255,255,255,180,141
255,255,255,181,141
255,255,255,182,141
255,255,255,183,141
255,255,255,184,141
255,255,255,185,141
255,255,255,186,141
255,255,255,187,141
255,255,255,188,141
255,255,255,189,141
255,255,255,190,141
255,255,255,191,141
255,255,255,192,141
255,255,255,193,141
255,255,255,194,141
255,255,255,195,141
255,255,255,196,141
255,255,255,197,141
255,255,255,198,141
255,255,255,199,141
255,255,255,0,142
255,255,255,1,142
255,255,255,2,142
255,255,255,3,142
255,255,255,4,142
255,255,255,5,142
255,255,255,6,142
255,255,255,7,142
255,255,255,8,142
255,255,255,9,142
255,255,255,10,142
255,255,255,11,142
255,255,255,12,142
255,255,255,13,142
255,255,255,14,142
255,255,255,15,142
255,255,255,16,142
255,255,255,17,142
255,255,255,18,142
255,255,255,19,142
255,255,255,20,142
255,255,255,21,142
255,255,255,22,142
255,255,255,23,142
255,255,255,24,142
255,255,255,25,142
255,255,255,26,142
255,255,255,27,142
255,255,255,28,142
255,255,255,29,142
255,255,255,30,142
255,255,255,31,142
255,255,255,32,142
255,255,255,33,142
255,255,255,34,142
255,255,255,35,142
255,255,255,36,142
255,255,255,37,142
255,255,255,38,142
255,255,255,39,142
255,255,255,40,142
255,255,255,41,142
253,255,254,42,142
253,253,253,43,142
253,253,255,44,142
251,255,255,45,142
245,225,226,46,142
232,146,146,47,142
237,151,151,48,142
239,159,159,49,142
239,161,161,50,142
240,165,162,51,142
238,165,162,52,142
235,161,154,53,142
236,144,136,54,142
234,124,114,55,142
231,102,92,56,142
229,84,78,57,142
225,78,64,58,142
225,83,61,59,142
227,96,80,60,142
230,119,106,61,142
234,148,136,62,142
237,173,161,63,142
229,191,182,64,142
228,201,199,65,142
223,217,214,66,142
202,203,202,67,142
144,157,158,68,142
116,122,124,69,142
90,91,98,70,142
62,65,75,71,142
51,53,66,72,142
71,74,90,73,142
62,62,75,74,142
54,49,57,75,142
56,53,57,76,142
63,62,69,77,142
65,65,71,78,142
61,62,65,79,142
59,59,60,80,142
59,60,59,81,142
59,62,60,82,142
57,60,58,83,142
56,57,55,84,142
64,61,65,85,142
55,56,59,86,142
73,80,87,87,142
111,121,137,88,142
104,119,128,89,142
52,65,64,90,142
59,63,66,91,142
63,63,63,92,142
61,61,63,93,142
79,83,89,94,142
113,117,126,95,142
63,63,68,96,142
60,61,56,97,142
61,62,58,98,142
61,58,64,99,142
57,57,55,100,142
106,134,61,101,142
137,193,79,102,142
85,139,101,103,142
108,167,85,104,142
105,136,69,105,142
94,100,99,106,142
68,72,76,107,142
43,45,47,108,142
54,54,55,109,142
60,60,59,110,142
67,67,67,111,142
71,71,73,112,142
67,67,70,113,142
54,53,57,114,142
49,49,51,115,142
49,49,49,116,142
44,46,52,117,142
56,59,66,118,142
48,49,56,119,142
46,45,49,120,142
52,49,51,121,142
55,52,54,122,142
50,49,52,123,142
41,38,42,124,142
39,37,41,125,142
44,42,44,126,142
41,40,40,127,142
30,37,31,128,142
112,158,74,129,142
111,173,86,130,142
104,162,81,131,142
140,191,74,132,142
46,63,38,133,142
56,60,76,134,142
119,122,143,135,142
105,107,124,136,142
80,82,85,137,142
107,109,109,138,142
133,134,135,139,142
150,150,151,140,142
144,142,144,141,142
145,144,144,142,142
152,153,153,143,142
168,167,169,144,142
175,174,177,145,142
185,190,189,146,142
240,246,245,147,142
251,255,253,148,142
253,254,253,149,142
255,255,255,150,142
255,255,255,151,142
255,255,255,152,142
255,255,255,153,142
255,255,255,154,142
255,255,255,155,142
255,255,255,156,142
255,255,255,157,142
255,255,255,158,142
255,255,255,159,142
255,255,255,160,142
255,255,255,161,142
255,255,255,162,142
255,255,255,163,142
255,255,255,164,142
255,255,255,165,142
255,255,255,166,142
255,255,255,167,142
255,255,255,168,142
255,255,255,169,142
255,255,255,170,142
255,255,255,171,142
255,255,255,172,142
255,255,255,173,142
255,255,255,174,142
255,255,255,175,142
255,255,255,176,142
255,255,255,177,142
255,255,255,178,142
255,255,255,179,142
255,255,255,180,142
255,255,255,181,142
255,255,255,182,142
255,255,255,183,142
255,255,255,184,142
255,255,255,185,142
255,255,255,186,142
255,255,255,187,142
255,255,255,188,142
255,255,255,189,142
255,255,255,190,142
255,255,255,191,142
255,255,255,192,142
255,255,255,193,142
255,255,255,194,142
255,255,255,195,142
255,255,255,196,142
255,255,255,197,142
255,255,255,198,142
255,255,255,199,142
255,255,255,0,143
255,255,255,1,143
255,255,255,2,143
255,255,255,3,143
255,255,255,4,143
255,255,255,5,143
255,255,255,6,143
255,255,255,7,143
255,255,255,8,143
255,255,255,9,143
255,255,255,10,143
255,255,255,11,143
255,255,255,12,143
255,255,255,13,143
255,255,255,14,143
255,255,255,15,143
255,255,255,16,143
255,255,255,17,143
255,255,255,18,143
255,255,255,19,143
255,255,255,20,143
255,255,255,21,143
255,255,255,22,143
255,255,255,23,143
255,255,255,24,143
255,255,255,25,143
255,255,255,26,143
255,255,255,27,143
255,255,255,28,143
255,255,255,29,143
255,255,255,30,143
255,255,255,31,143
255,255,255,32,143
255,255,255,33,143
255,255,255,34,143
255,255,255,35,143
255,255,255,36,143
255,255,255,37,143
255,255,255,38,143
255,255,255,39,143
255,255,255,40,143
255,255,255,41,143
253,255,254,42,143
254,253,254,43,143
253,253,255,44,143
252,255,255,45,143
245,224,225,46,143
234,144,147,47,143
238,149,150,48,143
240,156,158,49,143
238,159,160,50,143
237,162,162,51,143
236,163,162,52,143
233,161,158,53,143
231,152,148,54,143
228,149,141,55,143
227,151,140,56,143
236,162,152,57,143
241,180,173,58,143
234,196,188,59,143
217,193,190,60,143
193,181,177,61,143
165,162,161,62,143
127,133,134,63,143
90,95,99,64,143
64,72,77,65,143
97,104,113,66,143
98,100,108,67,143
53,51,54,68,143
52,47,50,69,143
52,51,51,70,143
54,55,54,71,143
53,55,54,72,143
55,58,57,73,143
59,62,62,74,143
57,58,60,75,143
56,56,58,76,143
68,70,72,77,143
82,83,85,78,143
66,69,69,79,143
60,63,61,80,143
59,62,60,81,143
58,62,60,82,143
61,62,61,83,143
58,56,55,84,143
78,74,77,85,143
62,62,58,86,143
42,45,49,87,143
56,59,76,88,143
64,67,80,89,143
54,57,57,90,143
59,59,63,91,143
61,60,61,92,143
58,60,60,93,143
62,66,71,94,143
81,85,94,95,143
66,64,71,96,143
63,65,59,97,143
64,65,58,98,143
61,59,59,99,143
57,56,57,100,143
64,77,56,101,143
140,185,78,102,143
90,144,89,103,143
99,161,87,104,143
129,176,76,105,143
100,119,96,106,143
61,72,80,107,143
42,47,47,108,143
54,54,57,109,143
56,57,57,110,143
59,61,59,111,143
71,71,71,112,143
80,80,83,113,143
67,67,73,114,143
46,46,51,115,143
51,50,53,116,143
51,48,53,117,143
48,46,51,118,143
50,49,52,119,143
81,80,81,120,143
103,102,103,121,143
61,59,61,122,143
54,50,58,123,143
46,42,49,124,143
37,35,41,125,143
45,42,46,126,143
39,39,38,127,143
83,107,56,128,143
118,172,86,129,143
70,125,98,130,143
121,173,80,131,143
115,145,63,132,143
25,28,31,133,143
14,17,23,134,143
63,66,84,135,143
75,78,93,136,143
74,77,78,137,143
103,105,101,138,143
127,127,126,139,143
141,139,140,140,143
144,140,143,141,143
145,143,143,142,143
151,153,151,143,143
166,168,167,144,143
175,177,179,145,143
178,177,180,146,143
241,241,243,147,143
252,254,253,148,143
253,254,253,149,143
255,255,255,150,143
255,255,255,151,143
255,255,255,152,143
255,255,255,153,143
255,255,255,154,143
255,255,255,155,143
255,255,255,156,143
255,255,255,157,143
255,255,255,158,143
255,255,255,159,143
255,255,255,160,143
255,255,255,161,143
255,255,255,162,143
255,255,255,163,143
255,255,255,164,143
255,255,255,165,143
255,255,255,166,143
255,255,255,167,143
255,255,255,168,143
255,255,255,169,143
255,255,255,170,143
255,255,255,171,143
255,255,255,172,143
255,255,255,173,143
255,255,255,174,143
255,255,255,175,143
255,255,255,176,143
255,255,255,177,143
255,255,255,178,143
255,255,255,179,143
255,255,255,180,143
255,255,255,181,143
255,255,255,182,143
255,255,255,183,143
255,255,255,184,143
255,255,255,185,143
255,255,255,186,143
255,255,255,187,143
255,255,255,188,143
255,255,255,189,143
255,255,255,190,143
255,255,255,191,143
255,255,255,192,143
255,255,255,193,143
255,255,255,194,143
255,255,255,195,143
255,255,255,196,143
255,255,255,197,143
255,255,255,198,143
255,255,255,199,143
255,255,255,0,144
255,255,255,1,144
255,255,255,2,144
255,255,255,3,144
255,255,255,4,144
255,255,255,5,144
255,255,255,6,144
255,255,255,7,144
255,255,255,8,144
255,255,255,9,144
255,255,255,10,144
255,255,255,11,144
255,255,255,12,144
255,255,255,13,144
255,255,255,14,144
255,255,255,15,144
255,255,255,16,144
255,255,255,17,144
255,255,255,18,144
255,255,255,19,144
255,255,255,20,144
255,255,255,21,144
255,255,255,22,144
255,255,255,23,144
255,255,255,24,144
255,255,255,25,144
255,255,255,26,144
255,255,255,27,144
255,255,255,28,144
255,255,255,29,144
255,255,255,30,144
255,255,255,31,144
255,255,255,32,144
255,255,255,33,144
255,255,255,34,144
255,255,255,35,144
255,255,255,36,144
255,255,255,37,144
255,255,255,38,144
255,255,255,39,144
255,255,255,40,144
255,255,255,41,144
254,255,255,42,144
253,254,254,43,144
253,253,254,44,144
252,255,254,45,144
240,220,219,46,144
223,149,152,47,144
232,161,162,48,144
237,174,176,49,144
241,190,190,50,144
242,204,200,51,144
241,213,210,52,144
237,219,220,53,144
236,222,224,54,144
219,213,210,55,144
187,187,182,56,144
146,151,147,57,144
104,108,109,58,144
73,75,79,59,144
54,56,59,60,144
49,48,51,61,144
44,44,45,62,144
42,43,45,63,144
43,43,47,64,144
39,39,44,65,144
51,53,59,66,144
63,66,71,67,144
56,57,58,68,144
54,54,53,69,144
53,53,52,70,144
56,58,55,71,144
58,59,58,72,144
59,58,56,73,144
57,57,57,74,144
54,57,57,75,144
50,53,54,76,144
65,68,68,77,144
105,108,109,78,144
71,74,73,79,144
59,61,61,80,144
60,60,61,81,144
64,64,65,82,144
72,70,73,83,144
65,63,66,84,144
57,57,59,85,144
57,58,58,86,144
56,56,59,87,144
53,51,60,88,144
54,51,58,89,144
59,55,57,90,144
59,56,58,91,144
58,56,59,92,144
57,57,59,93,144
58,61,64,94,144
63,66,70,95,144
60,59,62,96,144
62,63,60,97,144
65,65,62,98,144
60,59,59,99,144
55,56,57,100,144
45,49,51,101,144
97,125,59,102,144
142,200,70,103,144
103,164,83,104,144
102,157,73,105,144
120,161,81,106,144
43,59,47,107,144
44,46,54,108,144
54,54,56,109,144
54,54,57,110,144
51,55,54,111,144
58,58,61,112,144
79,80,85,113,144
86,87,94,114,144
42,43,48,115,144
48,48,49,116,144
52,50,50,117,144
52,49,52,118,144
49,48,49,119,144
80,79,82,120,144
135,135,142,121,144
78,79,84,122,144
61,63,70,123,144
33,32,41,124,144
32,30,38,125,144
34,33,44,126,144
71,85,47,127,144
130,177,79,128,144
96,150,82,129,144
111,169,84,130,144
140,187,79,131,144
36,47,25,132,144
0,0,9,133,144
3,6,9,134,144
23,24,34,135,144
61,62,71,136,144
74,78,79,137,144
98,100,99,138,144
124,124,125,139,144
138,136,138,140,144
144,141,142,141,144
145,144,144,142,144
149,152,151,143,144
166,167,166,144,144
175,174,176,145,144
175,173,176,146,144
244,242,245,147,144
254,255,254,148,144
254,254,254,149,144
255,255,255,150,144
255,255,255,151,144
255,255,255,152,144
255,255,255,153,144
255,255,255,154,144
255,255,255,155,144
255,255,255,156,144
255,255,255,157,144
255,255,255,158,144
255,255,255,159,144
255,255,255,160,144
255,255,255,161,144
255,255,255,162,144
255,255,255,163,144
255,255,255,164,144
255,255,255,165,144
255,255,255,166,144
255,255,255,167,144
255,255,255,168,144
255,255,255,169,144
255,255,255,170,144
255,255,255,171,144
255,255,255,172,144
255,255,255,173,144
255,255,255,174,144
255,255,255,175,144
255,255,255,176,144
255,255,255,177,144
255,255,255,178,144
255,255,255,179,144
255,255,255,180,144
255,255,255,181,144
255,255,255,182,144
255,255,255,183,144
255,255,255,184,144
255,255,255,185,144
255,255,255,186,144
255,255,255,187,144
255,255,255,188,144
255,255,255,189,144
255,255,255,190,144
255,255,255,191,144
255,255,255,192,144
255,255,255,193,144
255,255,255,194,144
255,255,255,195,144
255,255,255,196,144
255,255,255,197,144
255,255,255,198,144
255,255,255,199,144
255,255,255,0,145
255,255,255,1,145
255,255,255,2,145
255,255,255,3,145
255,255,255,4,145
255,255,255,5,145
255,255,255,6,145
255,255,255,7,145
255,255,255,8,145
255,255,255,9,145
255,255,255,10,145
255,255,255,11,145
255,255,255,12,145
255,255,255,13,145
255,255,255,14,145
255,255,255,15,145
255,255,255,16,145
255,255,255,17,145
255,255,255,18,145
255,255,255,19,145
255,255,255,20,145
255,255,255,21,145
255,255,255,22,145
255,255,255,23,145
255,255,255,24,145
255,255,255,25,145
255,255,255,26,145
255,255,255,27,145
255,255,255,28,145
255,255,255,29,145
255,255,255,30,145
255,255,255,31,145
255,255,255,32,145
255,255,255,33,145
255,255,255,34,145
255,255,255,35,145
255,255,255,36,145
255,255,255,37,145
255,255,255,38,145
255,255,255,39,145
255,255,255,40,145
255,255,255,41,145
254,255,255,42,145
252,254,254,43,145
253,254,253,44,145
248,253,251,45,145
243,240,236,46,145
237,220,218,47,145
235,228,224,48,145
232,230,227,49,145
226,227,224,50,145
207,210,207,51,145
191,197,198,52,145
183,187,189,53,145
164,165,168,54,145
114,115,116,55,145
71,72,74,56,145
44,45,47,57,145
32,32,34,58,145
34,34,37,59,145
42,43,43,60,145
49,49,49,61,145
52,51,51,62,145
54,53,53,63,145
53,53,54,64,145
48,48,49,65,145
49,48,51,66,145
59,60,64,67,145
60,63,65,68,145
55,55,57,69,145
54,54,56,70,145
58,60,61,71,145
68,71,73,72,145
63,63,63,73,145
58,57,55,74,145
56,56,55,75,145
53,54,55,76,145
48,51,53,77,145
51,54,57,78,145
50,54,55,79,145
55,58,57,80,145
59,59,59,81,145
62,62,64,82,145
91,93,95,83,145
72,75,76,84,145
62,62,64,85,145
63,63,63,86,145
64,65,64,87,145
59,61,60,88,145
55,57,57,89,145
55,56,56,90,145
56,55,54,91,145
56,55,56,92,145
55,55,57,93,145
54,56,57,94,145
54,56,57,95,145
54,54,54,96,145
59,59,59,97,145
62,61,61,98,145
58,58,59,99,145
55,55,55,100,145
55,50,55,101,145
50,57,40,102,145
124,168,66,103,145
129,189,72,104,145
100,153,93,105,145
111,158,89,106,145
119,155,62,107,145
60,71,62,108,145
53,56,55,109,145
56,55,46,110,145
53,49,54,111,145
49,47,54,112,145
48,48,58,113,145
51,54,62,114,145
41,45,46,115,145
42,47,42,116,145
46,50,44,117,145
47,48,48,118,145
46,48,50,119,145
42,43,49,120,145
39,41,51,121,145
50,58,66,122,145
96,103,120,123,145
58,54,76,124,145
21,22,22,125,145
58,82,39,126,145
124,178,80,127,145
90,147,76,128,145
107,161,88,129,145
141,191,78,130,145
80,106,47,131,145
0,1,13,132,145
1,5,10,133,145
9,11,14,134,145
26,27,31,135,145
56,56,62,136,145
89,92,98,137,145
114,117,121,138,145
122,122,127,139,145
136,135,139,140,145
143,140,141,141,145
144,142,143,142,145
152,153,153,143,145
168,169,168,144,145
173,174,174,145,145
173,173,174,146,145
243,243,243,147,145
255,255,255,148,145
255,254,255,149,145
255,255,255,150,145
255,255,255,151,145
255,255,255,152,145
255,255,255,153,145
255,255,255,154,145
255,255,255,155,145
255,255,255,156,145
255,255,255,157,145
255,255,255,158,145
255,255,255,159,145
255,255,255,160,145
255,255,255,161,145
255,255,255,162,145
255,255,255,163,145
255,255,255,164,145
255,255,255,165,145
255,255,255,166,145
255,255,255,167,145
255,255,255,168,145
255,255,255,169,145
255,255,255,170,145
255,255,255,171,145
255,255,255,172,145
255,255,255,173,145
255,255,255,174,145
255,255,255,175,145
255,255,255,176,145
255,255,255,177,145
255,255,255,178,145
255,255,255,179,145
255,255,255,180,145
255,255,255,181,145
255,255,255,182,145
255,255,255,183,145
255,255,255,184,145
255,255,255,185,145
255,255,255,186,145
255,255,255,187,145
255,255,255,188,145
255,255,255,189,145
255,255,255,190,145
255,255,255,191,145
255,255,255,192,145
255,255,255,193,145
255,255,255,194,145
255,255,255,195,145
255,255,255,196,145
255,255,255,197,145
255,255,255,198,145
255,255,255,199,145
255,255,255,0,146
255,255,255,1,146
255,255,255,2,146
255,255,255,3,146
255,255,255,4,146
255,255,255,5,146
255,255,255,6,146
255,255,255,7,146
255,255,255,8,146
255,255,255,9,146
255,255,255,10,146
255,255,255,11,146
255,255,255,12,146
255,255,255,13,146
255,255,255,14,146
255,255,255,15,146
255,255,255,16,146
255,255,255,17,146
255,255,255,18,146
255,255,255,19,146
255,255,255,20,146
255,255,255,21,146
255,255,255,22,146
255,255,255,23,146
255,255,255,24,146
255,255,255,25,146
255,255,255,26,146
255,255,255,27,146
255,255,255,28,146
255,255,255,29,146
255,255,255,30,146
255,255,255,31,146
255,255,255,32,146
255,255,255,33,146
255,255,255,34,146
255,255,255,35,146
255,255,255,36,146
255,255,255,37,146
255,255,255,38,146
255,255,255,39,146
255,255,255,40,146
255,255,255,41,146
254,255,255,42,146
253,254,254,43,146
253,253,253,44,146
252,255,254,45,146
233,236,234,46,146
181,184,182,47,146
182,183,184,48,146
184,184,186,49,146
178,179,180,50,146
171,171,172,51,146
167,169,171,52,146
178,180,184,53,146
167,169,173,54,146
106,108,111,55,146
73,74,76,56,146
57,56,59,57,146
50,50,53,58,146
57,57,60,59,146
54,54,54,60,146
52,53,53,61,146
51,51,51,62,146
52,52,50,63,146
54,54,53,64,146
51,51,52,65,146
51,51,52,66,146
63,64,66,67,146
73,76,77,68,146
63,66,65,69,146
55,58,60,70,146
90,93,98,71,146
102,104,111,72,146
63,65,68,73,146
58,59,57,74,146
61,62,62,75,146
62,63,64,76,146
55,56,57,77,146
48,52,52,78,146
51,55,55,79,146
55,56,56,80,146
56,56,58,81,146
55,56,60,82,146
66,68,72,83,146
55,56,59,84,146
56,55,57,85,146
57,57,57,86,146
56,58,57,87,146
54,55,55,88,146
54,55,55,89,146
55,55,53,90,146
54,54,52,91,146
55,54,54,92,146
52,53,54,93,146
50,52,49,94,146
47,50,47,95,146
49,50,50,96,146
50,50,51,97,146
49,49,50,98,146
51,51,51,99,146
54,54,54,100,146
56,53,52,101,146
50,48,56,102,146
63,81,53,103,146
138,184,79,104,146
101,158,73,105,146
131,191,77,106,146
131,188,72,107,146
121,161,78,108,146
85,105,75,109,146
71,73,80,110,146
51,49,49,111,146
49,49,40,112,146
50,50,48,113,146
61,63,65,114,146
66,70,71,115,146
42,46,48,116,146
44,46,49,117,146
48,46,48,118,146
47,46,46,119,146
47,47,44,120,146
46,47,40,121,146
42,45,39,122,146
42,43,56,123,146
38,42,51,124,146
70,94,41,125,146
130,179,80,126,146
87,147,85,127,146
109,176,88,128,146
119,174,81,129,146
111,149,59,130,146
12,23,17,131,146
2,6,10,132,146
1,6,7,133,146
14,15,19,134,146
32,32,38,135,146
68,69,77,136,146
111,114,123,137,146
155,159,167,138,146
126,126,131,139,146
132,131,135,140,146
142,139,140,141,146
143,141,143,142,146
156,156,158,143,146
172,173,172,144,146
172,174,173,145,146
171,173,172,146,146
241,241,241,147,146
255,255,255,148,146
254,255,255,149,146
255,255,255,150,146
255,255,255,151,146
255,255,255,152,146
255,255,255,153,146
255,255,255,154,146
255,255,255,155,146
255,255,255,156,146
255,255,255,157,146
255,255,255,158,146
255,255,255,159,146
255,255,255,160,146
255,255,255,161,146
255,255,255,162,146
255,255,255,163,146
255,255,255,164,146
255,255,255,165,146
255,255,255,166,146
255,255,255,167,146
255,255,255,168,146
255,255,255,169,146
255,255,255,170,146
255,255,255,171,146
255,255,255,172,146
255,255,255,173,146
255,255,255,174,146
255,255,255,175,146
255,255,255,176,146
255,255,255,177,146
255,255,255,178,146
255,255,255,179,146
255,255,255,180,146
255,255,255,181,146
255,255,255,182,146
255,255,255,183,146
255,255,255,184,146
255,255,255,185,146
255,255,255,186,146
255,255,255,187,146
255,255,255,188,146
255,255,255,189,146
255,255,255,190,146
255,255,255,191,146
255,255,255,192,146
255,255,255,193,146
255,255,255,194,146
255,255,255,195,146
255,255,255,196,146
255,255,255,197,146
255,255,255,198,146
255,255,255,199,146
255,255,255,0,147
255,255,255,1,147
255,255,255,2,147
255,255,255,3,147
255,255,255,4,147
255,255,255,5,147
255,255,255,6,147
255,255,255,7,147
255,255,255,8,147
255,255,255,9,147
255,255,255,10,147
255,255,255,11,147
255,255,255,12,147
255,255,255,13,147
255,255,255,14,147
255,255,255,15,147
255,255,255,16,147
255,255,255,17,147
255,255,255,18,147
255,255,255,19,147
255,255,255,20,147
255,255,255,21,147
255,255,255,22,147
255,255,255,23,147
255,255,255,24,147
255,255,255,25,147
255,255,255,26,147
255,255,255,27,147
255,255,255,28,147
255,255,255,29,147
255,255,255,30,147
255,255,255,31,147
255,255,255,32,147
255,255,255,33,147
255,255,255,34,147
255,255,255,35,147
255,255,255,36,147
255,255,255,37,147
255,255,255,38,147
255,255,255,39,147
255,255,255,40,147
255,255,255,41,147
254,255,255,42,147
253,254,255,43,147
254,254,255,44,147
255,255,255,45,147
230,230,230,46,147
170,170,172,47,147
177,177,179,48,147
177,179,179,49,147
174,176,175,50,147
175,174,172,51,147
169,168,168,52,147
166,166,170,53,147
146,147,152,54,147
100,101,104,55,147
74,75,77,56,147
59,59,62,57,147
53,54,59,58,147
77,78,84,59,147
92,94,98,60,147
67,68,71,61,147
54,55,55,62,147
51,52,50,63,147
52,52,51,64,147
51,51,51,65,147
51,51,51,66,147
57,58,60,67,147
77,81,84,68,147
80,83,85,69,147
63,66,68,70,147
89,93,99,71,147
70,72,79,72,147
52,53,58,73,147
61,62,63,74,147
71,72,75,75,147
76,77,79,76,147
67,68,70,77,147
55,57,57,78,147
53,55,54,79,147
53,54,54,80,147
53,53,54,81,147
52,52,55,82,147
50,51,55,83,147
48,50,52,84,147
49,50,51,85,147
48,48,49,86,147
48,48,48,87,147
54,54,54,88,147
60,60,60,89,147
62,62,62,90,147
61,61,61,91,147
57,58,60,92,147
53,54,55,93,147
47,50,48,94,147
44,48,44,95,147
46,47,47,96,147
47,47,47,97,147
47,47,47,98,147
51,51,51,99,147
56,57,56,100,147
60,60,54,101,147
69,69,66,102,147
51,52,57,103,147
74,93,53,104,147
143,193,71,105,147
130,190,62,106,147
87,139,84,107,147
109,160,82,108,147
136,186,83,109,147
135,162,110,110,147
67,80,64,111,147
35,39,39,112,147
48,48,53,113,147
61,59,72,114,147
91,92,105,115,147
60,63,70,116,147
37,39,43,117,147
48,44,46,118,147
49,43,50,119,147
48,45,54,120,147
42,44,48,121,147
37,41,35,122,147
51,63,35,123,147
105,140,69,124,147
122,174,91,125,147
104,157,83,126,147
118,169,88,127,147
128,184,81,128,147
130,172,71,129,147
47,63,47,130,147
49,57,65,131,147
25,31,30,132,147
1,3,3,133,147
8,8,11,134,147
21,20,24,135,147
53,53,62,136,147
97,100,111,137,147
141,144,152,138,147
120,123,127,139,147
132,133,135,140,147
147,147,150,141,147
164,165,169,142,147
184,187,189,143,147
185,187,189,144,147
173,174,174,145,147
171,172,171,146,147
241,241,241,147,147
255,255,255,148,147
255,255,255,149,147
255,255,255,150,147
255,255,255,151,147
255,255,255,152,147
255,255,255,153,147
255,255,255,154,147
255,255,255,155,147
255,255,255,156,147
255,255,255,157,147
255,255,255,158,147
255,255,255,159,147
255,255,255,160,147
255,255,255,161,147
255,255,255,162,147
255,255,255,163,147
255,255,255,164,147
255,255,255,165,147
255,255,255,166,147
255,255,255,167,147
255,255,255,168,147
255,255,255,169,147
255,255,255,170,147
255,255,255,171,147
255,255,255,172,147
255,255,255,173,147
255,255,255,174,147
255,255,255,175,147
255,255,255,176,147
255,255,255,177,147
255,255,255,178,147
255,255,255,179,147
255,255,255,180,147
255,255,255,181,147
255,255,255,182,147
255,255,255,183,147
255,255,255,184,147
255,255,255,185,147
255,255,255,186,147
255,255,255,187,147
255,255,255,188,147
255,255,255,189,147
255,255,255,190,147
255,255,255,191,147
255,255,255,192,147
255,255,255,193,147
255,255,255,194,147
255,255,255,195,147
255,255,255,196,147
255,255,255,197,147
255,255,255,198,147
255,255,255,199,147
255,255,255,0,148
255,255,255,1,148
255,255,255,2,148
255,255,255,3,148
255,255,255,4,148
255,255,255,5,148
255,255,255,6,148
255,255,255,7,148
255,255,255,8,148
255,255,255,9,148
255,255,255,10,148
255,255,255,11,148
255,255,255,12,148
255,255,255,13,148
255,255,255,14,148
255,255,255,15,148
255,255,255,16,148
255,255,255,17,148
255,255,255,18,148
255,255,255,19,148
255,255,255,20,148
255,255,255,21,148
255,255,255,22,148
255,255,255,23,148
255,255,255,24,148
255,255,255,25,148
255,255,255,26,148
255,255,255,27,148
255,255,255,28,148
255,255,255,29,148
255,255,255,30,148
255,255,255,31,148
255,255,255,32,148
255,255,255,33,148
255,255,255,34,148
255,255,255,35,148
255,255,255,36,148
255,255,255,37,148
255,255,255,38,148
255,255,255,39,148
255,255,255,40,148
255,255,255,41,148
255,255,255,42,148
253,254,255,43,148
253,253,255,44,148
255,255,255,45,148
227,226,227,46,148
171,171,172,47,148
180,179,179,48,148
178,177,176,49,148
177,175,175,50,148
174,173,173,51,148
164,164,166,52,148
152,153,153,53,148
128,128,129,54,148
97,98,97,55,148
72,71,70,56,148
55,53,55,57,148
47,47,53,58,148
66,69,78,59,148
126,129,137,60,148
98,100,105,61,148
58,61,61,62,148
52,54,53,63,148
52,52,53,64,148
50,50,51,65,148
48,48,48,66,148
51,52,55,67,148
71,74,81,68,148
113,115,123,69,148
79,81,86,70,148
44,48,50,71,148
42,44,46,72,148
51,52,54,73,148
59,61,64,74,148
72,74,79,75,148
77,81,83,76,148
82,83,85,77,148
57,59,60,78,148
51,53,52,79,148
51,51,51,80,148
49,49,49,81,148
51,51,53,82,148
53,54,56,83,148
54,56,56,84,148
52,53,52,85,148
49,49,49,86,148
48,48,49,87,148
51,51,52,88,148
66,66,65,89,148
86,87,88,90,148
95,96,99,91,148
81,82,84,92,148
63,64,66,93,148
54,57,57,94,148
47,51,48,95,148
46,47,45,96,148
47,47,46,97,148
49,49,48,98,148
54,55,54,99,148
74,75,77,100,148
88,88,91,101,148
79,77,88,102,148
54,53,55,103,148
39,40,45,104,148
74,93,50,105,148
134,180,73,106,148
108,170,77,107,148
92,149,95,108,148
85,143,84,109,148
142,200,70,110,148
124,171,82,111,148
89,114,56,112,148
59,76,43,113,148
47,57,48,114,148
77,84,89,115,148
70,76,90,116,148
22,27,35,117,148
40,40,40,118,148
45,45,42,119,148
52,64,40,120,148
71,97,46,121,148
101,139,65,122,148
125,175,87,123,148
100,153,93,124,148
96,152,89,125,148
94,150,87,126,148
135,193,75,127,148
141,176,76,128,148
43,54,47,129,148
36,43,44,130,148
73,77,87,131,148
26,28,37,132,148
0,0,1,133,148
2,3,6,134,148
10,11,14,135,148
29,31,35,136,148
61,64,70,137,148
95,99,104,138,148
109,111,113,139,148
129,131,131,140,148
150,154,155,141,148
183,189,192,142,148
198,208,209,143,148
194,200,200,144,148
178,179,179,145,148
175,174,174,146,148
239,239,239,147,148
255,255,255,148,148
255,255,255,149,148
255,255,255,150,148
255,255,255,151,148
255,255,255,152,148
255,255,255,153,148
255,255,255,154,148
255,255,255,155,148
255,255,255,156,148
255,255,255,157,148
255,255,255,158,148
255,255,255,159,148
255,255,255,160,148
255,255,255,161,148
255,255,255,162,148
255,255,255,163,148
255,255,255,164,148
255,255,255,165,148
255,255,255,166,148
255,255,255,167,148
255,255,255,168,148
255,255,255,169,148
255,255,255,170,148
255,255,255,171,148
255,255,255,172,148
255,255,255,173,148
255,255,255,174,148
255,255,255,175,148
255,255,255,176,148
255,255,255,177,148
255,255,255,178,148
255,255,255,179,148
255,255,255,180,148
255,255,255,181,148
255,255,255,182,148
255,255,255,183,148
255,255,255,184,148
255,255,255,185,148
255,255,255,186,148
255,255,255,187,148
255,255,255,188,148
255,255,255,189,148
255,255,255,190,148
255,255,255,191,148
255,255,255,192,148
255,255,255,193,148
255,255,255,194,148
255,255,255,195,148
255,255,255,196,148
255,255,255,197,148
255,255,255,198,148
255,255,255,199,148
255,255,255,0,149
255,255,255,1,149
255,255,255,2,149
255,255,255,3,149
255,255,255,4,149
255,255,255,5,149
255,255,255,6,149
255,255,255,7,149
255,255,255,8,149
255,255,255,9,149
255,255,255,10,149
255,255,255,11,149
255,255,255,12,149
255,255,255,13,149
255,255,255,14,149
255,255,255,15,149
255,255,255,16,149
255,255,255,17,149
255,255,255,18,149
255,255,255,19,149
255,255,255,20,149
255,255,255,21,149
255,255,255,22,149
255,255,255,23,149
255,255,255,24,149
255,255,255,25,149
255,255,255,26,149
255,255,255,27,149
255,255,255,28,149
255,255,255,29,149
255,255,255,30,149
255,255,255,31,149
255,255,255,32,149
255,255,255,33,149
255,255,255,34,149
255,255,255,35,149
255,255,255,36,149
255,255,255,37,149
255,255,255,38,149
255,255,255,39,149
255,255,255,40,149
255,255,255,41,149
255,255,255,42,149
254,254,255,43,149
253,254,255,44,149
255,255,255,45,149
224,225,224,46,149
170,172,169,47,149
190,191,190,48,149
182,182,182,49,149
176,177,179,50,149
176,178,183,51,149
173,175,178,52,149
147,148,150,53,149
122,122,122,54,149
93,93,91,55,149
65,65,63,56,149
48,47,46,57,149
42,41,44,58,149
49,51,58,59,149
97,101,112,60,149
99,103,111,61,149
57,61,63,62,149
52,54,53,63,149
53,53,53,64,149
50,50,51,65,149
47,47,48,66,149
47,47,52,67,149
59,62,71,68,149
118,120,132,69,149
105,106,114,70,149
53,56,55,71,149
48,50,47,72,149
48,49,50,73,149
64,67,75,74,149
101,105,114,75,149
108,114,119,76,149
90,92,96,77,149
57,58,61,78,149
49,49,50,79,149
49,48,49,80,149
48,47,48,81,149
50,50,52,82,149
60,61,63,83,149
68,72,71,84,149
65,68,66,85,149
51,52,52,86,149
45,46,45,87,149
42,42,42,88,149
44,44,46,89,149
66,65,71,90,149
69,70,75,91,149
51,52,54,92,149
55,56,60,93,149
74,77,80,94,149
65,69,70,95,149
45,47,46,96,149
46,46,43,97,149
44,45,43,98,149
41,41,41,99,149
108,109,113,100,149
94,95,100,101,149
30,29,42,102,149
39,39,39,103,149
43,44,46,104,149
34,38,42,105,149
59,75,45,106,149
130,175,57,107,149
120,173,80,108,149
115,178,77,109,149
130,189,79,110,149
91,140,85,111,149
117,166,89,112,149
123,174,79,113,149
116,162,79,114,149
114,161,68,115,149
103,147,73,116,149
87,129,54,117,149
98,139,60,118,149
114,159,63,119,149
118,164,73,120,149
142,197,74,121,149
103,156,82,122,149
92,151,97,123,149
76,130,96,124,149
107,164,98,125,149
129,188,74,126,149
119,160,77,127,149
79,86,74,128,149
15,17,26,129,149
18,20,29,130,149
16,17,24,131,149
11,11,21,132,149
16,17,22,133,149
9,10,14,134,149
6,6,8,135,149
21,21,21,136,149
46,47,49,137,149
77,78,81,138,149
105,105,108,139,149
126,127,127,140,149
141,143,145,141,149
163,166,169,142,149
173,178,180,143,149
175,180,180,144,149
175,177,177,145,149
172,173,172,146,149
238,238,238,147,149
255,255,255,148,149
255,255,255,149,149
255,255,255,150,149
255,255,255,151,149
255,255,255,152,149
255,255,255,153,149
255,255,255,154,149
255,255,255,155,149
255,255,255,156,149
255,255,255,157,149
255,255,255,158,149
255,255,255,159,149
255,255,255,160,149
255,255,255,161,149
255,255,255,162,149
255,255,255,163,149
255,255,255,164,149
255,255,255,165,149
255,255,255,166,149
255,255,255,167,149
255,255,255,168,149
255,255,255,169,149
255,255,255,170,149
255,255,255,171,149
255,255,255,172,149
255,255,255,173,149
255,255,255,174,149
255,255,255,175,149
255,255,255,176,149
255,255,255,177,149
255,255,255,178,149
255,255,255,179,149
255,255,255,180,149
255,255,255,181,149
255,255,255,182,149
255,255,255,183,149
255,255,255,184,149
255,255,255,185,149
255,255,255,186,149
255,255,255,187,149
255,255,255,188,149
255,255,255,189,149
255,255,255,190,149
255,255,255,191,149
255,255,255,192,149
255,255,255,193,149
255,255,255,194,149
255,255,255,195,149
255,255,255,196,149
255,255,255,197,149
255,255,255,198,149
255,255,255,199,149
255,255,255,0,150
255,255,255,1,150
255,255,255,2,150
255,255,255,3,150
255,255,255,4,150
255,255,255,5,150
255,255,255,6,150
255,255,255,7,150
255,255,255,8,150
255,255,255,9,150
255,255,255,10,150
255,255,255,11,150
255,255,255,12,150
255,255,255,13,150
255,255,255,14,150
255,255,255,15,150
255,255,255,16,150
255,255,255,17,150
255,255,255,18,150
255,255,255,19,150
255,255,255,20,150
255,255,255,21,150
255,255,255,22,150
255,255,255,23,150
255,255,255,24,150
255,255,255,25,150
255,255,255,26,150
255,255,255,27,150
255,255,255,28,150
255,255,255,29,150
255,255,255,30,150
255,255,255,31,150
255,255,255,32,150
255,255,255,33,150
255,255,255,34,150
255,255,255,35,150
255,255,255,36,150
255,255,255,37,150
255,255,255,38,150
255,255,255,39,150
255,255,255,40,150
255,255,255,41,150
255,255,255,42,150
255,255,255,43,150
255,255,255,44,150
255,255,255,45,150
221,221,221,46,150
170,170,170,47,150
181,181,181,48,150
180,180,180,49,150
178,178,180,50,150
177,175,180,51,150
184,183,187,52,150
153,152,155,53,150
117,117,117,54,150
89,89,89,55,150
59,60,60,56,150
43,43,43,57,150
40,39,40,58,150
40,40,44,59,150
61,63,72,60,150
82,86,95,61,150
57,61,64,62,150
53,55,54,63,150
54,55,52,64,150
50,51,50,65,150
47,47,46,66,150
43,43,46,67,150
50,53,60,68,150
87,91,102,69,150
113,117,126,70,150
56,60,59,71,150
48,51,48,72,150
41,43,44,73,150
69,72,82,74,150
109,114,127,75,150
92,97,107,76,150
64,66,72,77,150
51,52,55,78,150
51,50,52,79,150
50,49,50,80,150
49,49,49,81,150
53,54,57,82,150
73,76,81,83,150
95,100,103,84,150
75,80,79,85,150
51,53,52,86,150
44,45,44,87,150
42,42,41,88,150
35,35,37,89,150
29,28,35,90,150
29,29,35,91,150
39,40,41,92,150
50,52,55,93,150
96,100,108,94,150
102,107,112,95,150
46,47,47,96,150
43,43,41,97,150
40,42,40,98,150
35,37,36,99,150
31,34,37,100,150
27,28,33,101,150
36,37,40,102,150
39,40,41,103,150
41,43,41,104,150
42,44,43,105,150
35,37,45,106,150
97,119,67,107,150
153,203,77,108,150
117,179,72,109,150
110,170,77,110,150
115,174,82,111,150
86,140,81,112,150
104,161,89,113,150
77,127,95,114,150
102,158,92,115,150
98,154,90,116,150
111,168,83,117,150
106,160,87,118,150
135,195,86,119,150
85,134,83,120,150
130,189,78,121,150
108,170,78,122,150
104,166,90,123,150
112,172,81,124,150
107,164,82,125,150
144,194,78,126,150
57,75,48,127,150
22,22,34,128,150
17,20,23,129,150
14,17,17,130,150
15,16,14,131,150
20,20,19,132,150
47,48,51,133,150
38,39,43,134,150
3,3,4,135,150
18,19,17,136,150
44,44,44,137,150
78,78,80,138,150
113,113,115,139,150
126,126,128,140,150
137,137,139,141,150
145,145,147,142,150
154,155,156,143,150
163,166,165,144,150
172,174,173,145,150
170,171,170,146,150
235,235,235,147,150
255,255,255,148,150
255,255,255,149,150
255,255,255,150,150
255,255,255,151,150
255,255,255,152,150
255,255,255,153,150
255,255,255,154,150
255,255,255,155,150
255,255,255,156,150
255,255,255,157,150
255,255,255,158,150
255,255,255,159,150
255,255,255,160,150
255,255,255,161,150
255,255,255,162,150
255,255,255,163,150
255,255,255,164,150
255,255,255,165,150
255,255,255,166,150
255,255,255,167,150
255,255,255,168,150
255,255,255,169,150
255,255,255,170,150
255,255,255,171,150
255,255,255,172,150
255,255,255,173,150
255,255,255,174,150
255,255,255,175,150
255,255,255,176,150
255,255,255,177,150
255,255,255,178,150
255,255,255,179,150
255,255,255,180,150
255,255,255,181,150
255,255,255,182,150
255,255,255,183,150
255,255,255,184,150
255,255,255,185,150
255,255,255,186,150
255,255,255,187,150
255,255,255,188,150
255,255,255,189,150
255,255,255,190,150
255,255,255,191,150
255,255,255,192,150
255,255,255,193,150
255,255,255,194,150
255,255,255,195,150
255,255,255,196,150
255,255,255,197,150
255,255,255,198,150
255,255,255,199,150
255,255,255,0,151
255,255,255,1,151
255,255,255,2,151
255,255,255,3,151
255,255,255,4,151
255,255,255,5,151
255,255,255,6,151
255,255,255,7,151
255,255,255,8,151
255,255,255,9,151
255,255,255,10,151
255,255,255,11,151
255,255,255,12,151
255,255,255,13,151
255,255,255,14,151
255,255,255,15,151
255,255,255,16,151
255,255,255,17,151
255,255,255,18,151
255,255,255,19,151
255,255,255,20,151
255,255,255,21,151
255,255,255,22,151
255,255,255,23,151
255,255,255,24,151
255,255,255,25,151
255,255,255,26,151
255,255,255,27,151
255,255,255,28,151
255,255,255,29,151
255,255,255,30,151
255,255,255,31,151
255,255,255,32,151
255,255,255,33,151
255,255,255,34,151
255,255,255,35,151
255,255,255,36,151
255,255,255,37,151
255,255,255,38,151
255,255,255,39,151
255,255,255,40,151
255,255,255,41,151
255,255,255,42,151
255,255,255,43,151
255,255,255,44,151
255,255,255,45,151
217,217,217,46,151
169,169,169,47,151
178,178,178,48,151
178,178,178,49,151
176,176,177,50,151
172,172,175,51,151
166,166,169,52,151
145,144,145,53,151
114,114,113,54,151
85,85,85,55,151
61,61,63,56,151
41,41,43,57,151
39,38,40,58,151
39,38,42,59,151
43,42,50,60,151
59,59,67,61,151
54,55,58,62,151
52,52,50,63,151
54,54,52,64,151
52,53,51,65,151
48,48,47,66,151
41,42,43,67,151
36,39,42,68,151
50,55,61,69,151
64,69,75,70,151
50,55,55,71,151
50,54,53,72,151
43,44,46,73,151
39,42,49,74,151
45,48,58,75,151
32,36,44,76,151
35,36,42,77,151
46,46,48,78,151
49,49,50,79,151
46,46,46,80,151
44,45,45,81,151
53,57,62,82,151
113,118,128,83,151
123,129,137,84,151
67,71,74,85,151
45,47,48,86,151
42,44,43,87,151
42,42,42,88,151
41,41,41,89,151
39,39,41,90,151
41,40,41,91,151
45,45,44,92,151
48,50,55,93,151
104,111,122,94,151
100,107,116,95,151
48,50,53,96,151
43,44,44,97,151
37,40,39,98,151
36,39,40,99,151
33,36,37,100,151
39,39,42,101,151
44,46,45,102,151
43,45,40,103,151
40,42,39,104,151
40,42,41,105,151
45,49,47,106,151
54,61,47,107,151
94,122,51,108,151
118,165,79,109,151
117,169,90,110,151
105,159,86,111,151
96,153,94,112,151
100,161,88,113,151
90,147,101,114,151
94,155,91,115,151
89,147,90,116,151
98,154,93,117,151
97,152,99,118,151
126,188,84,119,151
103,162,68,120,151
104,163,80,121,151
109,172,85,122,151
107,162,99,123,151
112,158,80,124,151
101,142,74,125,151
68,93,52,126,151
49,55,49,127,151
62,63,72,128,151
54,58,63,129,151
15,19,20,130,151
20,21,19,131,151
27,27,25,132,151
25,26,27,133,151
10,12,15,134,151
3,4,6,135,151
17,17,18,136,151
38,38,40,137,151
69,69,71,138,151
99,99,101,139,151
120,120,122,140,151
135,135,137,141,151
146,145,147,142,151
153,153,154,143,151
162,164,163,144,151
173,174,173,145,151
169,168,169,146,151
234,234,234,147,151
255,255,255,148,151
254,254,254,149,151
255,255,255,150,151
255,255,255,151,151
255,255,255,152,151
255,255,255,153,151
255,255,255,154,151
255,255,255,155,151
255,255,255,156,151
255,255,255,157,151
255,255,255,158,151
255,255,255,159,151
255,255,255,160,151
255,255,255,161,151
255,255,255,162,151
255,255,255,163,151
255,255,255,164,151
255,255,255,165,151
255,255,255,166,151
255,255,255,167,151
255,255,255,168,151
255,255,255,169,151
255,255,255,170,151
255,255,255,171,151
255,255,255,172,151
255,255,255,173,151
255,255,255,174,151
255,255,255,175,151
255,255,255,176,151
255,255,255,177,151
255,255,255,178,151
255,255,255,179,151
255,255,255,180,151
255,255,255,181,151
255,255,255,182,151
255,255,255,183,151
255,255,255,184,151
255,255,255,185,151
255,255,255,186,151
255,255,255,187,151
255,255,255,188,151
255,255,255,189,151
255,255,255,190,151
255,255,255,191,151
255,255,255,192,151
255,255,255,193,151
255,255,255,194,151
255,255,255,195,151
255,255,255,196,151
255,255,255,197,151
255,255,255,198,151
255,255,255,199,151
255,255,255,0,152
255,255,255,1,152
255,255,255,2,152
255,255,255,3,152
255,255,255,4,152
255,255,255,5,152
255,255,255,6,152
255,255,255,7,152
255,255,255,8,152
255,255,255,9,152
255,255,255,10,152
255,255,255,11,152
255,255,255,12,152
255,255,255,13,152
255,255,255,14,152
255,255,255,15,152
255,255,255,16,152
255,255,255,17,152
255,255,255,18,152
255,255,255,19,152
255,255,255,20,152
255,255,255,21,152
255,255,255,22,152
255,255,255,23,152
255,255,255,24,152
255,255,255,25,152
255,255,255,26,152
255,255,255,27,152
255,255,255,28,152
255,255,255,29,152
255,255,255,30,152
255,255,255,31,152
255,255,255,32,152
255,255,255,33,152
255,255,255,34,152
255,255,255,35,152
255,255,255,36,152
255,255,255,37,152
255,255,255,38,152
255,255,255,39,152
255,255,255,40,152
255,255,255,41,152
255,255,255,42,152
255,255,255,43,152
255,255,255,44,152
255,255,255,45,152
211,211,211,46,152
168,168,168,47,152
178,178,178,48,152
177,177,177,49,152
174,174,175,50,152
169,169,171,51,152
158,158,159,52,152
137,137,137,53,152
109,109,109,54,152
82,82,83,55,152
80,80,82,56,152
91,90,95,57,152
41,39,42,58,152
41,39,42,59,152
43,41,46,60,152
47,45,51,61,152
47,46,48,62,152
49,47,48,63,152
52,51,53,64,152
61,62,62,65,152
56,56,58,66,152
46,49,50,67,152
39,42,41,68,152
33,37,39,69,152
36,40,44,70,152
50,54,56,71,152
66,69,72,72,152
67,68,71,73,152
46,47,51,74,152
30,32,34,75,152
33,36,35,76,152
39,40,40,77,152
42,42,43,78,152
40,40,40,79,152
37,38,36,80,152
34,36,33,81,152
49,52,58,82,152
116,120,133,83,152
78,85,93,84,152
33,38,41,85,152
34,36,38,86,152
41,43,43,87,152
45,46,43,88,152
40,39,38,89,152
37,36,37,90,152
38,37,36,91,152
39,41,38,92,152
43,47,51,93,152
100,106,121,94,152
95,102,114,95,152
48,53,57,96,152
58,61,64,97,152
35,39,40,98,152
31,35,36,99,152
34,35,36,100,152
38,38,40,101,152
43,44,41,102,152
52,54,51,103,152
48,50,50,104,152
35,36,37,105,152
40,41,35,106,152
39,39,38,107,152
22,23,32,108,152
48,60,48,109,152
89,112,85,110,152
97,132,70,111,152
99,150,80,112,152
107,160,86,113,152
126,182,92,114,152
119,180,75,115,152
104,161,95,116,152
100,159,86,117,152
102,162,81,118,152
106,163,84,119,152
130,185,80,120,152
115,168,81,121,152
103,153,74,122,152
113,143,85,123,152
111,125,80,124,152
31,41,24,125,152
40,38,44,126,152
60,52,56,127,152
85,87,98,128,152
90,95,103,129,152
17,19,24,130,152
25,24,27,131,152
31,31,33,132,152
23,24,26,133,152
9,11,13,134,152
13,13,16,135,152
16,15,20,136,152
32,31,34,137,152
59,59,61,138,152
90,90,91,139,152
118,117,118,140,152
135,133,134,141,152
148,146,148,142,152
158,157,158,143,152
165,166,165,144,152
175,174,174,145,152
168,166,167,146,152
231,231,231,147,152
255,255,255,148,152
255,255,255,149,152
255,255,255,150,152
255,255,255,151,152
255,255,255,152,152
255,255,255,153,152
255,255,255,154,152
255,255,255,155,152
255,255,255,156,152
255,255,255,157,152
255,255,255,158,152
255,255,255,159,152
255,255,255,160,152
255,255,255,161,152
255,255,255,162,152
255,255,255,163,152
255,255,255,164,152
255,255,255,165,152
255,255,255,166,152
255,255,255,167,152
255,255,255,168,152
255,255,255,169,152
255,255,255,170,152
255,255,255,171,152
255,255,255,172,152
255,255,255,173,152
255,255,255,174,152
255,255,255,175,152
255,255,255,176,152
255,255,255,177,152
255,255,255,178,152
255,255,255,179,152
255,255,255,180,152
255,255,255,181,152
255,255,255,182,152
255,255,255,183,152
255,255,255,184,152
255,255,255,185,152
255,255,255,186,152
255,255,255,187,152
255,255,255,188,152
255,255,255,189,152
255,255,255,190,152
255,255,255,191,152
255,255,255,192,152
255,255,255,193,152
255,255,255,194,152
255,255,255,195,152
255,255,255,196,152
255,255,255,197,152
255,255,255,198,152
255,255,255,199,152
255,255,255,0,153
255,255,255,1,153
255,255,255,2,153
255,255,255,3,153
255,255,255,4,153
255,255,255,5,153
255,255,255,6,153
255,255,255,7,153
255,255,255,8,153
255,255,255,9,153
255,255,255,10,153
255,255,255,11,153
255,255,255,12,153
255,255,255,13,153
255,255,255,14,153
255,255,255,15,153
255,255,255,16,153
255,255,255,17,153
255,255,255,18,153
255,255,255,19,153
255,255,255,20,153
255,255,255,21,153
255,255,255,22,153
255,255,255,23,153
255,255,255,24,153
255,255,255,25,153
255,255,255,26,153
255,255,255,27,153
255,255,255,28,153
255,255,255,29,153
255,255,255,30,153
255,255,255,31,153
255,255,255,32,153
255,255,255,33,153
255,255,255,34,153
255,255,255,35,153
255,255,255,36,153
255,255,255,37,153
255,255,255,38,153
255,255,255,39,153
255,255,255,40,153
255,255,255,41,153
255,255,255,42,153
255,255,255,43,153
255,255,255,44,153
255,255,255,45,153
210,210,210,46,153
168,168,168,47,153
177,177,177,48,153
176,176,176,49,153
172,172,173,50,153
167,167,167,51,153
153,153,153,52,153
132,132,132,53,153
104,104,103,54,153
76,76,77,55,153
70,69,73,56,153
87,86,91,57,153
49,48,51,58,153
43,42,44,59,153
45,43,45,60,153
46,44,47,61,153
45,43,46,62,153
45,44,47,63,153
54,53,56,64,153
78,79,82,65,153
81,84,86,66,153
70,75,76,67,153
53,58,58,68,153
40,42,43,69,153
36,40,42,70,153
46,53,57,71,153
64,69,74,72,153
60,62,67,73,153
43,44,46,74,153
38,39,37,75,153
38,40,35,76,153
40,40,37,77,153
39,39,39,78,153
36,36,36,79,153
35,36,32,80,153
30,32,28,81,153
29,32,37,82,153
50,54,67,83,153
30,36,43,84,153
27,32,32,85,153
30,33,32,86,153
36,38,35,87,153
41,42,40,88,153
35,35,36,89,153
31,31,33,90,153
32,32,30,91,153
35,36,33,92,153
43,47,52,93,153
79,84,101,94,153
61,69,82,95,153
42,48,53,96,153
84,89,93,97,153
32,36,39,98,153
27,28,31,99,153
29,29,31,100,153
28,28,28,101,153
30,30,29,102,153
46,48,47,103,153
83,85,87,104,153
41,42,44,105,153
26,27,23,106,153
27,27,24,107,153
27,25,35,108,153
23,24,23,109,153
19,22,29,110,153
20,30,31,111,153
35,54,32,112,153
53,75,47,113,153
73,100,52,114,153
91,124,59,115,153
109,141,91,116,153
110,143,88,117,153
91,123,70,118,153
82,113,58,119,153
68,89,61,120,153
53,73,46,121,153
40,57,47,122,153
71,76,80,123,153
111,106,116,124,153
30,29,34,125,153
31,27,44,126,153
39,35,40,127,153
57,62,70,128,153
34,39,48,129,153
10,12,15,130,153
28,29,30,131,153
34,34,34,132,153
34,35,35,133,153
31,32,33,134,153
40,40,43,135,153
31,29,35,136,153
27,26,28,137,153
55,55,53,138,153
85,85,83,139,153
114,112,112,140,153
132,130,131,141,153
144,142,142,142,153
162,162,160,143,153
171,171,170,144,153
174,173,173,145,153
166,165,166,146,153
229,229,229,147,153
255,255,255,148,153
255,255,255,149,153
255,255,255,150,153
255,255,255,151,153
255,255,255,152,153
255,255,255,153,153
255,255,255,154,153
255,255,255,155,153
255,255,255,156,153
255,255,255,157,153
255,255,255,158,153
255,255,255,159,153
255,255,255,160,153
255,255,255,161,153
255,255,255,162,153
255,255,255,163,153
255,255,255,164,153
255,255,255,165,153
255,255,255,166,153
255,255,255,167,153
255,255,255,168,153
255,255,255,169,153
255,255,255,170,153
255,255,255,171,153
255,255,255,172,153
255,255,255,173,153
255,255,255,174,153
255,255,255,175,153
255,255,255,176,153
255,255,255,177,153
255,255,255,178,153
255,255,255,179,153
255,255,255,180,153
255,255,255,181,153
255,255,255,182,153
255,255,255,183,153
255,255,255,184,153
255,255,255,185,153
255,255,255,186,153
255,255,255,187,153
255,255,255,188,153
255,255,255,189,153
255,255,255,190,153
255,255,255,191,153
255,255,255,192,153
255,255,255,193,153
255,255,255,194,153
255,255,255,195,153
255,255,255,196,153
255,255,255,197,153
255,255,255,198,153
255,255,255,199,153
255,255,255,0,154
255,255,255,1,154
255,255,255,2,154
255,255,255,3,154
255,255,255,4,154
255,255,255,5,154
255,255,255,6,154
255,255,255,7,154
255,255,255,8,154
255,255,255,9,154
255,255,255,10,154
255,255,255,11,154
255,255,255,12,154
255,255,255,13,154
255,255,255,14,154
255,255,255,15,154
255,255,255,16,154
255,255,255,17,154
255,255,255,18,154
255,255,255,19,154
255,255,255,20,154
255,255,255,21,154
255,255,255,22,154
255,255,255,23,154
255,255,255,24,154
255,255,255,25,154
255,255,255,26,154
255,255,255,27,154
255,255,255,28,154
255,255,255,29,154
255,255,255,30,154
255,255,255,31,154
255,255,255,32,154
255,255,255,33,154
255,255,255,34,154
255,255,255,35,154
255,255,255,36,154
255,255,255,37,154
255,255,255,38,154
255,255,255,39,154
255,255,255,40,154
255,255,255,41,154
255,255,255,42,154
255,255,254,43,154
255,255,255,44,154
255,255,255,45,154
208,208,208,46,154
169,169,170,47,154
176,176,176,48,154
174,174,174,49,154
171,170,171,50,154
164,164,164,51,154
149,149,149,52,154
125,127,127,53,154
95,95,96,54,154
68,68,69,55,154
50,50,53,56,154
58,57,62,57,154
64,63,66,58,154
44,42,44,59,154
45,43,43,60,154
45,44,45,61,154
42,43,44,62,154
41,43,46,63,154
64,67,74,64,154
111,116,123,65,154
129,134,141,66,154
109,113,119,67,154
70,74,78,68,154
41,45,45,69,154
34,40,39,70,154
35,42,45,71,154
35,41,46,72,154
29,31,35,73,154
34,35,37,74,154
35,36,34,75,154
38,36,31,76,154
44,41,39,77,154
43,44,43,78,154
38,39,41,79,154
34,34,32,80,154
31,33,29,81,154
27,28,31,82,154
24,26,34,83,154
32,36,41,84,154
41,43,43,85,154
40,42,40,86,154
36,38,33,87,154
31,32,30,88,154
27,26,30,89,154
26,25,30,90,154
25,25,25,91,154
28,29,28,92,154
43,45,50,93,154
60,64,77,94,154
33,39,51,95,154
26,31,39,96,154
71,76,82,97,154
29,33,37,98,154
24,26,28,99,154
25,26,27,100,154
25,25,25,101,154
23,25,24,102,154
27,29,32,103,154
82,85,90,104,154
42,43,50,105,154
25,27,35,106,154
26,29,33,107,154
27,31,25,108,154
30,32,27,109,154
31,31,33,110,154
28,31,27,111,154
27,27,33,112,154
26,25,28,113,154
23,24,26,114,154
21,24,34,115,154
42,46,60,116,154
53,58,75,117,154
17,20,28,118,154
23,24,23,119,154
31,30,31,120,154
35,31,32,121,154
40,40,43,122,154
74,78,85,123,154
95,93,105,124,154
26,27,26,125,154
16,21,17,126,154
23,28,31,127,154
22,27,34,128,154
12,16,21,129,154
20,21,24,130,154
24,26,26,131,154
28,28,27,132,154
34,35,35,133,154
46,47,51,134,154
64,64,72,135,154
30,30,36,136,154
22,21,22,137,154
51,50,49,138,154
81,79,79,139,154
108,107,107,140,154
129,127,128,141,154
140,139,140,142,154
174,174,174,143,154
181,181,181,144,154
172,172,173,145,154
164,164,164,146,154
226,226,226,147,154
255,255,255,148,154
255,255,255,149,154
255,255,255,150,154
255,255,255,151,154
255,255,255,152,154
255,255,255,153,154
255,255,255,154,154
255,255,255,155,154
255,255,255,156,154
255,255,255,157,154
255,255,255,158,154
255,255,255,159,154
255,255,255,160,154
255,255,255,161,154
255,255,255,162,154
255,255,255,163,154
255,255,255,164,154
255,255,255,165,154
255,255,255,166,154
255,255,255,167,154
255,255,255,168,154
255,255,255,169,154
255,255,255,170,154
255,255,255,171,154
255,255,255,172,154
255,255,255,173,154
255,255,255,174,154
255,255,255,175,154
255,255,255,176,154
255,255,255,177,154
255,255,255,178,154
255,255,255,179,154
255,255,255,180,154
255,255,255,181,154
255,255,255,182,154
255,255,255,183,154
255,255,255,184,154
255,255,255,185,154
255,255,255,186,154
255,255,255,187,154
255,255,255,188,154
255,255,255,189,154
255,255,255,190,154
255,255,255,191,154
255,255,255,192,154
255,255,255,193,154
255,255,255,194,154
255,255,255,195,154
255,255,255,196,154
255,255,255,197,154
255,255,255,198,154
255,255,255,199,154
255,255,255,0,155
255,255,255,1,155
255,255,255,2,155
255,255,255,3,155
255,255,255,4,155
255,255,255,5,155
255,255,255,6,155
255,255,255,7,155
255,255,255,8,155
255,255,255,9,155
255,255,255,10,155
255,255,255,11,155
255,255,255,12,155
255,255,255,13,155
255,255,255,14,155
255,255,255,15,155
255,255,255,16,155
255,255,255,17,155
255,255,255,18,155
255,255,255,19,155
255,255,255,20,155
255,255,255,21,155
255,255,255,22,155
255,255,255,23,155
255,255,255,24,155
255,255,255,25,155
255,255,255,26,155
255,255,255,27,155
255,255,255,28,155
255,255,255,29,155
255,255,255,30,155
255,255,255,31,155
255,255,255,32,155
255,255,255,33,155
255,255,255,34,155
255,255,255,35,155
255,255,255,36,155
255,255,255,37,155
255,255,255,38,155
255,255,255,39,155
255,255,255,40,155
255,255,255,41,155
255,255,253,42,155
255,255,253,43,155
255,255,254,44,155
255,255,255,45,155
200,200,202,46,155
169,169,171,47,155
176,176,177,48,155
173,173,173,49,155
170,169,170,50,155
162,162,162,51,155
146,147,147,52,155
134,135,137,53,155
97,98,101,54,155
57,58,58,55,155
44,44,42,56,155
44,45,47,57,155
52,55,57,58,155
41,44,43,59,155
43,45,44,60,155
45,44,44,61,155
42,40,44,62,155
35,36,44,63,155
43,48,63,64,155
65,72,91,65,155
67,75,91,66,155
52,59,71,67,155
40,46,51,68,155
37,42,41,69,155
41,42,41,70,155
44,44,46,71,155
43,43,46,72,155
39,40,39,73,155
35,36,34,74,155
35,33,32,75,155
37,35,34,76,155
51,56,56,77,155
78,88,90,78,155
60,65,64,79,155
33,35,34,80,155
28,30,29,81,155
29,31,31,82,155
33,34,37,83,155
40,41,46,84,155
50,50,52,85,155
56,57,58,86,155
53,57,53,87,155
41,43,42,88,155
28,28,29,89,155
24,25,25,90,155
22,24,23,91,155
23,24,24,92,155
30,32,37,93,155
35,38,48,94,155
17,21,30,95,155
16,21,27,96,155
35,40,46,97,155
24,29,33,98,155
22,25,26,99,155
24,26,25,100,155
24,26,24,101,155
21,25,24,102,155
21,25,29,103,155
41,44,51,104,155
40,43,51,105,155
22,25,31,106,155
25,29,31,107,155
31,35,33,108,155
35,38,34,109,155
39,42,41,110,155
35,36,35,111,155
29,30,28,112,155
28,28,28,113,155
28,28,29,114,155
26,29,31,115,155
28,33,38,116,155
30,35,49,117,155
20,24,26,118,155
26,27,25,119,155
31,30,30,120,155
33,32,32,121,155
39,41,39,122,155
60,64,68,123,155
100,104,112,124,155
37,42,45,125,155
13,18,16,126,155
26,29,28,127,155
25,27,29,128,155
24,25,27,129,155
25,24,26,130,155
24,24,24,131,155
24,24,24,132,155
29,28,31,133,155
41,40,48,134,155
90,93,102,135,155
39,42,48,136,155
16,18,19,137,155
53,53,54,138,155
96,95,98,139,155
101,102,103,140,155
123,122,123,141,155
136,136,138,142,155
173,174,176,143,155
180,180,184,144,155
171,170,173,145,155
163,163,163,146,155
223,223,223,147,155
255,255,255,148,155
255,255,254,149,155
255,255,254,150,155
255,255,255,151,155
255,255,255,152,155
255,255,255,153,155
255,255,255,154,155
255,255,255,155,155
255,255,255,156,155
255,255,255,157,155
255,255,255,158,155
255,255,255,159,155
255,255,255,160,155
255,255,255,161,155
255,255,255,162,155
255,255,255,163,155
255,255,255,164,155
255,255,255,165,155
255,255,255,166,155
255,255,255,167,155
255,255,255,168,155
255,255,255,169,155
255,255,255,170,155
255,255,255,171,155
255,255,255,172,155
255,255,255,173,155
255,255,255,174,155
255,255,255,175,155
255,255,255,176,155
255,255,255,177,155
255,255,255,178,155
255,255,255,179,155
255,255,255,180,155
255,255,255,181,155
255,255,255,182,155
255,255,255,183,155
255,255,255,184,155
255,255,255,185,155
255,255,255,186,155
255,255,255,187,155
255,255,255,188,155
255,255,255,189,155
255,255,255,190,155
255,255,255,191,155
255,255,255,192,155
255,255,255,193,155
255,255,255,194,155
255,255,255,195,155
255,255,255,196,155
255,255,255,197,155
255,255,255,198,155
255,255,255,199,155
255,255,255,0,156
255,255,255,1,156
255,255,255,2,156
255,255,255,3,156
255,255,255,4,156
255,255,255,5,156
255,255,255,6,156
255,255,255,7,156
255,255,255,8,156
255,255,255,9,156
255,255,255,10,156
255,255,255,11,156
255,255,255,12,156
255,255,255,13,156
255,255,255,14,156
255,255,255,15,156
255,255,255,16,156
255,255,255,17,156
255,255,255,18,156
255,255,255,19,156
255,255,255,20,156
255,255,255,21,156
255,255,255,22,156
255,255,255,23,156
255,255,255,24,156
255,255,255,25,156
255,255,255,26,156
255,255,255,27,156
255,255,255,28,156
255,255,255,29,156
255,255,255,30,156
255,255,255,31,156
255,255,255,32,156
255,255,255,33,156
255,255,255,34,156
255,255,255,35,156
255,255,255,36,156
255,255,255,37,156
255,255,255,38,156
255,255,255,39,156
255,255,255,40,156
255,255,255,41,156
255,255,254,42,156
255,255,254,43,156
255,255,255,44,156
255,255,255,45,156
193,193,193,46,156
169,169,170,47,156
176,176,176,48,156
173,173,173,49,156
169,168,169,50,156
159,160,159,51,156
142,144,143,52,156
138,139,140,53,156
98,99,102,54,156
50,52,52,55,156
41,42,41,56,156
34,36,36,57,156
37,39,39,58,156
42,43,43,59,156
44,46,47,60,156
42,44,44,61,156
38,39,40,62,156
36,34,38,63,156
30,27,36,64,156
29,32,42,65,156
23,28,39,66,156
17,24,31,67,156
22,28,29,68,156
32,34,35,69,156
38,37,41,70,156
47,45,51,71,156
61,59,62,72,156
67,69,66,73,156
48,50,47,74,156
33,32,32,75,156
30,30,34,76,156
44,52,61,77,156
104,114,124,78,156
87,89,92,79,156
31,33,34,80,156
26,28,26,81,156
26,28,27,82,156
29,30,31,83,156
33,34,38,84,156
45,45,48,85,156
69,71,75,86,156
100,105,111,87,156
90,94,99,88,156
38,42,39,89,156
24,26,22,90,156
23,25,25,91,156
22,25,27,92,156
25,29,30,93,156
20,24,27,94,156
15,18,21,95,156
18,22,22,96,156
20,23,28,97,156
20,24,26,98,156
22,24,26,99,156
23,24,25,100,156
24,26,25,101,156
23,26,25,102,156
24,27,29,103,156
37,43,46,104,156
50,56,59,105,156
16,22,23,106,156
22,26,25,107,156
32,34,33,108,156
30,31,32,109,156
39,41,42,110,156
55,56,60,111,156
39,40,44,112,156
25,27,26,113,156
25,26,24,114,156
22,25,25,115,156
22,27,26,116,156
24,27,30,117,156
26,27,24,118,156
27,27,25,119,156
28,27,29,120,156
28,27,29,121,156
30,32,30,122,156
43,46,51,123,156
87,91,101,124,156
40,45,51,125,156
15,19,20,126,156
30,32,33,127,156
36,36,39,128,156
36,36,37,129,156
30,29,30,130,156
24,24,24,131,156
27,28,24,132,156
23,23,21,133,156
22,21,29,134,156
47,50,57,135,156
20,22,26,136,156
20,21,23,137,156
71,73,78,138,156
117,121,127,139,156
92,93,96,140,156
119,119,120,141,156
131,130,131,142,156
143,144,146,143,156
163,165,169,144,156
173,173,177,145,156
163,163,163,146,156
220,220,218,147,156
255,255,255,148,156
255,255,254,149,156
255,255,255,150,156
255,255,255,151,156
255,255,255,152,156
255,255,255,153,156
255,255,255,154,156
255,255,255,155,156
255,255,255,156,156
255,255,255,157,156
255,255,255,158,156
255,255,255,159,156
255,255,255,160,156
255,255,255,161,156
255,255,255,162,156
255,255,255,163,156
255,255,255,164,156
255,255,255,165,156
255,255,255,166,156
255,255,255,167,156
255,255,255,168,156
255,255,255,169,156
255,255,255,170,156
255,255,255,171,156
255,255,255,172,156
255,255,255,173,156
255,255,255,174,156
255,255,255,175,156
255,255,255,176,156
255,255,255,177,156
255,255,255,178,156
255,255,255,179,156
255,255,255,180,156
255,255,255,181,156
255,255,255,182,156
255,255,255,183,156
255,255,255,184,156
255,255,255,185,156
255,255,255,186,156
255,255,255,187,156
255,255,255,188,156
255,255,255,189,156
255,255,255,190,156
255,255,255,191,156
255,255,255,192,156
255,255,255,193,156
255,255,255,194,156
255,255,255,195,156
255,255,255,196,156
255,255,255,197,156
255,255,255,198,156
255,255,255,199,156
255,255,255,0,157
255,255,255,1,157
255,255,255,2,157
255,255,255,3,157
255,255,255,4,157
255,255,255,5,157
255,255,255,6,157
255,255,255,7,157
255,255,255,8,157
255,255,255,9,157
255,255,255,10,157
255,255,255,11,157
255,255,255,12,157
255,255,255,13,157
255,255,255,14,157
255,255,255,15,157
255,255,255,16,157
255,255,255,17,157
255,255,255,18,157
255,255,255,19,157
255,255,255,20,157
255,255,255,21,157
255,255,255,22,157
255,255,255,23,157
255,255,255,24,157
255,255,255,25,157
255,255,255,26,157
255,255,255,27,157
255,255,255,28,157
255,255,255,29,157
255,255,255,30,157
255,255,255,31,157
255,255,255,32,157
255,255,255,33,157
255,255,255,34,157
255,255,255,35,157
255,255,255,36,157
255,255,255,37,157
255,255,255,38,157
255,255,255,39,157
255,255,255,40,157
255,255,255,41,157
255,255,255,42,157
255,255,255,43,157
255,255,255,44,157
254,254,254,45,157
188,188,188,46,157
169,169,169,47,157
176,176,176,48,157
172,172,172,49,157
169,169,169,50,157
156,156,156,51,157
137,137,137,52,157
112,113,115,53,157
79,80,82,54,157
52,53,53,55,157
40,41,39,56,157
37,37,36,57,157
40,38,38,58,157
47,41,44,59,157
54,53,56,60,157
56,58,59,61,157
33,34,32,62,157
35,34,27,63,157
39,40,34,64,157
44,51,51,65,157
44,55,63,66,157
40,52,70,67,157
35,49,69,68,157
33,50,71,69,157
29,49,71,70,157
31,52,73,71,157
50,69,87,72,157
82,101,115,73,157
71,80,89,74,157
34,30,31,75,157
30,21,16,76,157
32,27,30,77,157
48,59,74,78,157
44,58,73,79,157
22,29,34,80,157
23,26,27,81,157
22,23,24,82,157
21,23,23,83,157
23,25,27,84,157
38,39,44,85,157
50,52,62,86,157
78,82,96,87,157
109,112,125,88,157
43,47,49,89,157
24,25,24,90,157
28,29,30,91,157
32,36,39,92,157
54,58,59,93,157
30,35,33,94,157
20,25,20,95,157
26,30,24,96,157
35,38,41,97,157
40,43,47,98,157
26,26,30,99,157
22,21,24,100,157
27,26,27,101,157
32,33,32,102,157
32,35,36,103,157
34,39,41,104,157
39,44,48,105,157
23,30,30,106,157
18,22,21,107,157
20,21,20,108,157
26,27,29,109,157
32,32,36,110,157
56,58,62,111,157
62,65,69,112,157
22,24,25,113,157
21,22,20,114,157
21,22,22,115,157
21,24,23,116,157
32,34,34,117,157
57,57,57,118,157
42,42,44,119,157
22,22,24,120,157
24,25,26,121,157
24,27,25,122,157
31,34,41,123,157
55,57,69,124,157
25,26,32,125,157
16,19,19,126,157
27,28,29,127,157
29,29,32,128,157
35,35,37,129,157
47,47,49,130,157
42,43,44,131,157
18,20,18,132,157
14,15,11,133,157
12,11,16,134,157
9,10,15,135,157
4,8,9,136,157
26,29,29,137,157
90,96,101,138,157
106,111,121,139,157
86,88,93,140,157
113,113,114,141,157
128,129,129,142,157
140,144,145,143,157
171,175,179,144,157
178,180,183,145,157
163,163,163,146,157
215,215,214,147,157
255,255,255,148,157
255,255,255,149,157
255,255,255,150,157
255,255,255,151,157
255,255,255,152,157
255,255,255,153,157
255,255,255,154,157
255,255,255,155,157
255,255,255,156,157
255,255,255,157,157
255,255,255,158,157
255,255,255,159,157
255,255,255,160,157
255,255,255,161,157
255,255,255,162,157
255,255,255,163,157
255,255,255,164,157
255,255,255,165,157
255,255,255,166,157
255,255,255,167,157
255,255,255,168,157
255,255,255,169,157
255,255,255,170,157
255,255,255,171,157
255,255,255,172,157
255,255,255,173,157
255,255,255,174,157
255,255,255,175,157
255,255,255,176,157
255,255,255,177,157
255,255,255,178,157
255,255,255,179,157
255,255,255,180,157
255,255,255,181,157
255,255,255,182,157
255,255,255,183,157
255,255,255,184,157
255,255,255,185,157
255,255,255,186,157
255,255,255,187,157
255,255,255,188,157
255,255,255,189,157
255,255,255,190,157
255,255,255,191,157
255,255,255,192,157
255,255,255,193,157
255,255,255,194,157
255,255,255,195,157
255,255,255,196,157
255,255,255,197,157
255,255,255,198,157
255,255,255,199,157
255,255,255,0,158
255,255,255,1,158
255,255,255,2,158
255,255,255,3,158
255,255,255,4,158
255,255,255,5,158
255,255,255,6,158
255,255,255,7,158
255,255,255,8,158
255,255,255,9,158
255,255,255,10,158
255,255,255,11,158
255,255,255,12,158
255,255,255,13,158
255,255,255,14,158
255,255,255,15,158
255,255,255,16,158
255,255,255,17,158
255,255,255,18,158
255,255,255,19,158
255,255,255,20,158
255,255,255,21,158
255,255,255,22,158
255,255,255,23,158
255,255,255,24,158
255,255,255,25,158
255,255,255,26,158
255,255,255,27,158
255,255,255,28,158
255,255,255,29,158
255,255,255,30,158
255,255,255,31,158
255,255,255,32,158
255,255,255,33,158
255,255,255,34,158
255,255,255,35,158
255,255,255,36,158
255,255,255,37,158
255,255,255,38,158
255,255,255,39,158
255,255,255,40,158
255,255,255,41,158
255,255,255,42,158
255,255,255,43,158
255,255,255,44,158
253,253,253,45,158
189,189,189,46,158
173,173,172,47,158
173,173,173,48,158
171,172,172,49,158
168,167,168,50,158
152,152,152,51,158
130,130,130,52,158
101,102,101,53,158
71,71,72,54,158
48,48,48,55,158
40,38,39,56,158
37,37,37,57,158
35,39,38,58,158
30,36,37,59,158
54,56,58,60,158
77,79,82,61,158
90,91,96,62,158
102,107,120,63,158
87,108,135,64,158
59,98,138,65,158
38,95,141,66,158
19,89,141,67,158
10,89,141,68,158
10,88,143,69,158
7,84,142,70,158
6,82,140,71,158
9,82,139,72,158
13,85,141,73,158
15,85,138,74,158
13,70,112,75,158
21,50,77,76,158
18,32,47,77,158
17,24,39,78,158
26,25,33,79,158
23,24,25,80,158
20,22,22,81,158
20,22,22,82,158
20,21,23,83,158
19,20,22,84,158
45,45,50,85,158
59,60,68,86,158
22,25,34,87,158
31,33,44,88,158
21,22,28,89,158
23,23,25,90,158
23,24,24,91,158
29,35,36,92,158
82,88,91,93,158
49,53,55,94,158
19,23,21,95,158
28,33,30,96,158
44,48,55,97,158
68,73,80,98,158
23,24,28,99,158
20,20,22,100,158
24,24,25,101,158
27,27,26,102,158
28,28,28,103,158
32,33,37,104,158
58,63,68,105,158
64,70,73,106,158
16,19,20,107,158
20,22,20,108,158
20,22,22,109,158
21,22,24,110,158
19,23,25,111,158
25,30,31,112,158
19,23,24,113,158
19,21,21,114,158
21,21,21,115,158
23,25,26,116,158
38,42,41,117,158
90,93,101,118,158
65,68,78,119,158
14,17,20,120,158
19,23,20,121,158
23,28,25,122,158
27,31,37,123,158
26,28,38,124,158
13,14,18,125,158
19,21,20,126,158
22,24,24,127,158
22,23,25,128,158
26,26,28,129,158
40,41,45,130,158
79,81,86,131,158
36,39,43,132,158
5,7,5,133,158
12,11,12,134,158
6,7,8,135,158
10,13,12,136,158
36,41,40,137,158
103,110,117,138,158
116,121,132,139,158
79,80,84,140,158
112,112,110,141,158
139,142,141,142,158
172,179,180,143,158
201,210,212,144,158
186,192,192,145,158
162,163,161,146,158
209,209,209,147,158
255,255,255,148,158
254,254,254,149,158
255,255,255,150,158
255,255,255,151,158
255,255,255,152,158
255,255,255,153,158
255,255,255,154,158
255,255,255,155,158
255,255,255,156,158
255,255,255,157,158
255,255,255,158,158
255,255,255,159,158
255,255,255,160,158
255,255,255,161,158
255,255,255,162,158
255,255,255,163,158
255,255,255,164,158
255,255,255,165,158
255,255,255,166,158
255,255,255,167,158
255,255,255,168,158
255,255,255,169,158
255,255,255,170,158
255,255,255,171,158
255,255,255,172,158
255,255,255,173,158
255,255,255,174,158
255,255,255,175,158
255,255,255,176,158
255,255,255,177,158
255,255,255,178,158
255,255,255,179,158
255,255,255,180,158
255,255,255,181,158
255,255,255,182,158
255,255,255,183,158
255,255,255,184,158
255,255,255,185,158
255,255,255,186,158
255,255,255,187,158
255,255,255,188,158
255,255,255,189,158
255,255,255,190,158
255,255,255,191,158
255,255,255,192,158
255,255,255,193,158
255,255,255,194,158
255,255,255,195,158
255,255,255,196,158
255,255,255,197,158
255,255,255,198,158
255,255,255,199,158
255,255,255,0,159
255,255,255,1,159
255,255,255,2,159
255,255,255,3,159
255,255,255,4,159
255,255,255,5,159
255,255,255,6,159
255,255,255,7,159
255,255,255,8,159
255,255,255,9,159
255,255,255,10,159
255,255,255,11,159
255,255,255,12,159
255,255,255,13,159
255,255,255,14,159
255,255,255,15,159
255,255,255,16,159
255,255,255,17,159
255,255,255,18,159
255,255,255,19,159
255,255,255,20,159
255,255,255,21,159
255,255,255,22,159
255,255,255,23,159
255,255,255,24,159
255,255,255,25,159
255,255,255,26,159
255,255,255,27,159
255,255,255,28,159
255,255,255,29,159
255,255,255,30,159
255,255,255,31,159
255,255,255,32,159
255,255,255,33,159
255,255,255,34,159
255,255,255,35,159
255,255,255,36,159
255,255,255,37,159
255,255,255,38,159
255,255,255,39,159
255,255,255,40,159
255,255,255,41,159
255,255,255,42,159
254,254,254,43,159
255,255,255,44,159
249,249,249,45,159
189,189,188,46,159
188,188,186,47,159
177,176,174,48,159
173,172,170,49,159
166,163,163,50,159
152,151,150,51,159
126,124,123,52,159
86,86,83,53,159
62,61,63,54,159
45,44,45,55,159
38,37,38,56,159
34,34,36,57,159
28,28,29,58,159
69,68,72,59,159
154,151,156,60,159
138,149,160,61,159
75,110,138,62,159
28,83,127,63,159
10,83,138,64,159
7,84,144,65,159
5,85,147,66,159
2,83,148,67,159
3,82,145,68,159
2,83,146,69,159
0,85,149,70,159
0,87,150,71,159
2,89,151,72,159
1,91,152,73,159
1,94,156,74,159
5,95,155,75,159
9,93,152,76,159
10,83,137,77,159
18,59,102,78,159
19,32,54,79,159
19,25,28,80,159
23,23,21,81,159
21,25,25,82,159
24,25,26,83,159
24,24,24,84,159
16,15,20,85,159
12,14,16,86,159
14,17,16,87,159
13,17,16,88,159
18,20,21,89,159
20,19,21,90,159
20,20,21,91,159
21,25,27,92,159
37,41,45,93,159
25,28,31,94,159
20,24,23,95,159
27,31,32,96,159
49,55,65,97,159
41,47,54,98,159
12,16,18,99,159
17,21,22,100,159
20,20,21,101,159
24,22,23,102,159
26,25,26,103,159
28,28,32,104,159
50,54,59,105,159
57,61,66,106,159
16,20,21,107,159
20,22,21,108,159
22,24,22,109,159
20,23,21,110,159
17,20,18,111,159
13,18,17,112,159
15,19,20,113,159
17,19,21,114,159
19,21,20,115,159
26,27,27,116,159
41,46,48,117,159
89,96,110,118,159
60,68,82,119,159
10,16,18,120,159
17,21,19,121,159
23,29,29,122,159
30,37,39,123,159
39,43,50,124,159
39,42,46,125,159
18,20,20,126,159
18,19,18,127,159
42,41,43,128,159
30,31,32,129,159
20,21,24,130,159
52,55,61,131,159
36,38,45,132,159
5,7,8,133,159
12,14,13,134,159
10,11,9,135,159
16,19,17,136,159
46,53,53,137,159
108,114,123,138,159
73,77,87,139,159
72,72,75,140,159
107,107,107,141,159
155,158,160,142,159
188,196,200,143,159
195,204,206,144,159
178,184,183,145,159
162,164,162,146,159
204,204,202,147,159
255,255,255,148,159
255,255,254,149,159
255,255,255,150,159
255,255,255,151,159
255,255,255,152,159
255,255,255,153,159
255,255,255,154,159
255,255,255,155,159
255,255,255,156,159
255,255,255,157,159
255,255,255,158,159
255,255,255,159,159
255,255,255,160,159
255,255,255,161,159
255,255,255,162,159
255,255,255,163,159
255,255,255,164,159
255,255,255,165,159
255,255,255,166,159
255,255,255,167,159
255,255,255,168,159
255,255,255,169,159
255,255,255,170,159
255,255,255,171,159
255,255,255,172,159
255,255,255,173,159
255,255,255,174,159
255,255,255,175,159
255,255,255,176,159
255,255,255,177,159
255,255,255,178,159
255,255,255,179,159
255,255,255,180,159
255,255,255,181,159
255,255,255,182,159
255,255,255,183,159
255,255,255,184,159
255,255,255,185,159
255,255,255,186,159
255,255,255,187,159
255,255,255,188,159
255,255,255,189,159
255,255,255,190,159
255,255,255,191,159
255,255,255,192,159
255,255,255,193,159
255,255,255,194,159
255,255,255,195,159
255,255,255,196,159
255,255,255,197,159
255,255,255,198,159
255,255,255,199,159
255,255,255,0,160
255,255,255,1,160
255,255,255,2,160
255,255,255,3,160
255,255,255,4,160
255,255,255,5,160
255,255,255,6,160
255,255,255,7,160
255,255,255,8,160
255,255,255,9,160
255,255,255,10,160
255,255,255,11,160
255,255,255,12,160
255,255,255,13,160
255,255,255,14,160
255,255,255,15,160
255,255,255,16,160
255,255,255,17,160
255,255,255,18,160
255,255,255,19,160
255,255,255,20,160
255,255,255,21,160
255,255,255,22,160
255,255,255,23,160
255,255,255,24,160
255,255,255,25,160
255,255,255,26,160
255,255,255,27,160
255,255,255,28,160
255,255,255,29,160
255,255,255,30,160
255,255,255,31,160
255,255,255,32,160
255,255,255,33,160
255,255,255,34,160
255,255,255,35,160
255,255,255,36,160
255,255,255,37,160
255,255,255,38,160
255,255,255,39,160
255,255,255,40,160
255,255,255,41,160
255,255,255,42,160
255,255,255,43,160
255,255,255,44,160
247,247,247,45,160
178,178,178,46,160
188,188,185,47,160
196,193,190,48,160
197,192,190,49,160
193,188,187,50,160
182,178,177,51,160
156,152,149,52,160
103,102,95,53,160
56,55,58,54,160
42,41,43,55,160
32,32,32,56,160
35,36,42,57,160
133,134,135,58,160
202,203,209,59,160
106,120,150,60,160
16,73,125,61,160
0,77,139,62,160
1,80,146,63,160
0,82,149,64,160
7,80,144,65,160
6,81,141,66,160
2,83,146,67,160
3,83,150,68,160
2,88,149,69,160
1,93,155,70,160
1,97,159,71,160
1,101,161,72,160
0,100,159,73,160
2,97,158,74,160
6,91,152,75,160
4,87,150,76,160
1,82,148,77,160
5,73,132,78,160
7,65,123,79,160
18,52,83,80,160
24,34,44,81,160
23,33,35,82,160
40,40,39,83,160
56,54,55,84,160
31,38,38,85,160
16,17,19,86,160
11,14,14,87,160
12,14,11,88,160
14,15,13,89,160
17,17,17,90,160
13,14,14,91,160
15,15,17,92,160
14,14,18,93,160
17,17,20,94,160
22,23,24,95,160
27,31,35,96,160
39,44,52,97,160
32,37,42,98,160
11,14,16,99,160
18,19,21,100,160
29,29,30,101,160
20,19,19,102,160
18,20,20,103,160
20,22,23,104,160
25,28,31,105,160
25,28,30,106,160
16,18,17,107,160
19,21,21,108,160
27,29,30,109,160
43,45,45,110,160
16,17,17,111,160
13,15,17,112,160
16,18,20,113,160
16,17,17,114,160
13,14,12,115,160
22,23,24,116,160
38,43,49,117,160
71,80,89,118,160
43,50,58,119,160
9,13,16,120,160
18,21,23,121,160
32,37,39,122,160
49,57,61,123,160
88,96,105,124,160
75,84,92,125,160
15,20,23,126,160
8,9,10,127,160
20,20,21,128,160
22,24,24,129,160
17,20,20,130,160
13,15,17,131,160
10,11,13,132,160
9,10,10,133,160
12,13,14,134,160
7,8,8,135,160
11,14,12,136,160
39,45,47,137,160
86,91,101,138,160
43,45,53,139,160
66,66,70,140,160
105,105,108,141,160
156,159,165,142,160
183,187,195,143,160
184,190,193,144,160
174,177,178,145,160
164,165,164,146,160
200,200,199,147,160
255,255,255,148,160
255,255,255,149,160
255,255,255,150,160
255,255,255,151,160
255,255,255,152,160
255,255,255,153,160
255,255,255,154,160
255,255,255,155,160
255,255,255,156,160
255,255,255,157,160
255,255,255,158,160
255,255,255,159,160
255,255,255,160,160
255,255,255,161,160
255,255,255,162,160
255,255,255,163,160
255,255,255,164,160
255,255,255,165,160
255,255,255,166,160
255,255,255,167,160
255,255,255,168,160
255,255,255,169,160
255,255,255,170,160
255,255,255,171,160
255,255,255,172,160
255,255,255,173,160
255,255,255,174,160
255,255,255,175,160
255,255,255,176,160
255,255,255,177,160
255,255,255,178,160
255,255,255,179,160
255,255,255,180,160
255,255,255,181,160
255,255,255,182,160
255,255,255,183,160
255,255,255,184,160
255,255,255,185,160
255,255,255,186,160
255,255,255,187,160
255,255,255,188,160
255,255,255,189,160
255,255,255,190,160
255,255,255,191,160
255,255,255,192,160
255,255,255,193,160
255,255,255,194,160
255,255,255,195,160
255,255,255,196,160
255,255,255,197,160
255,255,255,198,160
255,255,255,199,160
255,255,255,0,161
255,255,255,1,161
255,255,255,2,161
255,255,255,3,161
255,255,255,4,161
255,255,255,5,161
255,255,255,6,161
255,255,255,7,161
255,255,255,8,161
255,255,255,9,161
255,255,255,10,161
255,255,255,11,161
255,255,255,12,161
255,255,255,13,161
255,255,255,14,161
255,255,255,15,161
255,255,255,16,161
255,255,255,17,161
255,255,255,18,161
255,255,255,19,161
255,255,255,20,161
255,255,255,21,161
255,255,255,22,161
255,255,255,23,161
255,255,255,24,161
255,255,255,25,161
255,255,255,26,161
255,255,255,27,161
255,255,255,28,161
255,255,255,29,161
255,255,255,30,161
255,255,255,31,161
255,255,255,32,161
255,255,255,33,161
255,255,255,34,161
255,255,255,35,161
255,255,255,36,161
255,255,255,37,161
255,255,255,38,161
255,255,255,39,161
255,255,255,40,161
255,255,255,41,161
255,255,255,42,161
255,255,255,43,161
255,255,255,44,161
241,241,241,45,161
174,174,174,46,161
178,178,176,47,161
189,188,186,48,161
194,191,190,49,161
190,186,186,50,161
192,190,189,51,161
183,180,178,52,161
153,151,146,53,161
84,85,83,54,161
34,34,35,55,161
40,40,41,56,161
181,181,181,57,161
206,217,222,58,161
48,83,114,59,161
0,67,135,60,161
9,84,150,61,161
43,97,142,62,161
34,90,137,63,161
6,77,125,64,161
5,80,147,65,161
3,85,155,66,161
4,91,156,67,161
2,100,163,68,161
1,103,165,69,161
0,105,168,70,161
0,106,169,71,161
0,105,169,72,161
1,101,166,73,161
3,92,158,74,161
3,82,149,75,161
3,75,139,76,161
0,69,128,77,161
0,60,120,78,161
2,67,136,79,161
5,69,135,80,161
15,62,104,81,161
25,39,43,82,161
50,52,57,83,161
103,109,123,84,161
66,78,83,85,161
20,24,25,86,161
58,62,62,87,161
62,63,62,88,161
48,48,48,89,161
37,39,39,90,161
62,63,64,91,161
47,48,49,92,161
50,50,54,93,161
29,31,33,94,161
27,28,30,95,161
32,34,39,96,161
70,74,78,97,161
64,69,71,98,161
39,43,44,99,161
42,44,45,100,161
76,76,77,101,161
46,48,47,102,161
42,46,44,103,161
31,34,34,104,161
60,62,64,105,161
61,62,63,106,161
43,44,43,107,161
39,39,39,108,161
51,52,54,109,161
76,77,79,110,161
42,43,45,111,161
38,38,41,112,161
16,18,18,113,161
19,21,19,114,161
60,61,59,115,161
40,41,42,116,161
48,51,57,117,161
66,73,78,118,161
61,65,70,119,161
49,51,55,120,161
67,68,71,121,161
66,69,71,122,161
107,112,117,123,161
93,100,110,124,161
62,70,80,125,161
65,69,74,126,161
69,69,71,127,161
67,67,69,128,161
44,46,49,129,161
43,46,49,130,161
67,69,71,131,161
57,58,56,132,161
61,63,61,133,161
47,47,48,134,161
43,43,44,135,161
19,21,22,136,161
26,28,34,137,161
27,28,38,138,161
31,32,35,139,161
60,60,60,140,161
92,91,94,141,161
137,139,144,142,161
162,165,172,143,161
167,168,173,144,161
178,180,181,145,161
168,168,168,146,161
195,195,195,147,161
255,255,255,148,161
255,255,255,149,161
255,255,255,150,161
255,255,255,151,161
255,255,255,152,161
255,255,255,153,161
255,255,255,154,161
255,255,255,155,161
255,255,255,156,161
255,255,255,157,161
255,255,255,158,161
255,255,255,159,161
255,255,255,160,161
255,255,255,161,161
255,255,255,162,161
255,255,255,163,161
255,255,255,164,161
255,255,255,165,161
255,255,255,166,161
255,255,255,167,161
255,255,255,168,161
255,255,255,169,161
255,255,255,170,161
255,255,255,171,161
255,255,255,172,161
255,255,255,173,161
255,255,255,174,161
255,255,255,175,161
255,255,255,176,161
255,255,255,177,161
255,255,255,178,161
255,255,255,179,161
255,255,255,180,161
255,255,255,181,161
255,255,255,182,161
255,255,255,183,161
255,255,255,184,161
255,255,255,185,161
255,255,255,186,161
255,255,255,187,161
255,255,255,188,161
255,255,255,189,161
255,255,255,190,161
255,255,255,191,161
255,255,255,192,161
255,255,255,193,161
255,255,255,194,161
255,255,255,195,161
255,255,255,196,161
255,255,255,197,161
255,255,255,198,161
255,255,255,199,161
255,255,255,0,162
255,255,255,1,162
255,255,255,2,162
255,255,255,3,162
255,255,255,4,162
255,255,255,5,162
255,255,255,6,162
255,255,255,7,162
255,255,255,8,162
255,255,255,9,162
255,255,255,10,162
255,255,255,11,162
255,255,255,12,162
255,255,255,13,162
255,255,255,14,162
255,255,255,15,162
255,255,255,16,162
255,255,255,17,162
255,255,255,18,162
255,255,255,19,162
255,255,255,20,162
255,255,255,21,162
255,255,255,22,162
255,255,255,23,162
255,255,255,24,162
255,255,255,25,162
255,255,255,26,162
255,255,255,27,162
255,255,255,28,162
255,255,255,29,162
255,255,255,30,162
255,255,255,31,162
255,255,255,32,162
255,255,255,33,162
255,255,255,34,162
255,255,255,35,162
255,255,255,36,162
255,255,255,37,162
255,255,255,38,162
255,255,255,39,162
255,255,255,40,162
255,255,255,41,162
255,255,255,42,162
255,255,255,43,162
255,255,255,44,162
237,237,237,45,162
175,175,175,46,162
177,177,178,47,162
182,182,183,48,162
179,180,181,49,162
165,164,166,50,162
156,157,156,51,162
154,153,153,52,162
136,133,136,53,162
77,80,75,54,162
31,33,37,55,162
172,172,172,56,162
233,238,239,57,162
48,84,120,58,162
2,66,126,59,162
42,96,136,60,162
176,193,210,61,162
123,135,151,62,162
153,165,179,63,162
106,150,174,64,162
4,83,145,65,162
5,97,163,66,162
8,100,161,67,162
5,107,162,68,162
3,108,172,69,162
2,107,168,70,162
4,107,166,71,162
4,104,165,72,162
3,97,160,73,162
4,84,151,74,162
3,73,135,75,162
6,63,126,76,162
27,79,137,77,162
90,124,168,78,162
25,76,133,79,162
48,105,159,80,162
57,105,154,81,162
24,66,95,82,162
35,43,61,83,162
47,59,73,84,162
32,38,41,85,162
55,59,60,86,162
69,71,72,87,162
105,106,106,88,162
113,115,114,89,162
85,87,88,90,162
118,119,122,91,162
137,138,140,92,162
94,96,99,93,162
63,66,68,94,162
35,37,37,95,162
37,38,41,96,162
88,91,94,97,162
88,93,94,98,162
80,85,85,99,162
92,95,96,100,162
116,117,118,101,162
83,84,84,102,162
82,84,83,103,162
73,76,76,104,162
75,78,79,105,162
87,88,91,106,162
124,123,125,107,162
110,110,111,108,162
109,110,111,109,162
93,94,96,110,162
119,120,122,111,162
113,113,115,112,162
16,17,16,113,162
53,55,54,114,162
72,74,74,115,162
63,65,66,116,162
84,86,91,117,162
104,106,112,118,162
79,80,84,119,162
81,81,84,120,162
94,94,95,121,162
64,65,66,122,162
128,129,135,123,162
123,126,135,124,162
119,122,129,125,162
68,69,72,126,162
111,110,111,127,162
97,97,100,128,162
115,116,122,129,162
78,81,88,130,162
87,88,94,131,162
108,110,109,132,162
120,120,119,133,162
102,102,100,134,162
86,86,87,135,162
81,81,86,136,162
54,55,62,137,162
4,3,10,138,162
28,26,29,139,162
54,52,53,140,162
82,81,82,141,162
111,111,113,142,162
134,136,140,143,162
151,154,157,144,162
174,175,176,145,162
170,171,171,146,162
192,192,192,147,162
254,254,253,148,162
255,255,253,149,162
255,255,255,150,162
255,255,255,151,162
255,255,255,152,162
255,255,255,153,162
255,255,255,154,162
255,255,255,155,162
255,255,255,156,162
255,255,255,157,162
255,255,255,158,162
255,255,255,159,162
255,255,255,160,162
255,255,255,161,162
255,255,255,162,162
255,255,255,163,162
255,255,255,164,162
255,255,255,165,162
255,255,255,166,162
255,255,255,167,162
255,255,255,168,162
255,255,255,169,162
255,255,255,170,162
255,255,255,171,162
255,255,255,172,162
255,255,255,173,162
255,255,255,174,162
255,255,255,175,162
255,255,255,176,162
255,255,255,177,162
255,255,255,178,162
255,255,255,179,162
255,255,255,180,162
255,255,255,181,162
255,255,255,182,162
255,255,255,183,162
255,255,255,184,162
255,255,255,185,162
255,255,255,186,162
255,255,255,187,162
255,255,255,188,162
255,255,255,189,162
255,255,255,190,162
255,255,255,191,162
255,255,255,192,162
255,255,255,193,162
255,255,255,194,162
255,255,255,195,162
255,255,255,196,162
255,255,255,197,162
255,255,255,198,162
255,255,255,199,162
255,255,255,0,163
255,255,255,1,163
255,255,255,2,163
255,255,255,3,163
255,255,255,4,163
255,255,255,5,163
255,255,255,6,163
255,255,255,7,163
255,255,255,8,163
255,255,255,9,163
255,255,255,10,163
255,255,255,11,163
255,255,255,12,163
255,255,255,13,163
255,255,255,14,163
255,255,255,15,163
255,255,255,16,163
255,255,255,17,163
255,255,255,18,163
255,255,255,19,163
255,255,255,20,163
255,255,255,21,163
255,255,255,22,163
255,255,255,23,163
255,255,255,24,163
255,255,255,25,163
255,255,255,26,163
255,255,255,27,163
255,255,255,28,163
255,255,255,29,163
255,255,255,30,163
255,255,255,31,163
255,255,255,32,163
255,255,255,33,163
255,255,255,34,163
255,255,255,35,163
255,255,255,36,163
255,255,255,37,163
255,255,255,38,163
255,255,255,39,163
255,255,255,40,163
255,255,255,41,163
255,255,255,42,163
255,255,255,43,163
255,255,255,44,163
231,231,231,45,163
173,173,173,46,163
180,180,181,47,163
189,189,192,48,163
188,187,192,49,163
157,157,159,50,163
125,125,126,51,163
95,95,97,52,163
68,66,70,53,163
36,40,44,54,163
102,106,114,55,163
254,255,255,56,163
123,142,163,57,163
7,52,118,58,163
25,74,132,59,163
194,211,217,60,163
158,164,181,61,163
26,62,113,62,163
172,190,205,63,163
112,141,170,64,163
18,92,153,65,163
16,112,172,66,163
13,108,167,67,163
16,103,162,68,163
10,104,174,69,163
9,105,166,70,163
10,102,163,71,163
9,94,156,72,163
4,85,145,73,163
6,73,138,74,163
4,64,127,75,163
3,59,128,76,163
36,86,135,77,163
134,163,183,78,163
45,90,128,79,163
191,212,224,80,163
89,124,162,81,163
12,84,142,82,163
25,49,75,83,163
19,18,26,84,163
14,16,12,85,163
71,73,74,86,163
118,117,121,87,163
134,134,136,88,163
106,107,108,89,163
90,91,93,90,163
120,121,123,91,163
111,112,114,92,163
80,80,83,93,163
65,66,67,94,163
78,79,78,95,163
78,78,80,96,163
98,99,100,97,163
99,101,102,98,163
102,103,106,99,163
113,114,116,100,163
141,142,144,101,163
84,85,86,102,163
71,73,72,103,163
79,80,82,104,163
61,62,64,105,163
67,68,70,106,163
130,130,132,107,163
132,133,135,108,163
106,106,108,109,163
92,93,95,110,163
125,125,126,111,163
117,116,116,112,163
75,75,75,113,163
91,91,91,114,163
52,52,55,115,163
62,65,69,116,163
105,108,114,117,163
95,97,102,118,163
81,82,85,119,163
88,89,90,120,163
107,108,108,121,163
47,47,50,122,163
107,107,112,123,163
110,112,117,124,163
118,120,122,125,163
63,64,64,126,163
107,107,108,127,163
71,71,73,128,163
94,96,101,129,163
86,89,97,130,163
56,57,63,131,163
100,102,100,132,163
122,122,121,133,163
72,72,69,134,163
77,79,80,135,163
84,86,93,136,163
67,68,76,137,163
3,3,6,138,163
23,21,23,139,163
47,45,46,140,163
75,75,75,141,163
103,103,103,142,163
124,125,127,143,163
146,148,150,144,163
175,176,178,145,163
191,191,193,146,163
193,193,194,147,163
253,253,252,148,163
255,255,253,149,163
255,255,255,150,163
255,255,255,151,163
255,255,255,152,163
255,255,255,153,163
255,255,255,154,163
255,255,255,155,163
255,255,255,156,163
255,255,255,157,163
255,255,255,158,163
255,255,255,159,163
255,255,255,160,163
255,255,255,161,163
255,255,255,162,163
255,255,255,163,163
255,255,255,164,163
255,255,255,165,163
255,255,255,166,163
255,255,255,167,163
255,255,255,168,163
255,255,255,169,163
255,255,255,170,163
255,255,255,171,163
255,255,255,172,163
255,255,255,173,163
255,255,255,174,163
255,255,255,175,163
255,255,255,176,163
255,255,255,177,163
255,255,255,178,163
255,255,255,179,163
255,255,255,180,163
255,255,255,181,163
255,255,255,182,163
255,255,255,183,163
255,255,255,184,163
255,255,255,185,163
255,255,255,186,163
255,255,255,187,163
255,255,255,188,163
255,255,255,189,163
255,255,255,190,163
255,255,255,191,163
255,255,255,192,163
255,255,255,193,163
255,255,255,194,163
255,255,255,195,163
255,255,255,196,163
255,255,255,197,163
255,255,255,198,163
255,255,255,199,163
255,255,255,0,164
255,255,255,1,164
255,255,255,2,164
255,255,255,3,164
255,255,255,4,164
255,255,255,5,164
255,255,255,6,164
255,255,255,7,164
255,255,255,8,164
255,255,255,9,164
255,255,255,10,164
255,255,255,11,164
255,255,255,12,164
255,255,255,13,164
255,255,255,14,164
255,255,255,15,164
255,255,255,16,164
255,255,255,17,164
255,255,255,18,164
255,255,255,19,164
255,255,255,20,164
255,255,255,21,164
255,255,255,22,164
255,255,255,23,164
255,255,255,24,164
255,255,255,25,164
255,255,255,26,164
255,255,255,27,164
255,255,255,28,164
255,255,255,29,164
255,255,255,30,164
255,255,255,31,164
255,255,255,32,164
255,255,255,33,164
255,255,255,34,164
255,255,255,35,164
255,255,255,36,164
255,255,255,37,164
255,255,255,38,164
255,255,255,39,164
255,255,255,40,164
255,255,255,41,164
255,255,255,42,164
255,255,255,43,164
255,255,255,44,164
226,226,226,45,164
176,176,176,46,164
178,178,180,47,164
174,173,177,48,164
163,162,167,49,164
144,144,146,50,164
117,117,117,51,164
86,86,86,52,164
60,59,57,53,164
43,46,58,54,164
182,187,190,55,164
243,246,244,56,164
51,81,121,57,164
0,53,123,58,164
123,151,180,59,164
214,228,224,60,164
27,76,121,61,164
13,88,154,62,164
28,92,133,63,164
85,129,155,64,164
152,181,196,65,164
136,169,184,66,164
139,174,197,67,164
35,109,152,68,164
107,154,183,69,164
161,194,210,70,164
132,165,182,71,164
164,197,210,72,164
131,158,174,73,164
163,183,195,74,164
97,138,169,75,164
12,70,121,76,164
120,150,188,77,164
38,81,128,78,164
94,139,167,79,164
187,201,209,80,164
17,76,124,81,164
3,91,150,82,164
14,57,94,83,164
19,20,20,84,164
14,18,14,85,164
46,49,52,86,164
124,126,131,87,164
94,94,97,88,164
95,96,97,89,164
104,104,106,90,164
63,63,65,91,164
71,71,73,92,164
111,112,114,93,164
57,57,58,94,164
47,47,47,95,164
45,45,44,96,164
54,54,53,97,164
94,95,96,98,164
108,109,111,99,164
107,108,110,100,164
78,79,81,101,164
105,106,107,102,164
77,78,79,103,164
69,70,72,104,164
94,95,97,105,164
113,116,118,106,164
125,129,131,107,164
103,107,109,108,164
98,100,102,109,164
102,104,104,110,164
92,92,92,111,164
90,89,90,112,164
39,39,39,113,164
53,53,53,114,164
104,105,107,115,164
107,110,115,116,164
96,100,103,117,164
88,90,92,118,164
93,95,95,119,164
96,100,100,120,164
111,115,115,121,164
47,50,50,122,164
45,47,46,123,164
67,69,67,124,164
112,114,111,125,164
68,70,68,126,164
78,79,80,127,164
103,105,109,128,164
51,55,59,129,164
29,32,34,130,164
56,58,59,131,164
89,92,91,132,164
54,54,55,133,164
73,74,72,134,164
80,83,85,135,164
37,38,46,136,164
48,48,55,137,164
2,3,4,138,164
18,18,18,139,164
38,39,37,140,164
66,66,67,141,164
96,96,98,142,164
120,119,122,143,164
143,143,145,144,164
171,172,174,145,164
195,197,198,146,164
189,189,190,147,164
249,249,249,148,164
255,255,255,149,164
255,255,255,150,164
255,255,255,151,164
255,255,255,152,164
255,255,255,153,164
255,255,255,154,164
255,255,255,155,164
255,255,255,156,164
255,255,255,157,164
255,255,255,158,164
255,255,255,159,164
255,255,255,160,164
255,255,255,161,164
255,255,255,162,164
255,255,255,163,164
255,255,255,164,164
255,255,255,165,164
255,255,255,166,164
255,255,255,167,164
255,255,255,168,164
255,255,255,169,164
255,255,255,170,164
255,255,255,171,164
255,255,255,172,164
255,255,255,173,164
255,255,255,174,164
255,255,255,175,164
255,255,255,176,164
255,255,255,177,164
255,255,255,178,164
255,255,255,179,164
255,255,255,180,164
255,255,255,181,164
255,255,255,182,164
255,255,255,183,164
255,255,255,184,164
255,255,255,185,164
255,255,255,186,164
255,255,255,187,164
255,255,255,188,164
255,255,255,189,164
255,255,255,190,164
255,255,255,191,164
255,255,255,192,164
255,255,255,193,164
255,255,255,194,164
255,255,255,195,164
255,255,255,196,164
255,255,255,197,164
255,255,255,198,164
255,255,255,199,164
255,255,255,0,165
255,255,255,1,165
255,255,255,2,165
255,255,255,3,165
255,255,255,4,165
255,255,255,5,165
255,255,255,6,165
255,255,255,7,165
255,255,255,8,165
255,255,255,9,165
255,255,255,10,165
255,255,255,11,165
255,255,255,12,165
255,255,255,13,165
255,255,255,14,165
255,255,255,15,165
255,255,255,16,165
255,255,255,17,165
255,255,255,18,165
255,255,255,19,165
255,255,255,20,165
255,255,255,21,165
255,255,255,22,165
255,255,255,23,165
255,255,255,24,165
255,255,255,25,165
255,255,255,26,165
255,255,255,27,165
255,255,255,28,165
255,255,255,29,165
255,255,255,30,165
255,255,255,31,165
255,255,255,32,165
255,255,255,33,165
255,255,255,34,165
255,255,255,35,165
255,255,255,36,165
255,255,255,37,165
255,255,255,38,165
255,255,255,39,165
255,255,255,40,165
255,255,255,41,165
255,255,255,42,165
255,255,255,43,165
255,255,255,44,165
220,220,220,45,165
184,184,185,46,165
177,177,180,47,165
168,167,171,48,165
155,155,158,49,165
136,136,137,50,165
109,109,109,51,165
79,78,77,52,165
55,52,56,53,165
48,51,66,54,165
210,215,216,55,165
239,241,239,56,165
38,70,114,57,165
7,67,124,58,165
197,214,224,59,165
140,156,164,60,165
4,79,134,61,165
2,96,161,62,165
45,123,165,63,165
194,217,224,64,165
65,100,127,65,165
168,189,196,66,165
118,140,161,67,165
82,129,154,68,165
117,137,149,69,165
202,213,213,70,165
80,107,135,71,165
223,227,230,72,165
88,92,117,73,165
203,208,211,74,165
108,127,159,75,165
75,102,140,76,165
213,219,225,77,165
41,88,122,78,165
191,213,217,79,165
99,124,150,80,165
3,82,150,81,165
3,87,142,82,165
15,60,97,83,165
21,24,24,84,165
18,21,18,85,165
20,20,23,86,165
28,33,35,87,165
19,21,23,88,165
20,21,23,89,165
25,26,28,90,165
20,20,22,91,165
36,36,38,92,165
50,51,52,93,165
19,21,20,94,165
18,19,18,95,165
18,19,16,96,165
20,20,21,97,165
37,40,42,98,165
53,56,57,99,165
23,26,27,100,165
14,16,16,101,165
22,24,23,102,165
22,23,24,103,165
22,23,24,104,165
36,38,40,105,165
49,52,55,106,165
85,90,93,107,165
47,51,55,108,165
23,26,28,109,165
41,44,42,110,165
41,42,46,111,165
20,20,24,112,165
18,19,18,113,165
19,20,20,114,165
34,35,38,115,165
33,35,39,116,165
26,28,28,117,165
27,28,27,118,165
36,40,42,119,165
63,68,73,120,165
95,101,109,121,165
31,36,42,122,165
11,14,17,123,165
19,20,19,124,165
25,26,25,125,165
27,29,28,126,165
18,20,20,127,165
34,37,38,128,165
25,28,31,129,165
31,34,37,130,165
33,37,39,131,165
26,29,31,132,165
40,41,43,133,165
26,28,28,134,165
17,18,21,135,165
14,14,18,136,165
10,10,15,137,165
3,5,5,138,165
14,15,15,139,165
32,33,33,140,165
58,58,60,141,165
87,85,90,142,165
113,110,116,143,165
138,137,141,144,165
166,166,168,145,165
183,184,184,146,165
185,185,187,147,165
245,245,246,148,165
255,255,255,149,165
255,255,255,150,165
255,255,255,151,165
255,255,255,152,165
255,255,255,153,165
255,255,255,154,165
255,255,255,155,165
255,255,255,156,165
255,255,255,157,165
255,255,255,158,165
255,255,255,159,165
255,255,255,160,165
255,255,255,161,165
255,255,255,162,165
255,255,255,163,165
255,255,255,164,165
255,255,255,165,165
255,255,255,166,165
255,255,255,167,165
255,255,255,168,165
255,255,255,169,165
255,255,255,170,165
255,255,255,171,165
255,255,255,172,165
255,255,255,173,165
255,255,255,174,165
255,255,255,175,165
255,255,255,176,165
255,255,255,177,165
255,255,255,178,165
255,255,255,179,165
255,255,255,180,165
255,255,255,181,165
255,255,255,182,165
255,255,255,183,165
255,255,255,184,165
255,255,255,185,165
255,255,255,186,165
255,255,255,187,165
255,255,255,188,165
255,255,255,189,165
255,255,255,190,165
255,255,255,191,165
255,255,255,192,165
255,255,255,193,165
255,255,255,194,165
255,255,255,195,165
255,255,255,196,165
255,255,255,197,165
255,255,255,198,165
255,255,255,199,165
255,255,255,0,166
255,255,255,1,166
255,255,255,2,166
255,255,255,3,166
255,255,255,4,166
255,255,255,5,166
255,255,255,6,166
255,255,255,7,166
255,255,255,8,166
255,255,255,9,166
255,255,255,10,166
255,255,255,11,166
255,255,255,12,166
255,255,255,13,166
255,255,255,14,166
255,255,255,15,166
255,255,255,16,166
255,255,255,17,166
255,255,255,18,166
255,255,255,19,166
255,255,255,20,166
255,255,255,21,166
255,255,255,22,166
255,255,255,23,166
255,255,255,24,166
255,255,255,25,166
255,255,255,26,166
255,255,255,27,166
255,255,255,28,166
255,255,255,29,166
255,255,255,30,166
255,255,255,31,166
255,255,255,32,166
255,255,255,33,166
255,255,255,34,166
255,255,255,35,166
255,255,255,36,166
255,255,255,37,166
255,255,255,38,166
255,255,255,39,166
255,255,255,40,166
255,255,255,41,166
255,255,255,42,166
255,255,255,43,166
255,255,255,44,166
211,211,211,45,166
181,181,181,46,166
178,178,178,47,166
167,167,169,48,166
154,154,156,49,166
136,136,139,50,166
102,102,105,51,166
66,67,66,52,166
39,42,41,53,166
28,37,43,54,166
195,199,199,55,166
249,250,248,56,166
65,97,136,57,166
11,72,134,58,166
211,226,236,59,166
109,130,158,60,166
0,88,155,61,166
23,105,156,62,166
186,205,221,63,166
134,150,169,64,166
68,126,161,65,166
187,205,216,66,166
67,112,145,67,166
76,118,149,68,166
181,204,218,69,166
103,129,145,70,166
128,158,174,71,166
155,167,178,72,166
84,102,134,73,166
191,203,213,74,166
39,68,106,75,166
187,202,210,76,166
123,133,166,77,166
106,142,179,78,166
191,203,210,79,166
45,84,126,80,166
32,101,151,81,166
5,82,144,82,166
15,54,105,83,166
21,23,31,84,166
20,20,20,85,166
48,50,53,86,166
74,79,79,87,166
60,62,63,88,166
55,56,58,89,166
34,35,37,90,166
38,38,39,91,166
96,96,97,92,166
46,47,47,93,166
61,63,62,94,166
29,31,29,95,166
42,44,43,96,166
66,67,69,97,166
60,63,65,98,166
47,51,50,99,166
62,65,64,100,166
60,63,61,101,166
65,67,66,102,166
51,52,51,103,166
52,54,53,104,166
21,22,23,105,166
26,29,32,106,166
31,36,39,107,166
26,28,31,108,166
22,25,26,109,166
36,41,39,110,166
80,84,93,111,166
26,30,38,112,166
15,18,17,113,166
21,21,22,114,166
22,21,24,115,166
20,20,21,116,166
22,23,20,117,166
28,29,29,118,166
42,46,49,119,166
61,66,72,120,166
99,105,115,121,166
69,74,81,122,166
49,52,55,123,166
47,48,48,124,166
49,50,50,125,166
29,30,29,126,166
26,27,26,127,166
57,57,59,128,166
81,82,86,129,166
89,92,97,130,166
117,119,124,131,166
143,145,148,132,166
95,96,98,133,166
52,54,54,134,166
22,22,23,135,166
30,31,34,136,166
30,31,34,137,166
29,31,32,138,166
20,21,21,139,166
25,26,27,140,166
50,50,50,141,166
79,79,78,142,166
107,107,106,143,166
131,131,132,144,166
161,161,162,145,166
182,182,184,146,166
185,185,186,147,166
240,240,239,148,166
255,255,255,149,166
255,255,255,150,166
255,255,255,151,166
255,255,255,152,166
255,255,255,153,166
255,255,255,154,166
255,255,255,155,166
255,255,255,156,166
255,255,255,157,166
255,255,255,158,166
255,255,255,159,166
255,255,255,160,166
255,255,255,161,166
255,255,255,162,166
255,255,255,163,166
255,255,255,164,166
255,255,255,165,166
255,255,255,166,166
255,255,255,167,166
255,255,255,168,166
255,255,255,169,166
255,255,255,170,166
255,255,255,171,166
255,255,255,172,166
255,255,255,173,166
255,255,255,174,166
255,255,255,175,166
255,255,255,176,166
255,255,255,177,166
255,255,255,178,166
255,255,255,179,166
255,255,255,180,166
255,255,255,181,166
255,255,255,182,166
255,255,255,183,166
255,255,255,184,166
255,255,255,185,166
255,255,255,186,166
255,255,255,187,166
255,255,255,188,166
255,255,255,189,166
255,255,255,190,166
255,255,255,191,166
255,255,255,192,166
255,255,255,193,166
255,255,255,194,166
255,255,255,195,166
255,255,255,196,166
255,255,255,197,166
255,255,255,198,166
255,255,255,199,166
255,255,255,0,167
255,255,255,1,167
255,255,255,2,167
255,255,255,3,167
255,255,255,4,167
255,255,255,5,167
255,255,255,6,167
255,255,255,7,167
255,255,255,8,167
255,255,255,9,167
255,255,255,10,167
255,255,255,11,167
255,255,255,12,167
255,255,255,13,167
255,255,255,14,167
255,255,255,15,167
255,255,255,16,167
255,255,255,17,167
255,255,255,18,167
255,255,255,19,167
255,255,255,20,167
255,255,255,21,167
255,255,255,22,167
255,255,255,23,167
255,255,255,24,167
255,255,255,25,167
255,255,255,26,167
255,255,255,27,167
255,255,255,28,167
255,255,255,29,167
255,255,255,30,167
255,255,255,31,167
255,255,255,32,167
255,255,255,33,167
255,255,255,34,167
255,255,255,35,167
255,255,255,36,167
255,255,255,37,167
255,255,255,38,167
255,255,255,39,167
255,255,255,40,167
255,255,255,41,167
255,255,255,42,167
254,254,254,43,167
253,253,253,44,167
202,202,201,45,167
182,182,180,46,167
178,178,174,47,167
163,163,163,48,167
147,147,150,49,167
135,134,139,50,167
109,109,114,51,167
59,61,65,52,167
30,33,32,53,167
10,19,22,54,167
133,135,145,55,167
255,255,255,56,167
145,173,186,57,167
4,66,122,58,167
132,164,185,59,167
172,190,206,60,167
83,133,169,61,167
86,131,146,62,167
161,180,186,63,167
150,167,182,64,167
149,177,188,65,167
159,176,192,66,167
76,118,144,67,167
83,130,160,68,167
190,199,212,69,167
50,86,126,70,167
191,202,210,71,167
64,82,123,72,167
154,173,199,73,167
161,163,176,74,167
90,107,128,75,167
208,208,213,76,167
96,120,152,77,167
139,155,186,78,167
157,172,180,79,167
71,100,131,80,167
57,91,137,81,167
27,72,131,82,167
21,46,83,83,167
20,33,30,84,167
22,20,18,85,167
85,86,88,86,167
147,152,153,87,167
157,158,161,88,167
115,116,118,89,167
90,91,93,90,167
102,102,102,91,167
134,134,133,92,167
95,96,95,93,167
143,145,144,94,167
95,98,97,95,167
94,95,95,96,167
163,164,166,97,167
153,154,154,98,167
141,142,141,99,167
150,151,148,100,167
103,104,102,101,167
151,152,151,102,167
136,136,136,103,167
136,137,136,104,167
30,32,31,105,167
26,28,29,106,167
26,28,30,107,167
26,28,28,108,167
26,29,27,109,167
34,41,41,110,167
90,97,110,111,167
45,50,60,112,167
17,21,20,113,167
24,24,25,114,167
26,25,27,115,167
25,26,24,116,167
27,29,27,117,167
39,42,43,118,167
44,49,51,119,167
45,50,53,120,167
106,109,114,121,167
128,131,134,122,167
91,92,92,123,167
87,90,90,124,167
99,102,102,125,167
77,78,78,126,167
58,58,59,127,167
87,88,90,128,167
120,124,128,129,167
100,104,110,130,167
107,108,115,131,167
141,141,146,132,167
96,97,100,133,167
140,140,140,134,167
123,123,122,135,167
176,176,179,136,167
96,97,103,137,167
122,122,133,138,167
53,54,65,139,167
56,59,65,140,167
54,56,58,141,167
69,70,68,142,167
99,100,96,143,167
122,122,121,144,167
152,152,152,145,167
179,179,179,146,167
184,184,183,147,167
235,236,231,148,167
255,255,254,149,167
255,255,255,150,167
255,255,255,151,167
255,255,255,152,167
255,255,255,153,167
255,255,255,154,167
255,255,255,155,167
255,255,255,156,167
255,255,255,157,167
255,255,255,158,167
255,255,255,159,167
255,255,255,160,167
255,255,255,161,167
255,255,255,162,167
255,255,255,163,167
255,255,255,164,167
255,255,255,165,167
255,255,255,166,167
255,255,255,167,167
255,255,255,168,167
255,255,255,169,167
255,255,255,170,167
255,255,255,171,167
255,255,255,172,167
255,255,255,173,167
255,255,255,174,167
255,255,255,175,167
255,255,255,176,167
255,255,255,177,167
255,255,255,178,167
255,255,255,179,167
255,255,255,180,167
255,255,255,181,167
255,255,255,182,167
255,255,255,183,167
255,255,255,184,167
255,255,255,185,167
255,255,255,186,167
255,255,255,187,167
255,255,255,188,167
255,255,255,189,167
255,255,255,190,167
255,255,255,191,167
255,255,255,192,167
255,255,255,193,167
255,255,255,194,167
255,255,255,195,167
255,255,255,196,167
255,255,255,197,167
255,255,255,198,167
255,255,255,199,167
255,255,255,0,168
255,255,255,1,168
255,255,255,2,168
255,255,255,3,168
255,255,255,4,168
255,255,255,5,168
255,255,255,6,168
255,255,255,7,168
255,255,255,8,168
255,255,255,9,168
255,255,255,10,168
255,255,255,11,168
255,255,255,12,168
255,255,255,13,168
255,255,255,14,168
255,255,255,15,168
255,255,255,16,168
255,255,255,17,168
255,255,255,18,168
255,255,255,19,168
255,255,255,20,168
255,255,255,21,168
255,255,255,22,168
255,255,255,23,168
255,255,255,24,168
255,255,255,25,168
255,255,255,26,168
255,255,255,27,168
255,255,255,28,168
255,255,255,29,168
255,255,255,30,168
255,255,255,31,168
255,255,255,32,168
255,255,255,33,168
255,255,255,34,168
255,255,255,35,168
255,255,255,36,168
255,255,255,37,168
255,255,255,38,168
255,255,255,39,168
255,255,255,40,168
255,255,255,41,168
254,254,254,42,168
254,254,254,43,168
249,249,248,44,168
197,197,195,45,168
184,184,180,46,168
178,179,176,47,168
160,160,160,48,168
141,141,142,49,168
118,117,121,50,168
86,85,90,51,168
47,47,53,52,168
25,24,28,53,168
12,15,24,54,168
45,47,65,55,168
214,217,217,56,168
240,250,247,57,168
85,126,166,58,168
8,77,126,59,168
56,106,136,60,168
54,101,134,61,168
20,82,134,62,168
28,96,142,63,168
52,106,150,64,168
31,92,129,65,168
55,109,154,66,168
17,96,150,67,168
27,102,157,68,168
28,77,127,69,168
19,71,133,70,168
34,68,115,71,168
10,58,122,72,168
35,77,125,73,168
57,80,122,74,168
23,58,107,75,168
50,78,133,76,168
45,76,113,77,168
23,65,116,78,168
53,86,131,79,168
21,64,114,80,168
21,71,140,81,168
26,53,98,82,168
39,44,61,83,168
77,86,89,84,168
33,34,32,85,168
85,87,89,86,168
143,146,148,87,168
165,167,170,88,168
144,145,149,89,168
99,99,102,90,168
115,116,114,91,168
165,165,162,92,168
154,155,154,93,168
84,87,85,94,168
116,118,118,95,168
118,119,121,96,168
155,156,158,97,168
155,155,156,98,168
140,140,141,99,168
153,153,152,100,168
68,67,67,101,168
118,118,119,102,168
126,126,126,103,168
121,123,120,104,168
45,48,46,105,168
25,27,25,106,168
29,30,30,107,168
29,30,29,108,168
28,30,28,109,168
32,38,39,110,168
84,90,105,111,168
58,62,73,112,168
22,26,26,113,168
26,27,27,114,168
28,28,30,115,168
27,28,28,116,168
31,33,33,117,168
38,44,46,118,168
38,45,46,119,168
30,34,36,120,168
106,108,109,121,168
115,116,115,122,168
77,77,76,123,168
100,106,107,124,168
107,113,115,125,168
108,109,114,126,168
61,62,65,127,168
89,90,92,128,168
70,75,79,129,168
86,90,98,130,168
37,40,48,131,168
111,114,118,132,168
119,119,121,133,168
179,179,177,134,168
127,128,125,135,168
126,127,129,136,168
88,87,95,137,168
89,89,104,138,168
40,43,59,139,168
49,54,64,140,168
47,50,57,141,168
58,59,62,142,168
90,91,91,143,168
114,114,115,144,168
144,144,145,145,168
177,177,178,146,168
185,185,185,147,168
231,231,228,148,168
255,255,255,149,168
255,255,255,150,168
255,255,255,151,168
255,255,255,152,168
255,255,255,153,168
255,255,255,154,168
255,255,255,155,168
255,255,255,156,168
255,255,255,157,168
255,255,255,158,168
255,255,255,159,168
255,255,255,160,168
255,255,255,161,168
255,255,255,162,168
255,255,255,163,168
255,255,255,164,168
255,255,255,165,168
255,255,255,166,168
255,255,255,167,168
255,255,255,168,168
255,255,255,169,168
255,255,255,170,168
255,255,255,171,168
255,255,255,172,168
255,255,255,173,168
255,255,255,174,168
255,255,255,175,168
255,255,255,176,168
255,255,255,177,168
255,255,255,178,168
255,255,255,179,168
255,255,255,180,168
255,255,255,181,168
255,255,255,182,168
255,255,255,183,168
255,255,255,184,168
255,255,255,185,168
255,255,255,186,168
255,255,255,187,168
255,255,255,188,168
255,255,255,189,168
255,255,255,190,168
255,255,255,191,168
255,255,255,192,168
255,255,255,193,168
255,255,255,194,168
255,255,255,195,168
255,255,255,196,168
255,255,255,197,168
255,255,255,198,168
255,255,255,199,168
255,255,255,0,169
255,255,255,1,169
255,255,255,2,169
255,255,255,3,169
255,255,255,4,169
255,255,255,5,169
255,255,255,6,169
255,255,255,7,169
255,255,255,8,169
255,255,255,9,169
255,255,255,10,169
255,255,255,11,169
255,255,255,12,169
255,255,255,13,169
255,255,255,14,169
255,255,255,15,169
255,255,255,16,169
255,255,255,17,169
255,255,255,18,169
255,255,255,19,169
255,255,255,20,169
255,255,255,21,169
255,255,255,22,169
255,255,255,23,169
255,255,255,24,169
255,255,255,25,169
255,255,255,26,169
255,255,255,27,169
255,255,255,28,169
255,255,255,29,169
255,255,255,30,169
255,255,255,31,169
255,255,255,32,169
255,255,255,33,169
255,255,255,34,169
255,255,255,35,169
255,255,255,36,169
255,255,255,37,169
255,255,255,38,169
255,255,255,39,169
255,255,255,40,169
255,255,255,41,169
255,255,255,42,169
255,255,255,43,169
247,247,247,44,169
192,192,192,45,169
184,185,184,46,169
185,185,186,47,169
178,179,182,48,169
148,150,152,49,169
107,110,110,50,169
62,64,66,51,169
30,31,33,52,169
19,20,20,53,169
18,21,28,54,169
27,33,45,55,169
77,82,90,56,169
229,230,234,57,169
234,242,251,58,169
89,129,170,59,169
2,87,139,60,169
0,88,155,61,169
6,87,159,62,169
5,86,153,63,169
4,91,152,64,169
9,102,155,65,169
9,98,164,66,169
7,105,166,67,169
7,96,161,68,169
7,81,142,69,169
4,72,135,70,169
1,64,133,71,169
2,71,132,72,169
0,69,124,73,169
0,59,131,74,169
2,66,136,75,169
3,61,133,76,169
6,61,133,77,169
4,67,130,78,169
0,64,137,79,169
7,76,138,80,169
12,64,125,81,169
23,43,73,82,169
35,40,43,83,169
68,64,81,84,169
33,33,36,85,169
84,84,86,86,169
79,80,81,87,169
141,142,145,88,169
159,160,164,89,169
136,139,141,90,169
129,129,128,91,169
132,132,129,92,169
132,134,133,93,169
148,150,149,94,169
107,108,110,95,169
124,127,131,96,169
77,80,84,97,169
104,106,108,98,169
125,126,127,99,169
154,155,155,100,169
79,79,79,101,169
101,101,100,102,169
145,146,146,103,169
150,152,152,104,169
29,32,31,105,169
29,31,30,106,169
30,32,31,107,169
30,31,30,108,169
29,30,28,109,169
31,35,36,110,169
58,62,74,111,169
52,56,65,112,169
29,33,32,113,169
29,31,29,114,169
26,25,28,115,169
25,25,26,116,169
32,34,33,117,169
35,40,42,118,169
32,37,40,119,169
27,30,31,120,169
76,78,77,121,169
72,72,70,122,169
83,84,83,123,169
108,116,117,124,169
154,162,168,125,169
113,116,124,126,169
90,92,96,127,169
93,94,96,128,169
111,116,121,129,169
121,125,133,130,169
38,41,47,131,169
103,107,108,132,169
89,90,89,133,169
150,149,147,134,169
140,141,139,135,169
179,180,181,136,169
57,58,62,137,169
20,21,27,138,169
17,21,28,139,169
12,17,24,140,169
27,29,36,141,169
55,56,61,142,169
101,102,105,143,169
112,112,115,144,169
135,135,138,145,169
173,172,173,146,169
185,185,185,147,169
224,224,224,148,169
255,255,255,149,169
255,255,255,150,169
255,255,255,151,169
255,255,255,152,169
255,255,255,153,169
255,255,255,154,169
255,255,255,155,169
255,255,255,156,169
255,255,255,157,169
255,255,255,158,169
255,255,255,159,169
255,255,255,160,169
255,255,255,161,169
255,255,255,162,169
255,255,255,163,169
255,255,255,164,169
255,255,255,165,169
255,255,255,166,169
255,255,255,167,169
255,255,255,168,169
255,255,255,169,169
255,255,255,170,169
255,255,255,171,169
255,255,255,172,169
255,255,255,173,169
255,255,255,174,169
255,255,255,175,169
255,255,255,176,169
255,255,255,177,169
255,255,255,178,169
255,255,255,179,169
255,255,255,180,169
255,255,255,181,169
255,255,255,182,169
255,255,255,183,169
255,255,255,184,169
255,255,255,185,169
255,255,255,186,169
255,255,255,187,169
255,255,255,188,169
255,255,255,189,169
255,255,255,190,169
255,255,255,191,169
255,255,255,192,169
255,255,255,193,169
255,255,255,194,169
255,255,255,195,169
255,255,255,196,169
255,255,255,197,169
255,255,255,198,169
255,255,255,199,169
255,255,255,0,170
255,255,255,1,170
255,255,255,2,170
255,255,255,3,170
255,255,255,4,170
255,255,255,5,170
255,255,255,6,170
255,255,255,7,170
255,255,255,8,170
255,255,255,9,170
255,255,255,10,170
255,255,255,11,170
255,255,255,12,170
255,255,255,13,170
255,255,255,14,170
255,255,255,15,170
255,255,255,16,170
255,255,255,17,170
255,255,255,18,170
255,255,255,19,170
255,255,255,20,170
255,255,255,21,170
255,255,255,22,170
255,255,255,23,170
255,255,255,24,170
255,255,255,25,170
255,255,255,26,170
255,255,255,27,170
255,255,255,28,170
255,255,255,29,170
255,255,255,30,170
255,255,255,31,170
255,255,255,32,170
255,255,255,33,170
255,255,255,34,170
255,255,255,35,170
255,255,255,36,170
255,255,255,37,170
255,255,255,38,170
255,255,255,39,170
255,255,255,40,170
255,255,255,41,170
255,255,255,42,170
255,255,255,43,170
240,240,240,44,170
188,188,188,45,170
183,183,183,46,170
175,176,180,47,170
177,180,186,48,170
167,173,177,49,170
136,143,145,50,170
85,91,93,51,170
34,38,39,52,170
15,20,14,53,170
13,20,18,54,170
42,49,55,55,170
50,55,71,56,170
67,70,88,57,170
203,206,206,58,170
247,250,254,59,170
149,177,201,60,170
36,90,147,61,170
3,69,130,62,170
0,78,140,63,170
2,95,154,64,170
6,104,164,65,170
5,104,167,66,170
5,103,160,67,170
5,88,152,68,170
8,72,138,69,170
5,69,133,70,170
4,63,138,71,170
6,63,129,72,170
3,66,126,73,170
5,63,135,74,170
4,64,132,75,170
2,63,123,76,170
3,62,125,77,170
8,67,135,78,170
16,78,135,79,170
21,62,107,80,170
30,40,59,81,170
29,33,39,82,170
28,31,22,83,170
29,32,34,84,170
30,32,33,85,170
35,35,35,86,170
36,37,37,87,170
47,48,48,88,170
54,56,56,89,170
50,52,51,90,170
41,42,41,91,170
33,34,33,92,170
39,41,40,93,170
54,55,56,94,170
56,57,61,95,170
71,72,80,96,170
38,41,47,97,170
37,41,43,98,170
45,48,49,99,170
56,57,59,100,170
42,42,44,101,170
36,37,37,102,170
53,55,55,103,170
44,47,48,104,170
30,32,31,105,170
32,34,33,106,170
32,34,33,107,170
34,38,37,108,170
36,38,37,109,170
33,37,36,110,170
36,39,47,111,170
35,38,43,112,170
32,35,34,113,170
33,34,35,114,170
48,50,55,115,170
50,52,59,116,170
34,36,41,117,170
32,34,37,118,170
31,34,36,119,170
30,32,32,120,170
35,35,35,121,170
38,38,37,122,170
57,58,59,123,170
82,88,92,124,170
88,95,104,125,170
59,61,68,126,170
51,52,54,127,170
46,48,52,128,170
86,89,95,129,170
93,97,102,130,170
28,31,35,131,170
33,36,37,132,170
32,33,32,133,170
29,29,28,134,170
88,89,87,135,170
170,172,172,136,170
43,45,46,137,170
14,16,16,138,170
16,18,17,139,170
16,19,17,140,170
32,33,32,141,170
65,68,69,142,170
119,123,129,143,170
118,120,127,144,170
122,122,127,145,170
164,164,165,146,170
183,183,185,147,170
215,217,218,148,170
255,255,255,149,170
255,255,255,150,170
255,255,255,151,170
255,255,255,152,170
255,255,255,153,170
255,255,255,154,170
255,255,255,155,170
255,255,255,156,170
255,255,255,157,170
255,255,255,158,170
255,255,255,159,170
255,255,255,160,170
255,255,255,161,170
255,255,255,162,170
255,255,255,163,170
255,255,255,164,170
255,255,255,165,170
255,255,255,166,170
255,255,255,167,170
255,255,255,168,170
255,255,255,169,170
255,255,255,170,170
255,255,255,171,170
255,255,255,172,170
255,255,255,173,170
255,255,255,174,170
255,255,255,175,170
255,255,255,176,170
255,255,255,177,170
255,255,255,178,170
255,255,255,179,170
255,255,255,180,170
255,255,255,181,170
255,255,255,182,170
255,255,255,183,170
255,255,255,184,170
255,255,255,185,170
255,255,255,186,170
255,255,255,187,170
255,255,255,188,170
255,255,255,189,170
255,255,255,190,170
255,255,255,191,170
255,255,255,192,170
255,255,255,193,170
255,255,255,194,170
255,255,255,195,170
255,255,255,196,170
255,255,255,197,170
255,255,255,198,170
255,255,255,199,170
255,255,255,0,171
255,255,255,1,171
255,255,255,2,171
255,255,255,3,171
255,255,255,4,171
255,255,255,5,171
255,255,255,6,171
255,255,255,7,171
255,255,255,8,171
255,255,255,9,171
255,255,255,10,171
255,255,255,11,171
255,255,255,12,171
255,255,255,13,171
255,255,255,14,171
255,255,255,15,171
255,255,255,16,171
255,255,255,17,171
255,255,255,18,171
255,255,255,19,171
255,255,255,20,171
255,255,255,21,171
255,255,255,22,171
255,255,255,23,171
255,255,255,24,171
255,255,255,25,171
255,255,255,26,171
255,255,255,27,171
255,255,255,28,171
255,255,255,29,171
255,255,255,30,171
255,255,255,31,171
255,255,255,32,171
255,255,255,33,171
255,255,255,34,171
255,255,255,35,171
255,255,255,36,171
255,255,255,37,171
255,255,255,38,171
255,255,255,39,171
255,255,255,40,171
255,255,255,41,171
255,255,255,42,171
255,255,255,43,171
234,234,234,44,171
186,186,186,45,171
177,177,177,46,171
159,160,162,47,171
142,145,153,48,171
127,133,142,49,171
117,126,135,50,171
102,109,116,51,171
61,65,67,52,171
23,27,23,53,171
16,21,18,54,171
26,30,36,55,171
42,45,58,56,171
20,27,36,57,171
34,42,55,58,171
122,126,139,59,171
215,220,218,60,171
216,229,232,61,171
140,168,190,62,171
58,107,152,63,171
15,93,154,64,171
0,94,154,65,171
0,97,157,66,171
0,95,158,67,171
0,81,147,68,171
0,67,138,69,171
0,63,133,70,171
1,62,131,71,171
0,61,128,72,171
0,60,128,73,171
0,59,129,74,171
3,59,124,75,171
14,71,131,76,171
41,86,143,77,171
67,95,140,78,171
51,68,97,79,171
34,39,56,80,171
30,33,36,81,171
29,30,30,82,171
37,40,40,83,171
62,66,68,84,171
40,44,47,85,171
30,33,31,86,171
32,34,31,87,171
31,33,31,88,171
32,32,30,89,171
32,33,30,90,171
31,33,32,91,171
31,33,33,92,171
33,35,35,93,171
37,38,41,94,171
54,54,59,95,171
83,83,89,96,171
35,36,40,97,171
39,40,42,98,171
48,50,51,99,171
34,36,38,100,171
31,32,34,101,171
40,42,44,102,171
59,62,64,103,171
32,36,37,104,171
34,36,36,105,171
35,35,34,106,171
33,34,34,107,171
38,41,42,108,171
67,71,73,109,171
41,44,46,110,171
33,35,38,111,171
35,36,38,112,171
35,36,38,113,171
35,37,41,114,171
65,68,75,115,171
71,74,85,116,171
36,38,47,117,171
33,35,37,118,171
34,36,35,119,171
35,35,35,120,171
34,34,34,121,171
33,33,33,122,171
37,38,39,123,171
54,57,62,124,171
50,54,61,125,171
33,36,40,126,171
33,37,38,127,171
43,46,50,128,171
46,49,55,129,171
38,41,47,130,171
33,35,38,131,171
32,34,34,132,171
33,34,34,133,171
50,49,51,134,171
72,72,73,135,171
97,100,102,136,171
62,65,68,137,171
19,22,25,138,171
21,22,23,139,171
26,27,27,140,171
40,40,40,141,171
70,74,78,142,171
116,124,133,143,171
115,120,129,144,171
114,116,120,145,171
154,154,154,146,171
183,183,183,147,171
209,211,210,148,171
254,255,255,149,171
255,255,255,150,171
255,255,255,151,171
255,255,255,152,171
255,255,255,153,171
255,255,255,154,171
255,255,255,155,171
255,255,255,156,171
255,255,255,157,171
255,255,255,158,171
255,255,255,159,171
255,255,255,160,171
255,255,255,161,171
255,255,255,162,171
255,255,255,163,171
255,255,255,164,171
255,255,255,165,171
255,255,255,166,171
255,255,255,167,171
255,255,255,168,171
255,255,255,169,171
255,255,255,170,171
255,255,255,171,171
255,255,255,172,171
255,255,255,173,171
255,255,255,174,171
255,255,255,175,171
255,255,255,176,171
255,255,255,177,171
255,255,255,178,171
255,255,255,179,171
255,255,255,180,171
255,255,255,181,171
255,255,255,182,171
255,255,255,183,171
255,255,255,184,171
255,255,255,185,171
255,255,255,186,171
255,255,255,187,171
255,255,255,188,171
255,255,255,189,171
255,255,255,190,171
255,255,255,191,171
255,255,255,192,171
255,255,255,193,171
255,255,255,194,171
255,255,255,195,171
255,255,255,196,171
255,255,255,197,171
255,255,255,198,171
255,255,255,199,171
255,255,255,0,172
255,255,255,1,172
255,255,255,2,172
255,255,255,3,172
255,255,255,4,172
255,255,255,5,172
255,255,255,6,172
255,255,255,7,172
255,255,255,8,172
255,255,255,9,172
255,255,255,10,172
255,255,255,11,172
255,255,255,12,172
255,255,255,13,172
255,255,255,14,172
255,255,255,15,172
255,255,255,16,172
255,255,255,17,172
255,255,255,18,172
255,255,255,19,172
255,255,255,20,172
255,255,255,21,172
255,255,255,22,172
255,255,255,23,172
255,255,255,24,172
255,255,255,25,172
255,255,255,26,172
255,255,255,27,172
255,255,255,28,172
255,255,255,29,172
255,255,255,30,172
255,255,255,31,172
255,255,255,32,172
255,255,255,33,172
255,255,255,34,172
255,255,255,35,172
255,255,255,36,172
255,255,255,37,172
255,255,255,38,172
255,255,255,39,172
255,255,255,40,172
255,255,255,41,172
255,255,255,42,172
255,255,255,43,172
226,226,226,44,172
184,184,184,45,172
171,171,171,46,172
151,151,151,47,172
121,123,127,48,172
78,83,87,49,172
59,64,72,50,172
63,67,76,51,172
54,58,62,52,172
29,33,33,53,172
21,23,21,54,172
26,27,27,55,172
28,30,33,56,172
25,31,31,57,172
21,27,30,58,172
19,25,36,59,172
43,49,62,60,172
104,109,120,61,172
171,177,184,62,172
204,212,221,63,172
182,205,218,64,172
146,184,202,65,172
107,157,187,66,172
78,133,177,67,172
55,104,153,68,172
40,88,139,69,172
37,85,137,70,172
38,85,136,71,172
44,88,139,72,172
63,104,154,73,172
75,113,156,74,172
85,120,153,75,172
81,107,131,76,172
66,79,98,77,172
43,46,62,78,172
38,33,45,79,172
32,36,39,80,172
36,39,37,81,172
44,45,43,82,172
52,54,58,83,172
76,80,88,84,172
44,47,55,85,172
32,34,36,86,172
35,36,35,87,172
39,39,39,88,172
38,38,38,89,172
35,37,35,90,172
33,36,34,91,172
34,35,36,92,172
37,38,40,93,172
39,40,42,94,172
43,44,46,95,172
41,42,44,96,172
52,53,56,97,172
45,46,48,98,172
40,41,43,99,172
35,36,37,100,172
33,34,36,101,172
50,51,55,102,172
63,65,69,103,172
35,39,40,104,172
35,37,37,105,172
36,37,36,106,172
36,37,37,107,172
36,37,38,108,172
43,46,47,109,172
39,41,44,110,172
37,38,42,111,172
36,38,39,112,172
35,38,37,113,172
35,38,40,114,172
45,49,51,115,172
47,51,54,116,172
36,39,43,117,172
35,37,39,118,172
34,36,37,119,172
36,37,37,120,172
37,37,39,121,172
36,36,37,122,172
35,37,37,123,172
36,39,42,124,172
37,41,45,125,172
30,34,36,126,172
32,36,36,127,172
35,38,40,128,172
30,35,38,129,172
31,36,38,130,172
33,37,39,131,172
34,38,38,132,172
44,45,46,133,172
104,103,107,134,172
63,61,66,135,172
43,43,48,136,172
45,47,53,137,172
26,28,32,138,172
28,29,30,139,172
35,34,36,140,172
47,47,50,141,172
70,74,81,142,172
96,104,115,143,172
88,93,101,144,172
109,111,114,145,172
153,153,154,146,172
187,187,189,147,172
201,201,203,148,172
251,252,253,149,172
255,255,255,150,172
255,255,255,151,172
255,255,255,152,172
255,255,255,153,172
255,255,255,154,172
255,255,255,155,172
255,255,255,156,172
255,255,255,157,172
255,255,255,158,172
255,255,255,159,172
255,255,255,160,172
255,255,255,161,172
255,255,255,162,172
255,255,255,163,172
255,255,255,164,172
255,255,255,165,172
255,255,255,166,172
255,255,255,167,172
255,255,255,168,172
255,255,255,169,172
255,255,255,170,172
255,255,255,171,172
255,255,255,172,172
255,255,255,173,172
255,255,255,174,172
255,255,255,175,172
255,255,255,176,172
255,255,255,177,172
255,255,255,178,172
255,255,255,179,172
255,255,255,180,172
255,255,255,181,172
255,255,255,182,172
255,255,255,183,172
255,255,255,184,172
255,255,255,185,172
255,255,255,186,172
255,255,255,187,172
255,255,255,188,172
255,255,255,189,172
255,255,255,190,172
255,255,255,191,172
255,255,255,192,172
255,255,255,193,172
255,255,255,194,172
255,255,255,195,172
255,255,255,196,172
255,255,255,197,172
255,255,255,198,172
255,255,255,199,172
255,255,255,0,173
255,255,255,1,173
255,255,255,2,173
255,255,255,3,173
255,255,255,4,173
255,255,255,5,173
255,255,255,6,173
255,255,255,7,173
255,255,255,8,173
255,255,255,9,173
255,255,255,10,173
255,255,255,11,173
255,255,255,12,173
255,255,255,13,173
255,255,255,14,173
255,255,255,15,173
255,255,255,16,173
255,255,255,17,173
255,255,255,18,173
255,255,255,19,173
255,255,255,20,173
255,255,255,21,173
255,255,255,22,173
255,255,255,23,173
255,255,255,24,173
255,255,255,25,173
255,255,255,26,173
255,255,255,27,173
255,255,255,28,173
255,255,255,29,173
255,255,255,30,173
255,255,255,31,173
255,255,255,32,173
255,255,255,33,173
255,255,255,34,173
255,255,255,35,173
255,255,255,36,173
255,255,255,37,173
255,255,255,38,173
255,255,255,39,173
255,255,255,40,173
255,255,255,41,173
255,255,255,42,173
255,255,255,43,173
215,215,215,44,173
181,181,181,45,173
165,165,165,46,173
141,141,141,47,173
104,104,106,48,173
58,60,63,49,173
36,38,43,50,173
31,33,39,51,173
34,35,39,52,173
36,37,39,53,173
27,27,27,54,173
27,27,25,55,173
28,29,26,56,173
28,30,27,57,173
30,28,30,58,173
28,27,33,59,173
22,29,32,60,173
21,30,39,61,173
25,30,48,62,173
47,48,69,63,173
79,79,85,64,173
109,112,119,65,173
128,137,145,66,173
141,153,162,67,173
147,156,165,68,173
150,160,171,69,173
140,152,165,70,173
126,136,150,71,173
111,118,128,72,173
97,102,113,73,173
79,81,95,74,173
56,57,73,75,173
43,41,51,76,173
34,34,40,77,173
32,35,37,78,173
33,37,37,79,173
36,38,40,80,173
41,40,43,81,173
43,44,46,82,173
44,48,49,83,173
40,44,49,84,173
37,41,44,85,173
37,39,39,86,173
36,37,37,87,173
37,37,37,88,173
40,40,40,89,173
41,42,41,90,173
40,40,41,91,173
42,42,44,92,173
40,40,42,93,173
40,41,42,94,173
40,41,42,95,173
47,48,50,96,173
77,78,80,97,173
45,46,48,98,173
39,40,42,99,173
50,51,51,100,173
67,67,68,101,173
44,45,47,102,173
49,53,55,103,173
37,41,42,104,173
35,39,39,105,173
36,38,37,106,173
39,41,40,107,173
41,41,41,108,173
38,39,39,109,173
38,39,41,110,173
45,46,50,111,173
40,43,44,112,173
34,38,37,113,173
34,39,36,114,173
39,44,39,115,173
37,41,37,116,173
36,38,37,117,173
37,40,42,118,173
47,51,54,119,173
49,53,56,120,173
36,37,41,121,173
37,37,37,122,173
37,38,36,123,173
38,41,42,124,173
67,70,74,125,173
44,49,51,126,173
38,43,42,127,173
35,39,40,128,173
31,37,37,129,173
32,37,37,130,173
35,38,37,131,173
36,38,37,132,173
37,38,39,133,173
37,37,39,134,173
39,39,41,135,173
36,37,40,136,173
33,34,37,137,173
33,34,36,138,173
33,34,36,139,173
38,38,41,140,173
43,44,48,141,173
52,56,64,142,173
55,60,71,143,173
64,67,73,144,173
100,101,104,145,173
155,156,158,146,173
186,186,188,147,173
194,194,195,148,173
249,249,249,149,173
255,255,255,150,173
255,255,255,151,173
255,255,255,152,173
255,255,255,153,173
255,255,255,154,173
255,255,255,155,173
255,255,255,156,173
255,255,255,157,173
255,255,255,158,173
255,255,255,159,173
255,255,255,160,173
255,255,255,161,173
255,255,255,162,173
255,255,255,163,173
255,255,255,164,173
255,255,255,165,173
255,255,255,166,173
255,255,255,167,173
255,255,255,168,173
255,255,255,169,173
255,255,255,170,173
255,255,255,171,173
255,255,255,172,173
255,255,255,173,173
255,255,255,174,173
255,255,255,175,173
255,255,255,176,173
255,255,255,177,173
255,255,255,178,173
255,255,255,179,173
255,255,255,180,173
255,255,255,181,173
255,255,255,182,173
255,255,255,183,173
255,255,255,184,173
255,255,255,185,173
255,255,255,186,173
255,255,255,187,173
255,255,255,188,173
255,255,255,189,173
255,255,255,190,173
255,255,255,191,173
255,255,255,192,173
255,255,255,193,173
255,255,255,194,173
255,255,255,195,173
255,255,255,196,173
255,255,255,197,173
255,255,255,198,173
255,255,255,199,173
255,255,255,0,174
255,255,255,1,174
255,255,255,2,174
255,255,255,3,174
255,255,255,4,174
255,255,255,5,174
255,255,255,6,174
255,255,255,7,174
255,255,255,8,174
255,255,255,9,174
255,255,255,10,174
255,255,255,11,174
255,255,255,12,174
255,255,255,13,174
255,255,255,14,174
255,255,255,15,174
255,255,255,16,174
255,255,255,17,174
255,255,255,18,174
255,255,255,19,174
255,255,255,20,174
255,255,255,21,174
255,255,255,22,174
255,255,255,23,174
255,255,255,24,174
255,255,255,25,174
255,255,255,26,174
255,255,255,27,174
255,255,255,28,174
255,255,255,29,174
255,255,255,30,174
255,255,255,31,174
255,255,255,32,174
255,255,255,33,174
255,255,255,34,174
255,255,255,35,174
255,255,255,36,174
255,255,255,37,174
255,255,255,38,174
255,255,255,39,174
255,255,255,40,174
255,255,255,41,174
255,255,255,42,174
255,255,255,43,174
206,206,206,44,174
175,175,175,45,174
155,155,155,46,174
126,127,127,47,174
80,81,83,48,174
46,47,48,49,174
30,31,32,50,174
24,24,27,51,174
35,36,39,52,174
44,46,46,53,174
29,30,30,54,174
31,32,30,55,174
34,36,34,56,174
39,40,40,57,174
49,53,55,58,174
67,78,80,59,174
48,57,58,60,174
27,33,34,61,174
34,35,33,62,174
35,36,32,63,174
34,37,42,64,174
33,37,49,65,174
37,43,54,66,174
40,46,58,67,174
35,43,53,68,174
30,37,48,69,174
28,37,48,70,174
29,37,47,71,174
29,36,46,72,174
32,39,46,73,174
39,45,46,74,174
47,51,48,75,174
56,58,61,76,174
50,52,60,77,174
36,37,45,78,174
37,39,43,79,174
40,39,44,80,174
40,40,43,81,174
42,45,45,82,174
43,47,44,83,174
43,46,44,84,174
44,46,45,85,174
44,46,46,86,174
44,45,45,87,174
43,43,43,88,174
50,50,50,89,174
70,71,72,90,174
51,52,54,91,174
58,58,60,92,174
45,46,48,93,174
44,46,46,94,174
46,48,46,95,174
50,52,53,96,174
50,51,53,97,174
46,47,49,98,174
48,49,49,99,174
51,53,51,100,174
58,57,58,101,174
55,56,58,102,174
69,73,74,103,174
67,73,73,104,174
38,41,42,105,174
40,41,42,106,174
43,44,45,107,174
45,45,45,108,174
42,42,43,109,174
41,41,43,110,174
58,61,63,111,174
56,62,62,112,174
36,41,40,113,174
39,44,40,114,174
40,45,42,115,174
39,41,38,116,174
40,40,39,117,174
46,48,51,118,174
81,86,90,119,174
61,65,71,120,174
37,39,44,121,174
40,40,39,122,174
40,39,36,123,174
42,44,46,124,174
84,88,92,125,174
54,60,62,126,174
51,55,57,127,174
54,58,61,128,174
34,39,40,129,174
35,39,39,130,174
37,39,37,131,174
37,39,38,132,174
37,38,39,133,174
39,39,42,134,174
39,40,39,135,174
37,39,35,136,174
36,38,35,137,174
36,38,36,138,174
36,38,37,139,174
38,39,41,140,174
37,39,44,141,174
33,38,42,142,174
35,40,44,143,174
53,55,57,144,174
94,95,97,145,174
137,138,143,146,174
167,168,172,147,174
190,191,191,148,174
244,244,244,149,174
255,255,255,150,174
255,255,255,151,174
255,255,255,152,174
255,255,255,153,174
255,255,255,154,174
255,255,255,155,174
255,255,255,156,174
255,255,255,157,174
255,255,255,158,174
255,255,255,159,174
255,255,255,160,174
255,255,255,161,174
255,255,255,162,174
255,255,255,163,174
255,255,255,164,174
255,255,255,165,174
255,255,255,166,174
255,255,255,167,174
255,255,255,168,174
255,255,255,169,174
255,255,255,170,174
255,255,255,171,174
255,255,255,172,174
255,255,255,173,174
255,255,255,174,174
255,255,255,175,174
255,255,255,176,174
255,255,255,177,174
255,255,255,178,174
255,255,255,179,174
255,255,255,180,174
255,255,255,181,174
255,255,255,182,174
255,255,255,183,174
255,255,255,184,174
255,255,255,185,174
255,255,255,186,174
255,255,255,187,174
255,255,255,188,174
255,255,255,189,174
255,255,255,190,174
255,255,255,191,174
255,255,255,192,174
255,255,255,193,174
255,255,255,194,174
255,255,255,195,174
255,255,255,196,174
255,255,255,197,174
255,255,255,198,174
255,255,255,199,174
255,255,255,0,175
255,255,255,1,175
255,255,255,2,175
255,255,255,3,175
255,255,255,4,175
255,255,255,5,175
255,255,255,6,175
255,255,255,7,175
255,255,255,8,175
255,255,255,9,175
255,255,255,10,175
255,255,255,11,175
255,255,255,12,175
255,255,255,13,175
255,255,255,14,175
255,255,255,15,175
255,255,255,16,175
255,255,255,17,175
255,255,255,18,175
255,255,255,19,175
255,255,255,20,175
255,255,255,21,175
255,255,255,22,175
255,255,255,23,175
255,255,255,24,175
255,255,255,25,175
255,255,255,26,175
255,255,255,27,175
255,255,255,28,175
255,255,255,29,175
255,255,255,30,175
255,255,255,31,175
255,255,255,32,175
255,255,255,33,175
255,255,255,34,175
255,255,255,35,175
255,255,255,36,175
255,255,255,37,175
255,255,255,38,175
255,255,255,39,175
255,255,255,40,175
255,255,255,41,175
255,255,255,42,175
251,251,251,43,175
195,195,195,44,175
167,167,167,45,175
139,139,139,46,175
94,94,94,47,175
58,59,60,48,175
40,42,41,49,175
36,38,38,50,175
44,45,46,51,175
38,40,39,52,175
32,34,33,53,175
32,35,33,54,175
36,38,37,55,175
41,41,42,56,175
46,48,50,57,175
54,58,63,58,175
69,76,84,59,175
68,71,76,60,175
38,39,39,61,175
38,40,40,62,175
42,43,45,63,175
47,49,52,64,175
51,55,59,65,175
67,69,77,66,175
90,96,104,67,175
81,89,95,68,175
38,43,47,69,175
40,41,41,70,175
42,43,41,71,175
44,46,44,72,175
48,49,48,73,175
52,54,52,74,175
56,57,58,75,175
67,71,76,76,175
86,93,98,77,175
62,67,68,78,175
42,44,38,79,175
44,46,40,80,175
48,51,48,81,175
51,53,52,82,175
50,52,50,83,175
54,55,51,84,175
60,61,61,85,175
63,64,67,86,175
57,58,60,87,175
54,55,57,88,175
56,55,56,89,175
59,60,60,90,175
57,59,61,91,175
58,61,63,92,175
53,55,56,93,175
54,56,55,94,175
56,58,57,95,175
56,58,59,96,175
55,56,57,97,175
55,57,56,98,175
59,59,57,99,175
62,62,60,100,175
65,65,65,101,175
68,68,73,102,175
75,79,81,103,175
86,90,91,104,175
48,51,53,105,175
48,49,52,106,175
73,75,77,107,175
55,55,57,108,175
50,47,51,109,175
49,49,51,110,175
79,83,85,111,175
82,88,90,112,175
48,53,52,113,175
47,51,48,114,175
45,49,47,115,175
45,46,45,116,175
48,48,48,117,175
65,68,70,118,175
94,99,103,119,175
58,61,68,120,175
42,45,49,121,175
43,43,42,122,175
45,44,41,123,175
49,50,53,124,175
70,73,78,125,175
50,54,57,126,175
53,57,61,127,175
86,91,98,128,175
52,57,62,129,175
37,39,40,130,175
40,41,40,131,175
41,41,40,132,175
41,42,42,133,175
41,42,43,134,175
42,44,44,135,175
45,47,45,136,175
39,41,39,137,175
36,38,35,138,175
36,38,36,139,175
38,39,40,140,175
36,39,42,141,175
31,35,38,142,175
37,41,41,143,175
51,52,52,144,175
75,76,78,145,175
100,101,105,146,175
141,142,145,147,175
182,183,183,148,175
237,237,237,149,175
255,255,255,150,175
255,255,255,151,175
255,255,255,152,175
255,255,255,153,175
255,255,255,154,175
255,255,255,155,175
255,255,255,156,175
255,255,255,157,175
255,255,255,158,175
255,255,255,159,175
255,255,255,160,175
255,255,255,161,175
255,255,255,162,175
255,255,255,163,175
255,255,255,164,175
255,255,255,165,175
255,255,255,166,175
255,255,255,167,175
255,255,255,168,175
255,255,255,169,175
255,255,255,170,175
255,255,255,171,175
255,255,255,172,175
255,255,255,173,175
255,255,255,174,175
255,255,255,175,175
255,255,255,176,175
255,255,255,177,175
255,255,255,178,175
255,255,255,179,175
255,255,255,180,175
255,255,255,181,175
255,255,255,182,175
255,255,255,183,175
255,255,255,184,175
255,255,255,185,175
255,255,255,186,175
255,255,255,187,175
255,255,255,188,175
255,255,255,189,175
255,255,255,190,175
255,255,255,191,175
255,255,255,192,175
255,255,255,193,175
255,255,255,194,175
255,255,255,195,175
255,255,255,196,175
255,255,255,197,175
255,255,255,198,175
255,255,255,199,175
255,255,255,0,176
255,255,255,1,176
255,255,255,2,176
255,255,255,3,176
255,255,255,4,176
255,255,255,5,176
255,255,255,6,176
255,255,255,7,176
255,255,255,8,176
255,255,255,9,176
255,255,255,10,176
255,255,255,11,176
255,255,255,12,176
255,255,255,13,176
255,255,255,14,176
255,255,255,15,176
255,255,255,16,176
255,255,255,17,176
255,255,255,18,176
255,255,255,19,176
255,255,255,20,176
255,255,255,21,176
255,255,255,22,176
255,255,255,23,176
255,255,255,24,176
255,255,255,25,176
255,255,255,26,176
255,255,255,27,176
255,255,255,28,176
255,255,255,29,176
255,255,255,30,176
255,255,255,31,176
255,255,255,32,176
255,255,255,33,176
255,255,255,34,176
255,255,255,35,176
255,255,255,36,176
255,255,255,37,176
255,255,255,38,176
255,255,255,39,176
255,255,255,40,176
255,255,255,41,176
255,255,255,42,176
244,244,244,43,176
184,184,184,44,176
159,159,159,45,176
117,117,117,46,176
71,71,71,47,176
51,53,51,48,176
41,43,43,49,176
45,49,53,50,176
83,86,90,51,176
65,67,66,52,176
36,38,35,53,176
38,40,38,54,176
40,42,41,55,176
47,48,49,56,176
51,52,54,57,176
52,53,58,58,176
55,55,60,59,176
52,51,54,60,176
43,43,46,61,176
44,45,47,62,176
51,51,54,63,176
57,58,58,64,176
62,63,64,65,176
71,73,79,66,176
83,87,97,67,176
81,85,94,68,176
53,55,59,69,176
47,47,47,70,176
48,48,48,71,176
55,54,55,72,176
60,60,60,73,176
66,66,66,74,176
69,70,71,75,176
74,77,83,76,176
93,98,105,77,176
105,108,110,78,176
63,64,59,79,176
62,63,58,80,176
69,70,67,81,176
67,67,67,82,176
66,67,68,83,176
70,71,69,84,176
84,87,87,85,176
109,113,115,86,176
80,82,85,87,176
69,69,71,88,176
70,70,71,89,176
72,73,73,90,176
72,73,76,91,176
69,71,75,92,176
63,65,66,93,176
66,68,66,94,176
68,70,68,95,176
69,71,71,96,176
70,72,71,97,176
72,73,72,98,176
74,74,73,99,176
75,74,74,100,176
75,76,76,101,176
77,78,79,102,176
81,83,83,103,176
84,86,87,104,176
70,72,72,105,176
72,75,77,106,176
102,105,109,107,176
71,72,76,108,176
65,64,67,109,176
63,63,67,110,176
98,102,105,111,176
103,107,111,112,176
67,69,71,113,176
60,61,58,114,176
59,60,57,115,176
60,61,59,116,176
61,63,63,117,176
67,71,73,118,176
73,77,79,119,176
59,60,65,120,176
54,55,59,121,176
54,54,55,122,176
56,56,57,123,176
64,65,67,124,176
65,66,69,125,176
54,57,60,126,176
57,62,67,127,176
94,101,111,128,176
75,80,89,129,176
41,44,46,130,176
46,45,45,131,176
48,47,47,132,176
46,46,46,133,176
45,47,46,134,176
47,49,49,135,176
72,73,75,136,176
53,54,55,137,176
38,40,37,138,176
38,40,38,139,176
39,40,43,140,176
59,61,67,141,176
60,64,68,142,176
38,42,42,143,176
50,52,53,144,176
65,66,67,145,176
81,82,84,146,176
119,119,120,147,176
171,171,172,148,176
227,227,227,149,176
255,255,255,150,176
254,254,254,151,176
255,255,255,152,176
255,255,255,153,176
255,255,255,154,176
255,255,255,155,176
255,255,255,156,176
255,255,255,157,176
255,255,255,158,176
255,255,255,159,176
255,255,255,160,176
255,255,255,161,176
255,255,255,162,176
255,255,255,163,176
255,255,255,164,176
255,255,255,165,176
255,255,255,166,176
255,255,255,167,176
255,255,255,168,176
255,255,255,169,176
255,255,255,170,176
255,255,255,171,176
255,255,255,172,176
255,255,255,173,176
255,255,255,174,176
255,255,255,175,176
255,255,255,176,176
255,255,255,177,176
255,255,255,178,176
255,255,255,179,176
255,255,255,180,176
255,255,255,181,176
255,255,255,182,176
255,255,255,183,176
255,255,255,184,176
255,255,255,185,176
255,255,255,186,176
255,255,255,187,176
255,255,255,188,176
255,255,255,189,176
255,255,255,190,176
255,255,255,191,176
255,255,255,192,176
255,255,255,193,176
255,255,255,194,176
255,255,255,195,176
255,255,255,196,176
255,255,255,197,176
255,255,255,198,176
255,255,255,199,176
255,255,255,0,177
255,255,255,1,177
255,255,255,2,177
255,255,255,3,177
255,255,255,4,177
255,255,255,5,177
255,255,255,6,177
255,255,255,7,177
255,255,255,8,177
255,255,255,9,177
255,255,255,10,177
255,255,255,11,177
255,255,255,12,177
255,255,255,13,177
255,255,255,14,177
255,255,255,15,177
255,255,255,16,177
255,255,255,17,177
255,255,255,18,177
255,255,255,19,177
255,255,255,20,177
255,255,255,21,177
255,255,255,22,177
255,255,255,23,177
255,255,255,24,177
255,255,255,25,177
255,255,255,26,177
255,255,255,27,177
255,255,255,28,177
255,255,255,29,177
255,255,255,30,177
255,255,255,31,177
255,255,255,32,177
255,255,255,33,177
255,255,255,34,177
255,255,255,35,177
255,255,255,36,177
255,255,255,37,177
255,255,255,38,177
255,255,255,39,177
255,255,255,40,177
255,255,255,41,177
255,255,255,42,177
234,234,234,43,177
173,173,173,44,177
136,136,136,45,177
88,88,89,46,177
70,70,70,47,177
52,54,51,48,177
47,49,49,49,177
48,49,53,50,177
58,61,65,51,177
57,62,60,52,177
46,48,45,53,177
42,44,42,54,177
42,44,44,55,177
51,52,54,56,177
57,59,59,57,177
59,60,60,58,177
58,60,61,59,177
59,61,62,60,177
67,68,69,61,177
51,52,53,62,177
55,56,57,63,177
63,64,63,64,177
70,73,72,65,177
75,77,79,66,177
77,79,84,67,177
77,77,83,68,177
74,74,79,69,177
71,71,74,70,177
64,66,68,71,177
57,60,61,72,177
69,69,70,73,177
78,76,77,74,177
81,81,81,75,177
84,87,89,76,177
91,94,98,77,177
106,107,110,78,177
91,91,90,79,177
88,88,86,80,177
86,86,85,81,177
78,78,80,82,177
78,78,79,83,177
83,83,82,84,177
89,91,91,85,177
104,107,110,86,177
96,98,101,87,177
85,86,87,88,177
88,88,87,89,177
89,90,90,90,177
90,91,93,91,177
88,89,92,92,177
82,83,85,93,177
75,78,78,94,177
74,79,77,95,177
82,84,83,96,177
84,86,85,97,177
85,85,85,98,177
86,86,86,99,177
85,85,85,100,177
87,87,87,101,177
88,90,89,102,177
91,92,91,103,177
90,92,91,104,177
86,88,86,105,177
94,98,99,106,177
110,113,119,107,177
82,84,89,108,177
80,80,82,109,177
81,82,84,110,177
107,111,113,111,177
104,108,111,112,177
81,83,85,113,177
77,77,76,114,177
77,78,77,115,177
78,80,79,116,177
75,78,77,117,177
73,76,75,118,177
73,74,76,119,177
70,70,72,120,177
70,71,70,121,177
71,71,71,122,177
73,74,77,123,177
74,75,76,124,177
69,70,70,125,177
68,70,70,126,177
75,77,81,127,177
102,106,114,128,177
95,99,109,129,177
60,62,65,130,177
59,58,59,131,177
62,60,61,132,177
55,56,55,133,177
55,56,56,134,177
62,63,65,135,177
87,88,91,136,177
61,62,63,137,177
45,47,48,138,177
44,46,47,139,177
61,62,66,140,177
95,97,103,141,177
70,74,78,142,177
42,46,47,143,177
51,54,53,144,177
60,62,61,145,177
70,72,70,146,177
97,97,96,147,177
154,154,154,148,177
214,214,214,149,177
255,255,255,150,177
254,254,254,151,177
255,255,255,152,177
255,255,255,153,177
255,255,255,154,177
255,255,255,155,177
255,255,255,156,177
255,255,255,157,177
255,255,255,158,177
255,255,255,159,177
255,255,255,160,177
255,255,255,161,177
255,255,255,162,177
255,255,255,163,177
255,255,255,164,177
255,255,255,165,177
255,255,255,166,177
255,255,255,167,177
255,255,255,168,177
255,255,255,169,177
255,255,255,170,177
255,255,255,171,177
255,255,255,172,177
255,255,255,173,177
255,255,255,174,177
255,255,255,175,177
255,255,255,176,177
255,255,255,177,177
255,255,255,178,177
255,255,255,179,177
255,255,255,180,177
255,255,255,181,177
255,255,255,182,177
255,255,255,183,177
255,255,255,184,177
255,255,255,185,177
255,255,255,186,177
255,255,255,187,177
255,255,255,188,177
255,255,255,189,177
255,255,255,190,177
255,255,255,191,177
255,255,255,192,177
255,255,255,193,177
255,255,255,194,177
255,255,255,195,177
255,255,255,196,177
255,255,255,197,177
255,255,255,198,177
255,255,255,199,177
255,255,255,0,178
255,255,255,1,178
255,255,255,2,178
255,255,255,3,178
255,255,255,4,178
255,255,255,5,178
255,255,255,6,178
255,255,255,7,178
255,255,255,8,178
255,255,255,9,178
255,255,255,10,178
255,255,255,11,178
255,255,255,12,178
255,255,255,13,178
255,255,255,14,178
255,255,255,15,178
255,255,255,16,178
255,255,255,17,178
255,255,255,18,178
255,255,255,19,178
255,255,255,20,178
255,255,255,21,178
255,255,255,22,178
255,255,255,23,178
255,255,255,24,178
255,255,255,25,178
255,255,255,26,178
255,255,255,27,178
255,255,255,28,178
255,255,255,29,178
255,255,255,30,178
255,255,255,31,178
255,255,255,32,178
255,255,255,33,178
255,255,255,34,178
255,255,255,35,178
255,255,255,36,178
255,255,255,37,178
255,255,255,38,178
255,255,255,39,178
255,255,255,40,178
255,255,255,41,178
255,255,255,42,178
222,222,222,43,178
155,155,155,44,178
105,105,105,45,178
78,77,77,46,178
69,69,69,47,178
57,59,58,48,178
55,59,58,49,178
60,62,62,50,178
63,66,67,51,178
64,68,67,52,178
63,65,64,53,178
66,67,68,54,178
79,80,83,55,178
70,71,74,56,178
70,72,71,57,178
73,75,74,58,178
76,78,79,59,178
91,93,95,60,178
117,118,120,61,178
80,81,83,62,178
81,82,83,63,178
81,82,82,64,178
80,81,81,65,178
83,84,83,66,178
83,85,83,67,178
84,86,84,68,178
88,90,90,69,178
97,100,101,70,178
121,125,128,71,178
102,106,109,72,178
85,87,89,73,178
88,87,88,74,178
90,89,90,75,178
92,93,95,76,178
96,97,98,77,178
100,100,99,78,178
98,99,96,79,178
97,97,95,80,178
94,94,94,81,178
92,92,94,82,178
91,91,92,83,178
89,89,91,84,178
92,93,95,85,178
96,97,100,86,178
98,99,101,87,178
95,96,97,88,178
96,96,96,89,178
98,99,99,90,178
100,101,102,91,178
102,103,105,92,178
108,109,111,93,178
104,108,109,94,178
95,100,100,95,178
94,96,95,96,178
96,96,96,97,178
96,96,96,98,178
96,96,96,99,178
97,97,97,100,178
98,98,98,101,178
96,97,97,102,178
96,96,96,103,178
96,96,96,104,178
95,97,97,105,178
104,107,109,106,178
112,115,121,107,178
93,94,98,108,178
90,89,90,109,178
93,93,93,110,178
104,106,106,111,178
100,101,103,112,178
91,92,94,113,178
89,91,91,114,178
89,90,90,115,178
90,92,91,116,178
88,90,88,117,178
87,88,87,118,178
83,84,86,119,178
81,82,82,120,178
84,84,83,121,178
87,87,86,122,178
85,86,88,123,178
79,80,81,124,178
75,76,76,125,178
78,80,80,126,178
86,88,91,127,178
103,107,112,128,178
101,103,109,129,178
76,78,81,130,178
72,72,73,131,178
67,69,68,132,178
64,65,65,133,178
69,69,71,134,178
72,73,75,135,178
73,74,75,136,178
69,70,71,137,178
62,63,66,138,178
71,71,76,139,178
113,114,118,140,178
102,104,108,141,178
57,61,62,142,178
48,52,51,143,178
52,55,54,144,178
60,62,60,145,178
69,70,70,146,178
83,83,83,147,178
130,130,130,148,178
202,202,202,149,178
255,255,255,150,178
254,254,254,151,178
255,255,255,152,178
255,255,255,153,178
255,255,255,154,178
255,255,255,155,178
255,255,255,156,178
255,255,255,157,178
255,255,255,158,178
255,255,255,159,178
255,255,255,160,178
255,255,255,161,178
255,255,255,162,178
255,255,255,163,178
255,255,255,164,178
255,255,255,165,178
255,255,255,166,178
255,255,255,167,178
255,255,255,168,178
255,255,255,169,178
255,255,255,170,178
255,255,255,171,178
255,255,255,172,178
255,255,255,173,178
255,255,255,174,178
255,255,255,175,178
255,255,255,176,178
255,255,255,177,178
255,255,255,178,178
255,255,255,179,178
255,255,255,180,178
255,255,255,181,178
255,255,255,182,178
255,255,255,183,178
255,255,255,184,178
255,255,255,185,178
255,255,255,186,178
255,255,255,187,178
255,255,255,188,178
255,255,255,189,178
255,255,255,190,178
255,255,255,191,178
255,255,255,192,178
255,255,255,193,178
255,255,255,194,178
255,255,255,195,178
255,255,255,196,178
255,255,255,197,178
255,255,255,198,178
255,255,255,199,178
255,255,255,0,179
255,255,255,1,179
255,255,255,2,179
255,255,255,3,179
255,255,255,4,179
255,255,255,5,179
255,255,255,6,179
255,255,255,7,179
255,255,255,8,179
255,255,255,9,179
255,255,255,10,179
255,255,255,11,179
255,255,255,12,179
255,255,255,13,179
255,255,255,14,179
255,255,255,15,179
255,255,255,16,179
255,255,255,17,179
255,255,255,18,179
255,255,255,19,179
255,255,255,20,179
255,255,255,21,179
255,255,255,22,179
255,255,255,23,179
255,255,255,24,179
255,255,255,25,179
255,255,255,26,179
255,255,255,27,179
255,255,255,28,179
255,255,255,29,179
255,255,255,30,179
255,255,255,31,179
255,255,255,32,179
255,255,255,33,179
255,255,255,34,179
255,255,255,35,179
255,255,255,36,179
255,255,255,37,179
255,255,255,38,179
255,255,255,39,179
255,255,255,40,179
255,255,255,41,179
255,255,255,42,179
205,205,205,43,179
130,130,130,44,179
89,89,89,45,179
79,79,79,46,179
72,73,72,47,179
69,72,71,48,179
69,73,72,49,179
75,77,76,50,179
78,80,79,51,179
79,82,81,52,179
85,86,87,53,179
109,110,113,54,179
119,120,124,55,179
92,93,96,56,179
88,90,89,57,179
93,94,93,58,179
94,95,96,59,179
96,97,99,60,179
97,98,100,61,179
101,102,105,62,179
108,110,110,63,179
106,106,106,64,179
94,93,93,65,179
95,95,95,66,179
97,97,95,67,179
96,98,94,68,179
96,98,95,69,179
98,101,102,70,179
106,109,113,71,179
112,115,120,72,179
103,105,108,73,179
98,99,99,74,179
97,98,97,75,179
96,98,97,76,179
98,100,99,77,179
100,100,99,78,179
101,101,99,79,179
102,103,101,80,179
104,106,107,81,179
113,114,117,82,179
133,134,138,83,179
116,117,119,84,179
100,101,103,85,179
103,104,106,86,179
101,102,103,87,179
100,100,100,88,179
101,101,101,89,179
101,101,101,90,179
110,110,110,91,179
112,112,114,92,179
108,109,111,93,179
125,129,130,94,179
120,124,125,95,179
101,103,102,96,179
101,101,101,97,179
101,101,101,98,179
101,101,101,99,179
101,101,101,100,179
102,102,102,101,179
101,101,101,102,179
101,101,101,103,179
101,101,101,104,179
101,101,102,105,179
105,106,110,106,179
109,111,116,107,179
102,102,102,108,179
104,101,100,109,179
102,101,101,110,179
102,102,102,111,179
100,101,103,112,179
98,101,103,113,179
101,104,105,114,179
100,100,103,115,179
98,98,98,116,179
98,98,98,117,179
98,98,99,118,179
98,98,100,119,179
99,99,101,120,179
98,98,99,121,179
96,98,98,122,179
96,97,99,123,179
97,98,100,124,179
93,94,96,125,179
88,89,91,126,179
93,95,97,127,179
100,102,105,128,179
99,99,100,129,179
91,91,91,130,179
85,87,85,131,179
78,81,81,132,179
81,82,84,133,179
84,84,87,134,179
84,84,84,135,179
84,84,83,136,179
86,86,87,137,179
94,94,97,138,179
100,99,104,139,179
107,107,111,140,179
84,85,87,141,179
69,71,70,142,179
60,62,62,143,179
68,69,72,144,179
71,72,75,145,179
75,76,78,146,179
82,82,82,147,179
103,103,103,148,179
178,178,178,149,179
253,253,253,150,179
255,255,255,151,179
255,255,255,152,179
255,255,255,153,179
255,255,255,154,179
255,255,255,155,179
255,255,255,156,179
255,255,255,157,179
255,255,255,158,179
255,255,255,159,179
255,255,255,160,179
255,255,255,161,179
255,255,255,162,179
255,255,255,163,179
255,255,255,164,179
255,255,255,165,179
255,255,255,166,179
255,255,255,167,179
255,255,255,168,179
255,255,255,169,179
255,255,255,170,179
255,255,255,171,179
255,255,255,172,179
255,255,255,173,179
255,255,255,174,179
255,255,255,175,179
255,255,255,176,179
255,255,255,177,179
255,255,255,178,179
255,255,255,179,179
255,255,255,180,179
255,255,255,181,179
255,255,255,182,179
255,255,255,183,179
255,255,255,184,179
255,255,255,185,179
255,255,255,186,179
255,255,255,187,179
255,255,255,188,179
255,255,255,189,179
255,255,255,190,179
255,255,255,191,179
255,255,255,192,179
255,255,255,193,179
255,255,255,194,179
255,255,255,195,179
255,255,255,196,179
255,255,255,197,179
255,255,255,198,179
255,255,255,199,179
255,255,255,0,180
255,255,255,1,180
255,255,255,2,180
255,255,255,3,180
255,255,255,4,180
255,255,255,5,180
255,255,255,6,180
255,255,255,7,180
255,255,255,8,180
255,255,255,9,180
255,255,255,10,180
255,255,255,11,180
255,255,255,12,180
255,255,255,13,180
255,255,255,14,180
255,255,255,15,180
255,255,255,16,180
255,255,255,17,180
255,255,255,18,180
255,255,255,19,180
255,255,255,20,180
255,255,255,21,180
255,255,255,22,180
255,255,255,23,180
255,255,255,24,180
255,255,255,25,180
255,255,255,26,180
255,255,255,27,180
255,255,255,28,180
255,255,255,29,180
255,255,255,30,180
255,255,255,31,180
255,255,255,32,180
255,255,255,33,180
255,255,255,34,180
255,255,255,35,180
255,255,255,36,180
255,255,255,37,180
255,255,255,38,180
255,255,255,39,180
255,255,255,40,180
255,255,255,41,180
254,254,254,42,180
179,179,179,43,180
109,109,109,44,180
95,95,95,45,180
91,92,92,46,180
89,91,90,47,180
87,90,89,48,180
89,92,91,49,180
93,95,94,50,180
95,96,97,51,180
96,96,96,52,180
98,99,100,53,180
110,111,113,54,180
109,110,113,55,180
100,101,103,56,180
98,100,99,57,180
99,99,99,58,180
100,100,101,59,180
101,100,102,60,180
101,101,103,61,180
101,102,103,62,180
102,103,103,63,180
102,102,102,64,180
100,100,100,65,180
101,102,101,66,180
101,101,102,67,180
104,104,105,68,180
105,107,106,69,180
101,102,102,70,180
101,101,102,71,180
102,104,104,72,180
108,110,109,73,180
102,103,102,74,180
111,114,115,75,180
121,125,127,76,180
105,108,110,77,180
99,100,99,78,180
102,102,100,79,180
102,103,101,80,180
106,108,109,81,180
115,116,120,82,180
121,122,127,83,180
109,109,114,84,180
98,98,100,85,180
97,97,97,86,180
97,96,96,87,180
98,97,96,88,180
98,98,98,89,180
97,97,97,90,180
97,97,97,91,180
96,97,97,92,180
97,99,100,93,180
102,104,106,94,180
101,104,106,95,180
97,98,98,96,180
99,99,99,97,180
98,98,98,98,180
97,97,97,99,180
97,97,97,100,180
97,97,97,101,180
98,98,98,102,180
97,98,97,103,180
94,94,94,104,180
96,96,97,105,180
99,99,102,106,180
101,102,105,107,180
107,107,106,108,180
114,111,109,109,180
104,102,100,110,180
96,96,95,111,180
97,97,96,112,180
100,102,101,113,180
118,120,122,114,180
128,129,133,115,180
104,105,107,116,180
99,99,100,117,180
100,100,101,118,180
104,104,106,119,180
120,121,123,120,180
103,105,107,121,180
100,101,103,122,180
101,102,104,123,180
109,110,112,124,180
130,131,132,125,180
120,120,123,126,180
102,102,106,127,180
102,102,103,128,180
102,101,98,129,180
100,101,96,130,180
98,101,97,131,180
104,109,111,132,180
121,124,128,133,180
105,107,109,134,180
99,100,98,135,180
99,99,97,136,180
100,100,101,137,180
103,103,104,138,180
99,99,100,139,180
94,94,95,140,180
91,92,92,141,180
88,90,89,142,180
96,97,98,143,180
124,125,130,144,180
96,97,102,145,180
89,89,91,146,180
93,93,93,147,180
95,95,95,148,180
148,148,148,149,180
247,247,247,150,180
255,255,255,151,180
255,255,255,152,180
255,255,255,153,180
255,255,255,154,180
255,255,255,155,180
255,255,255,156,180
255,255,255,157,180
255,255,255,158,180
255,255,255,159,180
255,255,255,160,180
255,255,255,161,180
255,255,255,162,180
255,255,255,163,180
255,255,255,164,180
255,255,255,165,180
255,255,255,166,180
255,255,255,167,180
255,255,255,168,180
255,255,255,169,180
255,255,255,170,180
255,255,255,171,180
255,255,255,172,180
255,255,255,173,180
255,255,255,174,180
255,255,255,175,180
255,255,255,176,180
255,255,255,177,180
255,255,255,178,180
255,255,255,179,180
255,255,255,180,180
255,255,255,181,180
255,255,255,182,180
255,255,255,183,180
255,255,255,184,180
255,255,255,185,180
255,255,255,186,180
255,255,255,187,180
255,255,255,188,180
255,255,255,189,180
255,255,255,190,180
255,255,255,191,180
255,255,255,192,180
255,255,255,193,180
255,255,255,194,180
255,255,255,195,180
255,255,255,196,180
255,255,255,197,180
255,255,255,198,180
255,255,255,199,180
255,255,255,0,181
255,255,255,1,181
255,255,255,2,181
255,255,255,3,181
255,255,255,4,181
255,255,255,5,181
255,255,255,6,181
255,255,255,7,181
255,255,255,8,181
255,255,255,9,181
255,255,255,10,181
255,255,255,11,181
255,255,255,12,181
255,255,255,13,181
255,255,255,14,181
255,255,255,15,181
255,255,255,16,181
255,255,255,17,181
255,255,255,18,181
255,255,255,19,181
255,255,255,20,181
255,255,255,21,181
255,255,255,22,181
255,255,255,23,181
255,255,255,24,181
255,255,255,25,181
255,255,255,26,181
255,255,255,27,181
255,255,255,28,181
255,255,255,29,181
255,255,255,30,181
255,255,255,31,181
255,255,255,32,181
255,255,255,33,181
255,255,255,34,181
255,255,255,35,181
255,255,255,36,181
255,255,255,37,181
255,255,255,38,181
255,255,255,39,181
255,255,255,40,181
255,255,255,41,181
249,249,249,42,181
154,154,154,43,181
116,116,116,44,181
108,108,108,45,181
105,105,105,46,181
101,101,101,47,181
101,101,101,48,181
101,102,101,49,181
103,104,107,50,181
108,109,112,51,181
104,104,106,52,181
100,100,102,53,181
101,101,103,54,181
100,100,102,55,181
99,100,101,56,181
98,98,98,57,181
98,98,98,58,181
99,99,100,59,181
97,97,98,60,181
92,92,93,61,181
90,90,90,62,181
91,90,91,63,181
92,90,91,64,181
94,93,93,65,181
96,96,97,66,181
102,102,106,67,181
114,114,119,68,181
110,110,113,69,181
92,92,92,70,181
88,88,88,71,181
91,91,91,72,181
94,94,94,73,181
97,98,101,74,181
109,112,117,75,181
111,115,119,76,181
89,92,94,77,181
80,81,79,78,181
84,84,82,79,181
88,88,87,80,181
92,93,94,81,181
101,101,103,82,181
97,98,100,83,181
97,97,99,84,181
101,101,102,85,181
106,106,106,86,181
110,110,109,87,181
114,114,113,88,181
118,118,118,89,181
122,122,122,90,181
123,124,124,91,181
124,125,124,92,181
127,128,128,93,181
128,129,129,94,181
124,124,125,95,181
115,115,115,96,181
115,115,115,97,181
127,127,127,98,181
127,127,127,99,181
125,125,125,100,181
124,124,124,101,181
126,127,126,102,181
124,126,125,103,181
112,114,113,104,181
108,109,109,105,181
106,107,107,106,181
105,106,106,107,181
105,105,105,108,181
102,101,101,109,181
95,95,94,110,181
92,92,92,111,181
91,91,91,112,181
89,89,89,113,181
90,90,92,114,181
97,97,100,115,181
96,96,97,116,181
91,91,92,117,181
91,91,93,118,181
91,91,92,119,181
94,95,96,120,181
91,93,94,121,181
92,93,94,122,181
93,93,95,123,181
98,97,101,124,181
111,111,115,125,181
127,126,131,126,181
101,100,104,127,181
92,92,92,128,181
91,90,87,129,181
94,95,91,130,181
98,99,99,131,181
117,118,120,132,181
131,133,137,133,181
105,107,109,134,181
98,100,99,135,181
100,102,100,136,181
101,102,100,137,181
102,102,101,138,181
101,101,101,139,181
102,102,102,140,181
103,103,103,141,181
103,103,103,142,181
122,122,124,143,181
124,125,127,144,181
103,103,106,145,181
103,104,105,146,181
109,108,108,147,181
112,110,111,148,181
126,125,126,149,181
231,231,231,150,181
255,255,255,151,181
255,255,255,152,181
255,255,255,153,181
255,255,255,154,181
255,255,255,155,181
255,255,255,156,181
255,255,255,157,181
255,255,255,158,181
255,255,255,159,181
255,255,255,160,181
255,255,255,161,181
255,255,255,162,181
255,255,255,163,181
255,255,255,164,181
255,255,255,165,181
255,255,255,166,181
255,255,255,167,181
255,255,255,168,181
255,255,255,169,181
255,255,255,170,181
255,255,255,171,181
255,255,255,172,181
255,255,255,173,181
255,255,255,174,181
255,255,255,175,181
255,255,255,176,181
255,255,255,177,181
255,255,255,178,181
255,255,255,179,181
255,255,255,180,181
255,255,255,181,181
255,255,255,182,181
255,255,255,183,181
255,255,255,184,181
255,255,255,185,181
255,255,255,186,181
255,255,255,187,181
255,255,255,188,181
255,255,255,189,181
255,255,255,190,181
255,255,255,191,181
255,255,255,192,181
255,255,255,193,181
255,255,255,194,181
255,255,255,195,181
255,255,255,196,181
255,255,255,197,181
255,255,255,198,181
255,255,255,199,181
255,255,255,0,182
255,255,255,1,182
255,255,255,2,182
255,255,255,3,182
255,255,255,4,182
255,255,255,5,182
255,255,255,6,182
255,255,255,7,182
255,255,255,8,182
255,255,255,9,182
255,255,255,10,182
255,255,255,11,182
255,255,255,12,182
255,255,255,13,182
255,255,255,14,182
255,255,255,15,182
255,255,255,16,182
255,255,255,17,182
255,255,255,18,182
255,255,255,19,182
255,255,255,20,182
255,255,255,21,182
255,255,255,22,182
255,255,255,23,182
255,255,255,24,182
255,255,255,25,182
255,255,255,26,182
255,255,255,27,182
255,255,255,28,182
255,255,255,29,182
255,255,255,30,182
255,255,255,31,182
255,255,255,32,182
255,255,255,33,182
255,255,255,34,182
255,255,255,35,182
255,255,255,36,182
255,255,255,37,182
255,255,255,38,182
255,255,255,39,182
255,255,255,40,182
255,255,255,41,182
243,243,243,42,182
151,151,151,43,182
117,117,117,44,182
106,106,106,45,182
99,99,99,46,182
93,93,93,47,182
92,92,92,48,182
92,92,93,49,182
96,97,101,50,182
103,103,106,51,182
96,96,98,52,182
88,88,89,53,182
89,89,90,54,182
93,93,94,55,182
94,94,94,56,182
94,94,94,57,182
99,99,99,58,182
113,113,113,59,182
126,126,126,60,182
117,117,117,61,182
120,120,120,62,182
125,125,125,63,182
130,129,129,64,182
141,140,140,65,182
138,138,140,66,182
138,138,143,67,182
142,142,149,68,182
141,140,145,69,182
143,143,144,70,182
151,151,151,71,182
161,161,160,72,182
168,168,168,73,182
172,173,177,74,182
171,173,180,75,182
165,169,174,76,182
162,164,165,77,182
162,162,160,78,182
163,162,160,79,182
165,165,165,80,182
168,168,168,81,182
172,172,172,82,182
174,174,175,83,182
181,181,181,84,182
188,188,189,85,182
194,194,194,86,182
196,196,197,87,182
195,195,195,88,182
193,193,193,89,182
191,191,191,90,182
189,189,189,91,182
187,187,187,92,182
186,186,186,93,182
190,190,190,94,182
195,195,195,95,182
186,186,186,96,182
171,171,171,97,182
192,192,192,98,182
199,199,199,99,182
200,200,200,100,182
197,198,198,101,182
196,198,197,102,182
196,198,197,103,182
195,197,196,104,182
193,195,194,105,182
191,193,192,106,182
191,191,191,107,182
188,188,188,108,182
186,186,186,109,182
184,184,184,110,182
182,182,182,111,182
181,181,181,112,182
178,178,178,113,182
176,176,176,114,182
174,174,176,115,182
173,173,174,116,182
173,173,173,117,182
170,170,172,118,182
164,164,164,119,182
160,160,160,120,182
152,152,152,121,182
146,146,146,122,182
143,143,143,123,182
140,140,141,124,182
137,136,141,125,182
140,139,145,126,182
139,139,143,127,182
122,122,122,128,182
102,102,100,129,182
113,115,113,130,182
114,114,115,131,182
109,109,111,132,182
104,104,107,133,182
101,102,104,134,182
97,99,97,135,182
91,93,92,136,182
83,85,83,137,182
79,80,78,138,182
84,84,84,139,182
88,87,87,140,182
88,88,88,141,182
88,90,89,142,182
95,96,96,143,182
94,96,96,144,182
92,94,94,145,182
96,97,97,146,182
105,104,104,147,182
117,115,116,148,182
125,124,125,149,182
212,212,212,150,182
255,255,255,151,182
255,255,255,152,182
255,255,255,153,182
255,255,255,154,182
255,255,255,155,182
255,255,255,156,182
255,255,255,157,182
255,255,255,158,182
255,255,255,159,182
255,255,255,160,182
255,255,255,161,182
255,255,255,162,182
255,255,255,163,182
255,255,255,164,182
255,255,255,165,182
255,255,255,166,182
255,255,255,167,182
255,255,255,168,182
255,255,255,169,182
255,255,255,170,182
255,255,255,171,182
255,255,255,172,182
255,255,255,173,182
255,255,255,174,182
255,255,255,175,182
255,255,255,176,182
255,255,255,177,182
255,255,255,178,182
255,255,255,179,182
255,255,255,180,182
255,255,255,181,182
255,255,255,182,182
255,255,255,183,182
255,255,255,184,182
255,255,255,185,182
255,255,255,186,182
255,255,255,187,182
255,255,255,188,182
255,255,255,189,182
255,255,255,190,182
255,255,255,191,182
255,255,255,192,182
255,255,255,193,182
255,255,255,194,182
255,255,255,195,182
255,255,255,196,182
255,255,255,197,182
255,255,255,198,182
255,255,255,199,182
255,255,255,0,183
255,255,255,1,183
255,255,255,2,183
255,255,255,3,183
255,255,255,4,183
255,255,255,5,183
255,255,255,6,183
255,255,255,7,183
255,255,255,8,183
255,255,255,9,183
255,255,255,10,183
255,255,255,11,183
255,255,255,12,183
255,255,255,13,183
255,255,255,14,183
255,255,255,15,183
255,255,255,16,183
255,255,255,17,183
255,255,255,18,183
255,255,255,19,183
255,255,255,20,183
255,255,255,21,183
255,255,255,22,183
255,255,255,23,183
255,255,255,24,183
255,255,255,25,183
255,255,255,26,183
255,255,255,27,183
255,255,255,28,183
255,255,255,29,183
255,255,255,30,183
255,255,255,31,183
255,255,255,32,183
255,255,255,33,183
255,255,255,34,183
255,255,255,35,183
255,255,255,36,183
255,255,255,37,183
255,255,255,38,183
255,255,255,39,183
255,255,255,40,183
255,255,255,41,183
229,229,229,42,183
141,141,141,43,183
126,126,126,44,183
126,126,126,45,183
124,124,124,46,183
127,127,127,47,183
137,137,138,48,183
147,147,149,49,183
153,153,155,50,183
158,158,159,51,183
164,163,164,52,183
169,169,169,53,183
174,175,174,54,183
180,180,180,55,183
182,182,182,56,183
181,181,181,57,183
182,182,182,58,183
182,182,182,59,183
183,183,183,60,183
183,183,183,61,183
183,183,183,62,183
187,187,187,63,183
189,189,189,64,183
190,190,190,65,183
190,190,190,66,183
191,191,190,67,183
193,193,193,68,183
197,197,198,69,183
203,203,203,70,183
213,213,213,71,183
216,216,216,72,183
218,218,218,73,183
218,219,219,74,183
217,219,219,75,183
214,218,218,76,183
213,214,213,77,183
211,211,209,78,183
210,209,207,79,183
209,209,209,80,183
209,209,209,81,183
210,210,210,82,183
214,214,214,83,183
216,216,216,84,183
219,219,219,85,183
221,221,221,86,183
219,219,219,87,183
217,217,217,88,183
214,214,214,89,183
212,212,212,90,183
210,210,210,91,183
208,208,208,92,183
207,207,207,93,183
206,206,206,94,183
211,211,211,95,183
214,214,214,96,183
219,219,219,97,183
225,225,225,98,183
224,224,224,99,183
223,223,223,100,183
220,221,220,101,183
219,221,220,102,183
218,219,219,103,183
217,218,218,104,183
214,216,215,105,183
213,215,214,106,183
213,213,213,107,183
212,212,212,108,183
210,210,210,109,183
208,208,208,110,183
209,209,209,111,183
208,208,208,112,183
208,208,208,113,183
208,208,208,114,183
209,209,209,115,183
208,208,208,116,183
209,209,209,117,183
210,210,210,118,183
211,211,211,119,183
208,208,208,120,183
208,207,208,121,183
206,206,206,122,183
203,203,202,123,183
199,199,199,124,183
196,196,196,125,183
191,191,193,126,183
196,196,198,127,183
199,199,199,128,183
187,186,187,129,183
197,198,198,130,183
198,201,200,131,183
193,195,195,132,183
188,190,190,133,183
188,190,189,134,183
187,188,188,135,183
182,183,182,136,183
173,175,174,137,183
162,162,162,138,183
157,155,156,139,183
152,151,151,140,183
144,144,144,141,183
136,138,137,142,183
144,147,145,143,183
134,136,135,144,183
118,120,119,145,183
111,112,111,146,183
104,104,104,147,183
101,99,100,148,183
99,99,99,149,183
183,183,183,150,183
255,255,255,151,183
255,255,255,152,183
255,255,255,153,183
255,255,255,154,183
255,255,255,155,183
255,255,255,156,183
255,255,255,157,183
255,255,255,158,183
255,255,255,159,183
255,255,255,160,183
255,255,255,161,183
255,255,255,162,183
255,255,255,163,183
255,255,255,164,183
255,255,255,165,183
255,255,255,166,183
255,255,255,167,183
255,255,255,168,183
255,255,255,169,183
255,255,255,170,183
255,255,255,171,183
255,255,255,172,183
255,255,255,173,183
255,255,255,174,183
255,255,255,175,183
255,255,255,176,183
255,255,255,177,183
255,255,255,178,183
255,255,255,179,183
255,255,255,180,183
255,255,255,181,183
255,255,255,182,183
255,255,255,183,183
255,255,255,184,183
255,255,255,185,183
255,255,255,186,183
255,255,255,187,183
255,255,255,188,183
255,255,255,189,183
255,255,255,190,183
255,255,255,191,183
255,255,255,192,183
255,255,255,193,183
255,255,255,194,183
255,255,255,195,183
255,255,255,196,183
255,255,255,197,183
255,255,255,198,183
255,255,255,199,183
255,255,255,0,184
255,255,255,1,184
255,255,255,2,184
255,255,255,3,184
255,255,255,4,184
255,255,255,5,184
255,255,255,6,184
255,255,255,7,184
255,255,255,8,184
255,255,255,9,184
255,255,255,10,184
255,255,255,11,184
255,255,255,12,184
255,255,255,13,184
255,255,255,14,184
255,255,255,15,184
255,255,255,16,184
255,255,255,17,184
255,255,255,18,184
255,255,255,19,184
255,255,255,20,184
255,255,255,21,184
255,255,255,22,184
255,255,255,23,184
255,255,255,24,184
255,255,255,25,184
255,255,255,26,184
255,255,255,27,184
255,255,255,28,184
255,255,255,29,184
255,255,255,30,184
255,255,255,31,184
255,255,255,32,184
255,255,255,33,184
255,255,255,34,184
255,255,255,35,184
255,255,255,36,184
255,255,255,37,184
255,255,255,38,184
255,255,255,39,184
255,255,255,40,184
255,255,255,41,184
240,240,240,42,184
206,206,206,43,184
203,203,203,44,184
203,203,203,45,184
203,203,203,46,184
202,202,202,47,184
202,202,204,48,184
200,200,202,49,184
200,199,200,50,184
200,199,199,51,184
200,198,199,52,184
200,200,200,53,184
201,201,201,54,184
203,203,203,55,184
204,204,204,56,184
206,206,206,57,184
209,209,209,58,184
211,211,211,59,184
215,215,215,60,184
218,218,218,61,184
221,221,221,62,184
222,222,222,63,184
226,226,226,64,184
234,234,233,65,184
239,239,237,66,184
244,245,241,67,184
248,248,245,68,184
250,250,249,69,184
251,251,251,70,184
252,252,252,71,184
254,254,254,72,184
255,255,255,73,184
255,255,254,74,184
254,255,251,75,184
255,255,253,76,184
255,255,255,77,184
255,255,255,78,184
255,255,255,79,184
255,255,255,80,184
255,255,255,81,184
255,255,255,82,184
255,255,255,83,184
255,255,255,84,184
255,255,255,85,184
255,255,255,86,184
255,255,255,87,184
255,255,255,88,184
255,255,255,89,184
255,255,255,90,184
255,255,255,91,184
255,255,255,92,184
255,255,255,93,184
255,255,255,94,184
255,255,255,95,184
255,255,255,96,184
255,255,255,97,184
255,255,255,98,184
255,255,255,99,184
255,255,255,100,184
255,255,255,101,184
255,255,255,102,184
255,255,255,103,184
255,255,255,104,184
255,255,255,105,184
255,255,255,106,184
255,255,255,107,184
254,254,254,108,184
254,254,254,109,184
253,253,253,110,184
252,252,252,111,184
252,252,252,112,184
252,252,252,113,184
251,251,251,114,184
251,251,250,115,184
250,250,250,116,184
249,249,249,117,184
246,246,246,118,184
243,243,243,119,184
244,244,244,120,184
242,241,242,121,184
238,238,238,122,184
238,238,238,123,184
237,237,237,124,184
234,235,234,125,184
231,231,231,126,184
229,229,229,127,184
229,229,229,128,184
221,221,221,129,184
222,222,222,130,184
224,224,224,131,184
221,221,220,132,184
215,215,215,133,184
208,208,208,134,184
205,205,205,135,184
204,204,204,136,184
203,204,203,137,184
201,201,201,138,184
199,198,198,139,184
200,199,200,140,184
205,205,205,141,184
207,208,207,142,184
207,209,208,143,184
210,212,211,144,184
216,218,217,145,184
223,224,224,146,184
227,226,226,147,184
227,226,227,148,184
223,223,223,149,184
234,234,234,150,184
254,254,254,151,184
255,255,255,152,184
255,255,255,153,184
255,255,255,154,184
255,255,255,155,184
255,255,255,156,184
255,255,255,157,184
255,255,255,158,184
255,255,255,159,184
255,255,255,160,184
255,255,255,161,184
255,255,255,162,184
255,255,255,163,184
255,255,255,164,184
255,255,255,165,184
255,255,255,166,184
255,255,255,167,184
255,255,255,168,184
255,255,255,169,184
255,255,255,170,184
255,255,255,171,184
255,255,255,172,184
255,255,255,173,184
255,255,255,174,184
255,255,255,175,184
255,255,255,176,184
255,255,255,177,184
255,255,255,178,184
255,255,255,179,184
255,255,255,180,184
255,255,255,181,184
255,255,255,182,184
255,255,255,183,184
255,255,255,184,184
255,255,255,185,184
255,255,255,186,184
255,255,255,187,184
255,255,255,188,184
255,255,255,189,184
255,255,255,190,184
255,255,255,191,184
255,255,255,192,184
255,255,255,193,184
255,255,255,194,184
255,255,255,195,184
255,255,255,196,184
255,255,255,197,184
255,255,255,198,184
255,255,255,199,184
255,255,255,0,185
255,255,255,1,185
255,255,255,2,185
255,255,255,3,185
255,255,255,4,185
255,255,255,5,185
255,255,255,6,185
255,255,255,7,185
255,255,255,8,185
255,255,255,9,185
255,255,255,10,185
255,255,255,11,185
255,255,255,12,185
255,255,255,13,185
255,255,255,14,185
255,255,255,15,185
255,255,255,16,185
255,255,255,17,185
255,255,255,18,185
255,255,255,19,185
255,255,255,20,185
255,255,255,21,185
255,255,255,22,185
255,255,255,23,185
255,255,255,24,185
255,255,255,25,185
255,255,255,26,185
255,255,255,27,185
255,255,255,28,185
255,255,255,29,185
255,255,255,30,185
255,255,255,31,185
255,255,255,32,185
255,255,255,33,185
255,255,255,34,185
255,255,255,35,185
255,255,255,36,185
255,255,255,37,185
255,255,255,38,185
255,255,255,39,185
255,255,255,40,185
255,255,255,41,185
242,242,242,42,185
217,217,217,43,185
219,219,219,44,185
220,220,220,45,185
221,221,221,46,185
223,223,224,47,185
228,227,230,48,185
233,231,234,49,185
238,235,237,50,185
241,240,240,51,185
244,243,241,52,185
247,247,247,53,185
250,250,250,54,185
252,252,252,55,185
253,253,253,56,185
255,255,255,57,185
255,255,255,58,185
255,255,255,59,185
255,255,255,60,185
255,255,255,61,185
255,255,255,62,185
255,255,255,63,185
255,255,255,64,185
255,255,255,65,185
254,254,255,66,185
255,255,255,67,185
255,255,254,68,185
255,255,254,69,185
255,255,254,70,185
255,255,254,71,185
255,255,255,72,185
255,255,255,73,185
255,255,255,74,185
255,255,254,75,185
255,255,255,76,185
255,255,255,77,185
255,255,255,78,185
255,255,254,79,185
255,255,255,80,185
255,255,255,81,185
255,255,255,82,185
255,255,255,83,185
255,255,255,84,185
255,255,255,85,185
255,255,255,86,185
255,255,255,87,185
255,255,255,88,185
255,255,255,89,185
255,255,255,90,185
255,255,255,91,185
255,255,255,92,185
255,255,255,93,185
255,255,255,94,185
255,255,255,95,185
255,255,255,96,185
255,255,255,97,185
255,255,255,98,185
255,255,255,99,185
255,255,255,100,185
255,255,255,101,185
255,255,255,102,185
255,255,255,103,185
255,255,255,104,185
255,255,255,105,185
255,255,255,106,185
255,255,255,107,185
255,255,255,108,185
255,255,255,109,185
255,255,255,110,185
255,255,255,111,185
255,255,255,112,185
255,255,255,113,185
255,255,255,114,185
255,255,255,115,185
255,255,255,116,185
255,255,255,117,185
255,255,255,118,185
255,255,255,119,185
255,255,255,120,185
255,255,255,121,185
255,255,255,122,185
255,254,254,123,185
255,254,255,124,185
255,255,255,125,185
255,255,255,126,185
255,255,255,127,185
255,255,255,128,185
254,254,254,129,185
254,254,254,130,185
254,254,254,131,185
255,255,253,132,185
255,255,253,133,185
254,254,254,134,185
254,254,254,135,185
253,253,253,136,185
252,252,252,137,185
248,248,248,138,185
246,246,246,139,185
243,243,243,140,185
240,240,240,141,185
234,236,235,142,185
224,227,226,143,185
222,224,223,144,185
220,222,221,145,185
223,224,223,146,185
231,230,231,147,185
241,239,240,148,185
245,244,244,149,185
250,250,249,150,185
254,254,254,151,185
255,255,255,152,185
255,255,255,153,185
255,255,255,154,185
255,255,255,155,185
255,255,255,156,185
255,255,255,157,185
255,255,255,158,185
255,255,255,159,185
255,255,255,160,185
255,255,255,161,185
255,255,255,162,185
255,255,255,163,185
255,255,255,164,185
255,255,255,165,185
255,255,255,166,185
255,255,255,167,185
255,255,255,168,185
255,255,255,169,185
255,255,255,170,185
255,255,255,171,185
255,255,255,172,185
255,255,255,173,185
255,255,255,174,185
255,255,255,175,185
255,255,255,176,185
255,255,255,177,185
255,255,255,178,185
255,255,255,179,185
255,255,255,180,185
255,255,255,181,185
255,255,255,182,185
255,255,255,183,185
255,255,255,184,185
255,255,255,185,185
255,255,255,186,185
255,255,255,187,185
255,255,255,188,185
255,255,255,189,185
255,255,255,190,185
255,255,255,191,185
255,255,255,192,185
255,255,255,193,185
255,255,255,194,185
255,255,255,195,185
255,255,255,196,185
255,255,255,197,185
255,255,255,198,185
255,255,255,199,185
255,255,255,0,186
255,255,255,1,186
255,255,255,2,186
255,255,255,3,186
255,255,255,4,186
255,255,255,5,186
255,255,255,6,186
255,255,255,7,186
255,255,255,8,186
255,255,255,9,186
255,255,255,10,186
255,255,255,11,186
255,255,255,12,186
255,255,255,13,186
255,255,255,14,186
255,255,255,15,186
255,255,255,16,186
255,255,255,17,186
255,255,255,18,186
255,255,255,19,186
255,255,255,20,186
255,255,255,21,186
255,255,255,22,186
255,255,255,23,186
255,255,255,24,186
255,255,255,25,186
255,255,255,26,186
255,255,255,27,186
255,255,255,28,186
255,255,255,29,186
255,255,255,30,186
255,255,255,31,186
255,255,255,32,186
255,255,255,33,186
255,255,255,34,186
255,255,255,35,186
255,255,255,36,186
255,255,255,37,186
255,255,255,38,186
255,255,255,39,186
255,255,255,40,186
255,255,255,41,186
254,254,254,42,186
255,255,255,43,186
255,255,255,44,186
255,255,255,45,186
255,255,255,46,186
255,255,255,47,186
255,255,255,48,186
255,255,255,49,186
255,255,255,50,186
255,254,254,51,186
255,255,253,52,186
255,255,254,53,186
255,255,255,54,186
255,255,255,55,186
255,255,255,56,186
255,255,255,57,186
254,254,254,58,186
255,255,255,59,186
255,255,255,60,186
254,254,254,61,186
254,254,254,62,186
254,254,254,63,186
254,255,254,64,186
254,255,254,65,186
254,254,254,66,186
255,255,255,67,186
254,254,253,68,186
255,255,254,69,186
255,255,254,70,186
255,255,254,71,186
255,255,255,72,186
254,254,254,73,186
254,254,254,74,186
254,254,254,75,186
254,254,254,76,186
255,255,255,77,186
255,255,255,78,186
255,255,255,79,186
255,255,255,80,186
255,255,255,81,186
255,255,255,82,186
255,255,255,83,186
255,255,255,84,186
255,255,255,85,186
255,255,255,86,186
255,255,255,87,186
255,255,255,88,186
255,255,255,89,186
255,255,255,90,186
255,255,255,91,186
255,255,255,92,186
255,255,255,93,186
255,255,255,94,186
255,255,255,95,186
255,255,255,96,186
255,255,255,97,186
255,255,255,98,186
255,255,255,99,186
255,255,255,100,186
255,255,255,101,186
255,255,255,102,186
255,255,255,103,186
255,255,255,104,186
255,255,255,105,186
255,255,255,106,186
255,255,255,107,186
255,255,255,108,186
255,255,255,109,186
255,255,255,110,186
255,255,255,111,186
255,255,255,112,186
255,255,255,113,186
255,255,255,114,186
255,255,255,115,186
255,255,255,116,186
254,254,254,117,186
254,254,254,118,186
255,255,255,119,186
255,255,255,120,186
255,255,255,121,186
255,255,255,122,186
254,254,254,123,186
255,253,254,124,186
254,254,254,125,186
254,254,254,126,186
254,254,254,127,186
254,254,254,128,186
254,254,254,129,186
254,254,254,130,186
254,254,254,131,186
255,255,253,132,186
254,254,253,133,186
254,254,254,134,186
255,255,255,135,186
255,255,255,136,186
255,255,255,137,186
254,254,254,138,186
254,254,254,139,186
255,255,255,140,186
255,255,255,141,186
254,255,255,142,186
252,254,254,143,186
253,255,254,144,186
253,254,253,145,186
250,251,251,146,186
251,250,251,147,186
252,251,252,148,186
253,252,252,149,186
253,253,253,150,186
254,254,254,151,186
255,255,255,152,186
255,255,255,153,186
255,255,255,154,186
255,255,255,155,186
255,255,255,156,186
255,255,255,157,186
255,255,255,158,186
255,255,255,159,186
255,255,255,160,186
255,255,255,161,186
255,255,255,162,186
255,255,255,163,186
255,255,255,164,186
255,255,255,165,186
255,255,255,166,186
255,255,255,167,186
255,255,255,168,186
255,255,255,169,186
255,255,255,170,186
255,255,255,171,186
255,255,255,172,186
255,255,255,173,186
255,255,255,174,186
255,255,255,175,186
255,255,255,176,186
255,255,255,177,186
255,255,255,178,186
255,255,255,179,186
255,255,255,180,186
255,255,255,181,186
255,255,255,182,186
255,255,255,183,186
255,255,255,184,186
255,255,255,185,186
255,255,255,186,186
255,255,255,187,186
255,255,255,188,186
255,255,255,189,186
255,255,255,190,186
255,255,255,191,186
255,255,255,192,186
255,255,255,193,186
255,255,255,194,186
255,255,255,195,186
255,255,255,196,186
255,255,255,197,186
255,255,255,198,186
255,255,255,199,186
255,255,255,0,187
255,255,255,1,187
255,255,255,2,187
255,255,255,3,187
255,255,255,4,187
255,255,255,5,187
255,255,255,6,187
255,255,255,7,187
255,255,255,8,187
255,255,255,9,187
255,255,255,10,187
255,255,255,11,187
255,255,255,12,187
255,255,255,13,187
255,255,255,14,187
255,255,255,15,187
255,255,255,16,187
255,255,255,17,187
255,255,255,18,187
255,255,255,19,187
255,255,255,20,187
255,255,255,21,187
255,255,255,22,187
255,255,255,23,187
255,255,255,24,187
255,255,255,25,187
255,255,255,26,187
255,255,255,27,187
255,255,255,28,187
255,255,255,29,187
255,255,255,30,187
255,255,255,31,187
255,255,255,32,187
255,255,255,33,187
255,255,255,34,187
255,255,255,35,187
255,255,255,36,187
255,255,255,37,187
255,255,255,38,187
255,255,255,39,187
255,255,255,40,187
255,255,255,41,187
255,255,255,42,187
255,255,255,43,187
255,255,255,44,187
255,255,255,45,187
255,255,255,46,187
255,255,255,47,187
255,255,255,48,187
255,255,254,49,187
254,255,255,50,187
255,255,255,51,187
255,255,255,52,187
255,255,255,53,187
255,255,255,54,187
255,255,255,55,187
255,255,255,56,187
255,255,255,57,187
255,255,255,58,187
255,255,255,59,187
255,255,255,60,187
255,255,255,61,187
255,255,255,62,187
255,255,255,63,187
255,255,255,64,187
255,255,255,65,187
255,255,255,66,187
255,255,255,67,187
255,255,255,68,187
255,255,255,69,187
255,255,255,70,187
255,255,255,71,187
255,255,255,72,187
255,255,255,73,187
255,255,255,74,187
255,255,255,75,187
255,255,255,76,187
255,255,255,77,187
255,255,255,78,187
255,255,255,79,187
255,255,255,80,187
255,255,255,81,187
255,255,255,82,187
255,255,255,83,187
255,255,255,84,187
255,255,255,85,187
255,255,255,86,187
255,255,255,87,187
255,255,255,88,187
255,255,255,89,187
255,255,255,90,187
255,255,255,91,187
255,255,255,92,187
255,255,255,93,187
255,255,255,94,187
255,255,255,95,187
255,255,255,96,187
255,255,255,97,187
255,255,255,98,187
255,255,255,99,187
255,255,255,100,187
255,255,255,101,187
255,255,255,102,187
255,255,255,103,187
255,255,255,104,187
255,255,255,105,187
255,255,255,106,187
255,255,255,107,187
255,255,255,108,187
255,255,255,109,187
255,255,255,110,187
255,255,255,111,187
255,255,255,112,187
255,255,255,113,187
255,255,255,114,187
255,255,255,115,187
255,255,255,116,187
255,255,255,117,187
255,255,255,118,187
255,255,255,119,187
255,255,255,120,187
255,255,255,121,187
255,255,255,122,187
255,255,255,123,187
255,255,255,124,187
255,255,255,125,187
255,255,255,126,187
255,255,255,127,187
255,255,255,128,187
255,255,255,129,187
255,255,255,130,187
255,255,255,131,187
255,255,254,132,187
255,255,255,133,187
255,255,255,134,187
255,255,255,135,187
255,255,255,136,187
255,255,255,137,187
255,255,255,138,187
255,255,255,139,187
255,255,255,140,187
255,255,255,141,187
255,255,255,142,187
255,255,255,143,187
255,255,255,144,187
255,255,255,145,187
255,255,255,146,187
255,255,255,147,187
255,255,255,148,187
255,255,255,149,187
255,255,255,150,187
255,255,255,151,187
255,255,255,152,187
255,255,255,153,187
255,255,255,154,187
255,255,255,155,187
255,255,255,156,187
255,255,255,157,187
255,255,255,158,187
255,255,255,159,187
255,255,255,160,187
255,255,255,161,187
255,255,255,162,187
255,255,255,163,187
255,255,255,164,187
255,255,255,165,187
255,255,255,166,187
255,255,255,167,187
255,255,255,168,187
255,255,255,169,187
255,255,255,170,187
255,255,255,171,187
255,255,255,172,187
255,255,255,173,187
255,255,255,174,187
255,255,255,175,187
255,255,255,176,187
255,255,255,177,187
255,255,255,178,187
255,255,255,179,187
255,255,255,180,187
255,255,255,181,187
255,255,255,182,187
255,255,255,183,187
255,255,255,184,187
255,255,255,185,187
255,255,255,186,187
255,255,255,187,187
255,255,255,188,187
255,255,255,189,187
255,255,255,190,187
255,255,255,191,187
255,255,255,192,187
255,255,255,193,187
255,255,255,194,187
255,255,255,195,187
255,255,255,196,187
255,255,255,197,187
255,255,255,198,187
255,255,255,199,187
255,255,255,0,188
255,255,255,1,188
255,255,255,2,188
255,255,255,3,188
255,255,255,4,188
255,255,255,5,188
255,255,255,6,188
255,255,255,7,188
255,255,255,8,188
255,255,255,9,188
255,255,255,10,188
255,255,255,11,188
255,255,255,12,188
255,255,255,13,188
255,255,255,14,188
255,255,255,15,188
255,255,255,16,188
255,255,255,17,188
255,255,255,18,188
255,255,255,19,188
255,255,255,20,188
255,255,255,21,188
255,255,255,22,188
255,255,255,23,188
255,255,255,24,188
255,255,255,25,188
255,255,255,26,188
255,255,255,27,188
255,255,255,28,188
255,255,255,29,188
255,255,255,30,188
255,255,255,31,188
255,255,255,32,188
255,255,255,33,188
255,255,255,34,188
255,255,255,35,188
255,255,255,36,188
255,255,255,37,188
255,255,255,38,188
255,255,255,39,188
255,255,255,40,188
255,255,255,41,188
255,255,255,42,188
255,255,255,43,188
255,255,255,44,188
255,255,255,45,188
255,255,255,46,188
255,255,255,47,188
255,255,255,48,188
255,255,255,49,188
255,255,255,50,188
255,255,255,51,188
255,255,255,52,188
255,255,255,53,188
255,255,255,54,188
255,255,255,55,188
255,255,255,56,188
255,255,255,57,188
255,255,255,58,188
255,255,255,59,188
255,255,255,60,188
255,255,255,61,188
255,255,255,62,188
255,255,255,63,188
255,255,255,64,188
255,255,255,65,188
255,255,255,66,188
255,255,255,67,188
255,255,255,68,188
255,255,255,69,188
255,255,255,70,188
255,255,255,71,188
255,255,255,72,188
255,255,255,73,188
255,255,255,74,188
255,255,255,75,188
255,255,255,76,188
255,255,255,77,188
255,255,255,78,188
255,255,255,79,188
255,255,255,80,188
255,255,255,81,188
255,255,255,82,188
255,255,255,83,188
255,255,255,84,188
255,255,255,85,188
255,255,255,86,188
255,255,255,87,188
255,255,255,88,188
255,255,255,89,188
255,255,255,90,188
255,255,255,91,188
255,255,255,92,188
255,255,255,93,188
255,255,255,94,188
255,255,255,95,188
255,255,255,96,188
255,255,255,97,188
255,255,255,98,188
255,255,255,99,188
255,255,255,100,188
255,255,255,101,188
255,255,255,102,188
255,255,255,103,188
255,255,255,104,188
255,255,255,105,188
255,255,255,106,188
255,255,255,107,188
255,255,255,108,188
255,255,255,109,188
255,255,255,110,188
255,255,255,111,188
255,255,255,112,188
255,255,255,113,188
255,255,255,114,188
255,255,255,115,188
255,255,255,116,188
255,255,255,117,188
255,255,255,118,188
255,255,255,119,188
255,255,255,120,188
255,255,255,121,188
255,255,255,122,188
255,255,255,123,188
255,255,255,124,188
255,255,255,125,188
255,255,255,126,188
255,255,255,127,188
255,255,255,128,188
255,255,255,129,188
255,255,255,130,188
255,255,255,131,188
255,255,255,132,188
255,255,255,133,188
255,255,255,134,188
255,255,255,135,188
255,255,255,136,188
255,255,255,137,188
255,255,255,138,188
255,255,255,139,188
255,255,255,140,188
255,255,255,141,188
255,255,255,142,188
255,255,255,143,188
255,255,255,144,188
255,255,255,145,188
255,255,255,146,188
255,255,255,147,188
255,255,255,148,188
255,255,255,149,188
255,255,255,150,188
255,255,255,151,188
255,255,255,152,188
255,255,255,153,188
255,255,255,154,188
255,255,255,155,188
255,255,255,156,188
255,255,255,157,188
255,255,255,158,188
255,255,255,159,188
255,255,255,160,188
255,255,255,161,188
255,255,255,162,188
255,255,255,163,188
255,255,255,164,188
255,255,255,165,188
255,255,255,166,188
255,255,255,167,188
255,255,255,168,188
255,255,255,169,188
255,255,255,170,188
255,255,255,171,188
255,255,255,172,188
255,255,255,173,188
255,255,255,174,188
255,255,255,175,188
255,255,255,176,188
255,255,255,177,188
255,255,255,178,188
255,255,255,179,188
255,255,255,180,188
255,255,255,181,188
255,255,255,182,188
255,255,255,183,188
255,255,255,184,188
255,255,255,185,188
255,255,255,186,188
255,255,255,187,188
255,255,255,188,188
255,255,255,189,188
255,255,255,190,188
255,255,255,191,188
255,255,255,192,188
255,255,255,193,188
255,255,255,194,188
255,255,255,195,188
255,255,255,196,188
255,255,255,197,188
255,255,255,198,188
255,255,255,199,188
255,255,255,0,189
255,255,255,1,189
255,255,255,2,189
255,255,255,3,189
255,255,255,4,189
255,255,255,5,189
255,255,255,6,189
255,255,255,7,189
255,255,255,8,189
255,255,255,9,189
255,255,255,10,189
255,255,255,11,189
255,255,255,12,189
255,255,255,13,189
255,255,255,14,189
255,255,255,15,189
255,255,255,16,189
255,255,255,17,189
255,255,255,18,189
255,255,255,19,189
255,255,255,20,189
255,255,255,21,189
255,255,255,22,189
255,255,255,23,189
255,255,255,24,189
255,255,255,25,189
255,255,255,26,189
255,255,255,27,189
255,255,255,28,189
255,255,255,29,189
255,255,255,30,189
255,255,255,31,189
255,255,255,32,189
255,255,255,33,189
255,255,255,34,189
255,255,255,35,189
255,255,255,36,189
255,255,255,37,189
255,255,255,38,189
255,255,255,39,189
255,255,255,40,189
255,255,255,41,189
255,255,255,42,189
255,255,255,43,189
255,255,255,44,189
255,255,255,45,189
255,255,255,46,189
255,255,255,47,189
255,255,255,48,189
255,255,255,49,189
255,255,255,50,189
255,255,255,51,189
255,255,255,52,189
255,255,255,53,189
255,255,255,54,189
255,255,255,55,189
255,255,255,56,189
255,255,255,57,189
255,255,255,58,189
255,255,255,59,189
255,255,255,60,189
255,255,255,61,189
255,255,255,62,189
255,255,255,63,189
255,255,255,64,189
255,255,255,65,189
255,255,255,66,189
255,255,255,67,189
255,255,255,68,189
255,255,255,69,189
255,255,255,70,189
255,255,255,71,189
255,255,255,72,189
255,255,255,73,189
255,255,255,74,189
255,255,255,75,189
255,255,255,76,189
255,255,255,77,189
255,255,255,78,189
255,255,255,79,189
255,255,255,80,189
255,255,255,81,189
255,255,255,82,189
255,255,255,83,189
255,255,255,84,189
255,255,255,85,189
255,255,255,86,189
255,255,255,87,189
255,255,255,88,189
255,255,255,89,189
255,255,255,90,189
255,255,255,91,189
255,255,255,92,189
255,255,255,93,189
255,255,255,94,189
255,255,255,95,189
255,255,255,96,189
255,255,255,97,189
255,255,255,98,189
255,255,255,99,189
255,255,255,100,189
255,255,255,101,189
255,255,255,102,189
255,255,255,103,189
255,255,255,104,189
255,255,255,105,189
255,255,255,106,189
255,255,255,107,189
255,255,255,108,189
255,255,255,109,189
255,255,255,110,189
255,255,255,111,189
255,255,255,112,189
255,255,255,113,189
255,255,255,114,189
255,255,255,115,189
255,255,255,116,189
255,255,255,117,189
255,255,255,118,189
255,255,255,119,189
255,255,255,120,189
255,255,255,121,189
255,255,255,122,189
255,255,255,123,189
255,255,255,124,189
255,255,255,125,189
255,255,255,126,189
255,255,255,127,189
255,255,255,128,189
255,255,255,129,189
255,255,255,130,189
255,255,255,131,189
255,255,255,132,189
255,255,255,133,189
255,255,255,134,189
255,255,255,135,189
255,255,255,136,189
255,255,255,137,189
255,255,255,138,189
255,255,255,139,189
255,255,255,140,189
255,255,255,141,189
255,255,255,142,189
255,255,255,143,189
255,255,255,144,189
255,255,255,145,189
255,255,255,146,189
255,255,255,147,189
255,255,255,148,189
255,255,255,149,189
255,255,255,150,189
255,255,255,151,189
255,255,255,152,189
255,255,255,153,189
255,255,255,154,189
255,255,255,155,189
255,255,255,156,189
255,255,255,157,189
255,255,255,158,189
255,255,255,159,189
255,255,255,160,189
255,255,255,161,189
255,255,255,162,189
255,255,255,163,189
255,255,255,164,189
255,255,255,165,189
255,255,255,166,189
255,255,255,167,189
255,255,255,168,189
255,255,255,169,189
255,255,255,170,189
255,255,255,171,189
255,255,255,172,189
255,255,255,173,189
255,255,255,174,189
255,255,255,175,189
255,255,255,176,189
255,255,255,177,189
255,255,255,178,189
255,255,255,179,189
255,255,255,180,189
255,255,255,181,189
255,255,255,182,189
255,255,255,183,189
255,255,255,184,189
255,255,255,185,189
255,255,255,186,189
255,255,255,187,189
255,255,255,188,189
255,255,255,189,189
255,255,255,190,189
255,255,255,191,189
255,255,255,192,189
255,255,255,193,189
255,255,255,194,189
255,255,255,195,189
255,255,255,196,189
255,255,255,197,189
255,255,255,198,189
255,255,255,199,189
255,255,255,0,190
255,255,255,1,190
255,255,255,2,190
255,255,255,3,190
255,255,255,4,190
255,255,255,5,190
255,255,255,6,190
255,255,255,7,190
255,255,255,8,190
255,255,255,9,190
255,255,255,10,190
255,255,255,11,190
255,255,255,12,190
255,255,255,13,190
255,255,255,14,190
255,255,255,15,190
255,255,255,16,190
255,255,255,17,190
255,255,255,18,190
255,255,255,19,190
255,255,255,20,190
255,255,255,21,190
255,255,255,22,190
255,255,255,23,190
255,255,255,24,190
255,255,255,25,190
255,255,255,26,190
255,255,255,27,190
255,255,255,28,190
255,255,255,29,190
255,255,255,30,190
255,255,255,31,190
255,255,255,32,190
255,255,255,33,190
255,255,255,34,190
255,255,255,35,190
255,255,255,36,190
255,255,255,37,190
255,255,255,38,190
255,255,255,39,190
255,255,255,40,190
255,255,255,41,190
255,255,255,42,190
255,255,255,43,190
255,255,255,44,190
255,255,255,45,190
255,255,255,46,190
255,255,255,47,190
255,255,255,48,190
255,255,255,49,190
255,255,255,50,190
255,255,255,51,190
255,255,255,52,190
255,255,255,53,190
255,255,255,54,190
255,255,255,55,190
255,255,255,56,190
255,255,255,57,190
255,255,255,58,190
255,255,255,59,190
255,255,255,60,190
255,255,255,61,190
255,255,255,62,190
255,255,255,63,190
255,255,255,64,190
255,255,255,65,190
255,255,255,66,190
255,255,255,67,190
255,255,255,68,190
255,255,255,69,190
255,255,255,70,190
255,255,255,71,190
255,255,255,72,190
255,255,255,73,190
255,255,255,74,190
255,255,255,75,190
255,255,255,76,190
255,255,255,77,190
255,255,255,78,190
255,255,255,79,190
255,255,255,80,190
255,255,255,81,190
255,255,255,82,190
255,255,255,83,190
255,255,255,84,190
255,255,255,85,190
255,255,255,86,190
255,255,255,87,190
255,255,255,88,190
255,255,255,89,190
255,255,255,90,190
255,255,255,91,190
255,255,255,92,190
255,255,255,93,190
255,255,255,94,190
255,255,255,95,190
255,255,255,96,190
255,255,255,97,190
255,255,255,98,190
255,255,255,99,190
255,255,255,100,190
255,255,255,101,190
255,255,255,102,190
255,255,255,103,190
255,255,255,104,190
255,255,255,105,190
255,255,255,106,190
255,255,255,107,190
255,255,255,108,190
255,255,255,109,190
255,255,255,110,190
255,255,255,111,190
255,255,255,112,190
255,255,255,113,190
255,255,255,114,190
255,255,255,115,190
255,255,255,116,190
255,255,255,117,190
255,255,255,118,190
255,255,255,119,190
255,255,255,120,190
255,255,255,121,190
255,255,255,122,190
255,255,255,123,190
255,255,255,124,190
255,255,255,125,190
255,255,255,126,190
255,255,255,127,190
255,255,255,128,190
255,255,255,129,190
255,255,255,130,190
255,255,255,131,190
255,255,255,132,190
255,255,255,133,190
255,255,255,134,190
255,255,255,135,190
255,255,255,136,190
255,255,255,137,190
255,255,255,138,190
255,255,255,139,190
255,255,255,140,190
255,255,255,141,190
255,255,255,142,190
255,255,255,143,190
255,255,255,144,190
255,255,255,145,190
255,255,255,146,190
255,255,255,147,190
255,255,255,148,190
255,255,255,149,190
255,255,255,150,190
255,255,255,151,190
255,255,255,152,190
255,255,255,153,190
255,255,255,154,190
255,255,255,155,190
255,255,255,156,190
255,255,255,157,190
255,255,255,158,190
255,255,255,159,190
255,255,255,160,190
255,255,255,161,190
255,255,255,162,190
255,255,255,163,190
255,255,255,164,190
255,255,255,165,190
255,255,255,166,190
255,255,255,167,190
255,255,255,168,190
255,255,255,169,190
255,255,255,170,190
255,255,255,171,190
255,255,255,172,190
255,255,255,173,190
255,255,255,174,190
255,255,255,175,190
255,255,255,176,190
255,255,255,177,190
255,255,255,178,190
255,255,255,179,190
255,255,255,180,190
255,255,255,181,190
255,255,255,182,190
255,255,255,183,190
255,255,255,184,190
255,255,255,185,190
255,255,255,186,190
255,255,255,187,190
255,255,255,188,190
255,255,255,189,190
255,255,255,190,190
255,255,255,191,190
255,255,255,192,190
255,255,255,193,190
255,255,255,194,190
255,255,255,195,190
255,255,255,196,190
255,255,255,197,190
255,255,255,198,190
255,255,255,199,190
255,255,255,0,191
255,255,255,1,191
255,255,255,2,191
255,255,255,3,191
255,255,255,4,191
255,255,255,5,191
255,255,255,6,191
255,255,255,7,191
255,255,255,8,191
255,255,255,9,191
255,255,255,10,191
255,255,255,11,191
255,255,255,12,191
255,255,255,13,191
255,255,255,14,191
255,255,255,15,191
255,255,255,16,191
255,255,255,17,191
255,255,255,18,191
255,255,255,19,191
255,255,255,20,191
255,255,255,21,191
255,255,255,22,191
255,255,255,23,191
255,255,255,24,191
255,255,255,25,191
255,255,255,26,191
255,255,255,27,191
255,255,255,28,191
255,255,255,29,191
255,255,255,30,191
255,255,255,31,191
255,255,255,32,191
255,255,255,33,191
255,255,255,34,191
255,255,255,35,191
255,255,255,36,191
255,255,255,37,191
255,255,255,38,191
255,255,255,39,191
255,255,255,40,191
255,255,255,41,191
255,255,255,42,191
255,255,255,43,191
255,255,255,44,191
255,255,255,45,191
255,255,255,46,191
255,255,255,47,191
255,255,255,48,191
255,255,255,49,191
255,255,255,50,191
255,255,255,51,191
255,255,255,52,191
255,255,255,53,191
255,255,255,54,191
255,255,255,55,191
255,255,255,56,191
255,255,255,57,191
255,255,255,58,191
255,255,255,59,191
255,255,255,60,191
255,255,255,61,191
255,255,255,62,191
255,255,255,63,191
255,255,255,64,191
255,255,255,65,191
255,255,255,66,191
255,255,255,67,191
255,255,255,68,191
255,255,255,69,191
255,255,255,70,191
255,255,255,71,191
255,255,255,72,191
255,255,255,73,191
255,255,255,74,191
255,255,255,75,191
255,255,255,76,191
255,255,255,77,191
255,255,255,78,191
255,255,255,79,191
255,255,255,80,191
255,255,255,81,191
255,255,255,82,191
255,255,255,83,191
255,255,255,84,191
255,255,255,85,191
255,255,255,86,191
255,255,255,87,191
255,255,255,88,191
255,255,255,89,191
255,255,255,90,191
255,255,255,91,191
255,255,255,92,191
255,255,255,93,191
255,255,255,94,191
255,255,255,95,191
255,255,255,96,191
255,255,255,97,191
255,255,255,98,191
255,255,255,99,191
255,255,255,100,191
255,255,255,101,191
255,255,255,102,191
255,255,255,103,191
255,255,255,104,191
255,255,255,105,191
255,255,255,106,191
255,255,255,107,191
255,255,255,108,191
255,255,255,109,191
255,255,255,110,191
255,255,255,111,191
255,255,255,112,191
255,255,255,113,191
255,255,255,114,191
255,255,255,115,191
255,255,255,116,191
255,255,255,117,191
255,255,255,118,191
255,255,255,119,191
255,255,255,120,191
255,255,255,121,191
255,255,255,122,191
255,255,255,123,191
255,255,255,124,191
255,255,255,125,191
255,255,255,126,191
255,255,255,127,191
255,255,255,128,191
255,255,255,129,191
255,255,255,130,191
255,255,255,131,191
255,255,255,132,191
255,255,255,133,191
255,255,255,134,191
255,255,255,135,191
255,255,255,136,191
255,255,255,137,191
255,255,255,138,191
255,255,255,139,191
255,255,255,140,191
255,255,255,141,191
255,255,255,142,191
255,255,255,143,191
255,255,255,144,191
255,255,255,145,191
255,255,255,146,191
255,255,255,147,191
255,255,255,148,191
255,255,255,149,191
255,255,255,150,191
255,255,255,151,191
255,255,255,152,191
255,255,255,153,191
255,255,255,154,191
255,255,255,155,191
255,255,255,156,191
255,255,255,157,191
255,255,255,158,191
255,255,255,159,191
255,255,255,160,191
255,255,255,161,191
255,255,255,162,191
255,255,255,163,191
255,255,255,164,191
255,255,255,165,191
255,255,255,166,191
255,255,255,167,191
255,255,255,168,191
255,255,255,169,191
255,255,255,170,191
255,255,255,171,191
255,255,255,172,191
255,255,255,173,191
255,255,255,174,191
255,255,255,175,191
255,255,255,176,191
255,255,255,177,191
255,255,255,178,191
255,255,255,179,191
255,255,255,180,191
255,255,255,181,191
255,255,255,182,191
255,255,255,183,191
255,255,255,184,191
255,255,255,185,191
255,255,255,186,191
255,255,255,187,191
255,255,255,188,191
255,255,255,189,191
255,255,255,190,191
255,255,255,191,191
255,255,255,192,191
255,255,255,193,191
255,255,255,194,191
255,255,255,195,191
255,255,255,196,191
255,255,255,197,191
255,255,255,198,191
255,255,255,199,191
255,255,255,0,192
255,255,255,1,192
255,255,255,2,192
255,255,255,3,192
255,255,255,4,192
255,255,255,5,192
255,255,255,6,192
255,255,255,7,192
255,255,255,8,192
255,255,255,9,192
255,255,255,10,192
255,255,255,11,192
255,255,255,12,192
255,255,255,13,192
255,255,255,14,192
255,255,255,15,192
255,255,255,16,192
255,255,255,17,192
255,255,255,18,192
255,255,255,19,192
255,255,255,20,192
255,255,255,21,192
255,255,255,22,192
255,255,255,23,192
255,255,255,24,192
255,255,255,25,192
255,255,255,26,192
255,255,255,27,192
255,255,255,28,192
255,255,255,29,192
255,255,255,30,192
255,255,255,31,192
255,255,255,32,192
255,255,255,33,192
255,255,255,34,192
255,255,255,35,192
255,255,255,36,192
255,255,255,37,192
255,255,255,38,192
255,255,255,39,192
255,255,255,40,192
255,255,255,41,192
255,255,255,42,192
255,255,255,43,192
255,255,255,44,192
255,255,255,45,192
255,255,255,46,192
255,255,255,47,192
255,255,255,48,192
255,255,255,49,192
255,255,255,50,192
255,255,255,51,192
255,255,255,52,192
255,255,255,53,192
255,255,255,54,192
255,255,255,55,192
255,255,255,56,192
255,255,255,57,192
255,255,255,58,192
255,255,255,59,192
255,255,255,60,192
255,255,255,61,192
255,255,255,62,192
255,255,255,63,192
255,255,255,64,192
255,255,255,65,192
255,255,255,66,192
255,255,255,67,192
255,255,255,68,192
255,255,255,69,192
255,255,255,70,192
255,255,255,71,192
255,255,255,72,192
255,255,255,73,192
255,255,255,74,192
255,255,255,75,192
255,255,255,76,192
255,255,255,77,192
255,255,255,78,192
255,255,255,79,192
255,255,255,80,192
255,255,255,81,192
255,255,255,82,192
255,255,255,83,192
255,255,255,84,192
255,255,255,85,192
255,255,255,86,192
255,255,255,87,192
255,255,255,88,192
255,255,255,89,192
255,255,255,90,192
255,255,255,91,192
255,255,255,92,192
255,255,255,93,192
255,255,255,94,192
255,255,255,95,192
255,255,255,96,192
255,255,255,97,192
255,255,255,98,192
255,255,255,99,192
255,255,255,100,192
255,255,255,101,192
255,255,255,102,192
255,255,255,103,192
255,255,255,104,192
255,255,255,105,192
255,255,255,106,192
255,255,255,107,192
255,255,255,108,192
255,255,255,109,192
255,255,255,110,192
255,255,255,111,192
255,255,255,112,192
255,255,255,113,192
255,255,255,114,192
255,255,255,115,192
255,255,255,116,192
255,255,255,117,192
255,255,255,118,192
255,255,255,119,192
255,255,255,120,192
255,255,255,121,192
255,255,255,122,192
255,255,255,123,192
255,255,255,124,192
255,255,255,125,192
255,255,255,126,192
255,255,255,127,192
255,255,255,128,192
255,255,255,129,192
255,255,255,130,192
255,255,255,131,192
255,255,255,132,192
255,255,255,133,192
255,255,255,134,192
255,255,255,135,192
255,255,255,136,192
255,255,255,137,192
255,255,255,138,192
255,255,255,139,192
255,255,255,140,192
255,255,255,141,192
255,255,255,142,192
255,255,255,143,192
255,255,255,144,192
255,255,255,145,192
255,255,255,146,192
255,255,255,147,192
255,255,255,148,192
255,255,255,149,192
255,255,255,150,192
255,255,255,151,192
255,255,255,152,192
255,255,255,153,192
255,255,255,154,192
255,255,255,155,192
255,255,255,156,192
255,255,255,157,192
255,255,255,158,192
255,255,255,159,192
255,255,255,160,192
255,255,255,161,192
255,255,255,162,192
255,255,255,163,192
255,255,255,164,192
255,255,255,165,192
255,255,255,166,192
255,255,255,167,192
255,255,255,168,192
255,255,255,169,192
255,255,255,170,192
255,255,255,171,192
255,255,255,172,192
255,255,255,173,192
255,255,255,174,192
255,255,255,175,192
255,255,255,176,192
255,255,255,177,192
255,255,255,178,192
255,255,255,179,192
255,255,255,180,192
255,255,255,181,192
255,255,255,182,192
255,255,255,183,192
255,255,255,184,192
255,255,255,185,192
255,255,255,186,192
255,255,255,187,192
255,255,255,188,192
255,255,255,189,192
255,255,255,190,192
255,255,255,191,192
255,255,255,192,192
255,255,255,193,192
255,255,255,194,192
255,255,255,195,192
255,255,255,196,192
255,255,255,197,192
255,255,255,198,192
255,255,255,199,192
255,255,255,0,193
255,255,255,1,193
255,255,255,2,193
255,255,255,3,193
255,255,255,4,193
255,255,255,5,193
255,255,255,6,193
255,255,255,7,193
255,255,255,8,193
255,255,255,9,193
255,255,255,10,193
255,255,255,11,193
255,255,255,12,193
255,255,255,13,193
255,255,255,14,193
255,255,255,15,193
255,255,255,16,193
255,255,255,17,193
255,255,255,18,193
255,255,255,19,193
255,255,255,20,193
255,255,255,21,193
255,255,255,22,193
255,255,255,23,193
255,255,255,24,193
255,255,255,25,193
255,255,255,26,193
255,255,255,27,193
255,255,255,28,193
255,255,255,29,193
255,255,255,30,193
255,255,255,31,193
255,255,255,32,193
255,255,255,33,193
255,255,255,34,193
255,255,255,35,193
255,255,255,36,193
255,255,255,37,193
255,255,255,38,193
255,255,255,39,193
255,255,255,40,193
255,255,255,41,193
255,255,255,42,193
255,255,255,43,193
255,255,255,44,193
255,255,255,45,193
255,255,255,46,193
255,255,255,47,193
255,255,255,48,193
255,255,255,49,193
255,255,255,50,193
255,255,255,51,193
255,255,255,52,193
255,255,255,53,193
255,255,255,54,193
255,255,255,55,193
255,255,255,56,193
255,255,255,57,193
255,255,255,58,193
255,255,255,59,193
255,255,255,60,193
255,255,255,61,193
255,255,255,62,193
255,255,255,63,193
255,255,255,64,193
255,255,255,65,193
255,255,255,66,193
255,255,255,67,193
255,255,255,68,193
255,255,255,69,193
255,255,255,70,193
255,255,255,71,193
255,255,255,72,193
255,255,255,73,193
255,255,255,74,193
255,255,255,75,193
255,255,255,76,193
255,255,255,77,193
255,255,255,78,193
255,255,255,79,193
255,255,255,80,193
255,255,255,81,193
255,255,255,82,193
255,255,255,83,193
255,255,255,84,193
255,255,255,85,193
255,255,255,86,193
255,255,255,87,193
255,255,255,88,193
255,255,255,89,193
255,255,255,90,193
255,255,255,91,193
255,255,255,92,193
255,255,255,93,193
255,255,255,94,193
255,255,255,95,193
255,255,255,96,193
255,255,255,97,193
255,255,255,98,193
255,255,255,99,193
255,255,255,100,193
255,255,255,101,193
255,255,255,102,193
255,255,255,103,193
255,255,255,104,193
255,255,255,105,193
255,255,255,106,193
255,255,255,107,193
255,255,255,108,193
255,255,255,109,193
255,255,255,110,193
255,255,255,111,193
255,255,255,112,193
255,255,255,113,193
255,255,255,114,193
255,255,255,115,193
255,255,255,116,193
255,255,255,117,193
255,255,255,118,193
255,255,255,119,193
255,255,255,120,193
255,255,255,121,193
255,255,255,122,193
255,255,255,123,193
255,255,255,124,193
255,255,255,125,193
255,255,255,126,193
255,255,255,127,193
255,255,255,128,193
255,255,255,129,193
255,255,255,130,193
255,255,255,131,193
255,255,255,132,193
255,255,255,133,193
255,255,255,134,193
255,255,255,135,193
255,255,255,136,193
255,255,255,137,193
255,255,255,138,193
255,255,255,139,193
255,255,255,140,193
255,255,255,141,193
255,255,255,142,193
255,255,255,143,193
255,255,255,144,193
255,255,255,145,193
255,255,255,146,193
255,255,255,147,193
255,255,255,148,193
255,255,255,149,193
255,255,255,150,193
255,255,255,151,193
255,255,255,152,193
255,255,255,153,193
255,255,255,154,193
255,255,255,155,193
255,255,255,156,193
255,255,255,157,193
255,255,255,158,193
255,255,255,159,193
255,255,255,160,193
255,255,255,161,193
255,255,255,162,193
255,255,255,163,193
255,255,255,164,193
255,255,255,165,193
255,255,255,166,193
255,255,255,167,193
255,255,255,168,193
255,255,255,169,193
255,255,255,170,193
255,255,255,171,193
255,255,255,172,193
255,255,255,173,193
255,255,255,174,193
255,255,255,175,193
255,255,255,176,193
255,255,255,177,193
255,255,255,178,193
255,255,255,179,193
255,255,255,180,193
255,255,255,181,193
255,255,255,182,193
255,255,255,183,193
255,255,255,184,193
255,255,255,185,193
255,255,255,186,193
255,255,255,187,193
255,255,255,188,193
255,255,255,189,193
255,255,255,190,193
255,255,255,191,193
255,255,255,192,193
255,255,255,193,193
255,255,255,194,193
255,255,255,195,193
255,255,255,196,193
255,255,255,197,193
255,255,255,198,193
255,255,255,199,193
255,255,255,0,194
255,255,255,1,194
255,255,255,2,194
255,255,255,3,194
255,255,255,4,194
255,255,255,5,194
255,255,255,6,194
255,255,255,7,194
255,255,255,8,194
255,255,255,9,194
255,255,255,10,194
255,255,255,11,194
255,255,255,12,194
255,255,255,13,194
255,255,255,14,194
255,255,255,15,194
255,255,255,16,194
255,255,255,17,194
255,255,255,18,194
255,255,255,19,194
255,255,255,20,194
255,255,255,21,194
255,255,255,22,194
255,255,255,23,194
255,255,255,24,194
255,255,255,25,194
255,255,255,26,194
255,255,255,27,194
255,255,255,28,194
255,255,255,29,194
255,255,255,30,194
255,255,255,31,194
255,255,255,32,194
255,255,255,33,194
255,255,255,34,194
255,255,255,35,194
255,255,255,36,194
255,255,255,37,194
255,255,255,38,194
255,255,255,39,194
255,255,255,40,194
255,255,255,41,194
255,255,255,42,194
255,255,255,43,194
255,255,255,44,194
255,255,255,45,194
255,255,255,46,194
255,255,255,47,194
255,255,255,48,194
255,255,255,49,194
255,255,255,50,194
255,255,255,51,194
255,255,255,52,194
255,255,255,53,194
255,255,255,54,194
255,255,255,55,194
255,255,255,56,194
255,255,255,57,194
255,255,255,58,194
255,255,255,59,194
255,255,255,60,194
255,255,255,61,194
255,255,255,62,194
255,255,255,63,194
255,255,255,64,194
255,255,255,65,194
255,255,255,66,194
255,255,255,67,194
255,255,255,68,194
255,255,255,69,194
255,255,255,70,194
255,255,255,71,194
255,255,255,72,194
255,255,255,73,194
255,255,255,74,194
255,255,255,75,194
255,255,255,76,194
255,255,255,77,194
255,255,255,78,194
255,255,255,79,194
255,255,255,80,194
255,255,255,81,194
255,255,255,82,194
255,255,255,83,194
255,255,255,84,194
255,255,255,85,194
255,255,255,86,194
255,255,255,87,194
255,255,255,88,194
255,255,255,89,194
255,255,255,90,194
255,255,255,91,194
255,255,255,92,194
255,255,255,93,194
255,255,255,94,194
255,255,255,95,194
255,255,255,96,194
255,255,255,97,194
255,255,255,98,194
255,255,255,99,194
255,255,255,100,194
255,255,255,101,194
255,255,255,102,194
255,255,255,103,194
255,255,255,104,194
255,255,255,105,194
255,255,255,106,194
255,255,255,107,194
255,255,255,108,194
255,255,255,109,194
255,255,255,110,194
255,255,255,111,194
255,255,255,112,194
255,255,255,113,194
255,255,255,114,194
255,255,255,115,194
255,255,255,116,194
255,255,255,117,194
255,255,255,118,194
255,255,255,119,194
255,255,255,120,194
255,255,255,121,194
255,255,255,122,194
255,255,255,123,194
255,255,255,124,194
255,255,255,125,194
255,255,255,126,194
255,255,255,127,194
255,255,255,128,194
255,255,255,129,194
255,255,255,130,194
255,255,255,131,194
255,255,255,132,194
255,255,255,133,194
255,255,255,134,194
255,255,255,135,194
255,255,255,136,194
255,255,255,137,194
255,255,255,138,194
255,255,255,139,194
255,255,255,140,194
255,255,255,141,194
255,255,255,142,194
255,255,255,143,194
255,255,255,144,194
255,255,255,145,194
255,255,255,146,194
255,255,255,147,194
255,255,255,148,194
255,255,255,149,194
255,255,255,150,194
255,255,255,151,194
255,255,255,152,194
255,255,255,153,194
255,255,255,154,194
255,255,255,155,194
255,255,255,156,194
255,255,255,157,194
255,255,255,158,194
255,255,255,159,194
255,255,255,160,194
255,255,255,161,194
255,255,255,162,194
255,255,255,163,194
255,255,255,164,194
255,255,255,165,194
255,255,255,166,194
255,255,255,167,194
255,255,255,168,194
255,255,255,169,194
255,255,255,170,194
255,255,255,171,194
255,255,255,172,194
255,255,255,173,194
255,255,255,174,194
255,255,255,175,194
255,255,255,176,194
255,255,255,177,194
255,255,255,178,194
255,255,255,179,194
255,255,255,180,194
255,255,255,181,194
255,255,255,182,194
255,255,255,183,194
255,255,255,184,194
255,255,255,185,194
255,255,255,186,194
255,255,255,187,194
255,255,255,188,194
255,255,255,189,194
255,255,255,190,194
255,255,255,191,194
255,255,255,192,194
255,255,255,193,194
255,255,255,194,194
255,255,255,195,194
255,255,255,196,194
255,255,255,197,194
255,255,255,198,194
255,255,255,199,194
255,255,255,0,195
255,255,255,1,195
255,255,255,2,195
255,255,255,3,195
255,255,255,4,195
255,255,255,5,195
255,255,255,6,195
255,255,255,7,195
255,255,255,8,195
255,255,255,9,195
255,255,255,10,195
255,255,255,11,195
255,255,255,12,195
255,255,255,13,195
255,255,255,14,195
255,255,255,15,195
255,255,255,16,195
255,255,255,17,195
255,255,255,18,195
255,255,255,19,195
255,255,255,20,195
255,255,255,21,195
255,255,255,22,195
255,255,255,23,195
255,255,255,24,195
255,255,255,25,195
255,255,255,26,195
255,255,255,27,195
255,255,255,28,195
255,255,255,29,195
255,255,255,30,195
255,255,255,31,195
255,255,255,32,195
255,255,255,33,195
255,255,255,34,195
255,255,255,35,195
255,255,255,36,195
255,255,255,37,195
255,255,255,38,195
255,255,255,39,195
255,255,255,40,195
255,255,255,41,195
255,255,255,42,195
255,255,255,43,195
255,255,255,44,195
255,255,255,45,195
255,255,255,46,195
255,255,255,47,195
255,255,255,48,195
255,255,255,49,195
255,255,255,50,195
255,255,255,51,195
255,255,255,52,195
255,255,255,53,195
255,255,255,54,195
255,255,255,55,195
255,255,255,56,195
255,255,255,57,195
255,255,255,58,195
255,255,255,59,195
255,255,255,60,195
255,255,255,61,195
255,255,255,62,195
255,255,255,63,195
255,255,255,64,195
255,255,255,65,195
255,255,255,66,195
255,255,255,67,195
255,255,255,68,195
255,255,255,69,195
255,255,255,70,195
255,255,255,71,195
255,255,255,72,195
255,255,255,73,195
255,255,255,74,195
255,255,255,75,195
255,255,255,76,195
255,255,255,77,195
255,255,255,78,195
255,255,255,79,195
255,255,255,80,195
255,255,255,81,195
255,255,255,82,195
255,255,255,83,195
255,255,255,84,195
255,255,255,85,195
255,255,255,86,195
255,255,255,87,195
255,255,255,88,195
255,255,255,89,195
255,255,255,90,195
255,255,255,91,195
255,255,255,92,195
255,255,255,93,195
255,255,255,94,195
255,255,255,95,195
255,255,255,96,195
255,255,255,97,195
255,255,255,98,195
255,255,255,99,195
255,255,255,100,195
255,255,255,101,195
255,255,255,102,195
255,255,255,103,195
255,255,255,104,195
255,255,255,105,195
255,255,255,106,195
255,255,255,107,195
255,255,255,108,195
255,255,255,109,195
255,255,255,110,195
255,255,255,111,195
255,255,255,112,195
255,255,255,113,195
255,255,255,114,195
255,255,255,115,195
255,255,255,116,195
255,255,255,117,195
255,255,255,118,195
255,255,255,119,195
255,255,255,120,195
255,255,255,121,195
255,255,255,122,195
255,255,255,123,195
255,255,255,124,195
255,255,255,125,195
255,255,255,126,195
255,255,255,127,195
255,255,255,128,195
255,255,255,129,195
255,255,255,130,195
255,255,255,131,195
255,255,255,132,195
255,255,255,133,195
255,255,255,134,195
255,255,255,135,195
255,255,255,136,195
255,255,255,137,195
255,255,255,138,195
255,255,255,139,195
255,255,255,140,195
255,255,255,141,195
255,255,255,142,195
255,255,255,143,195
255,255,255,144,195
255,255,255,145,195
255,255,255,146,195
255,255,255,147,195
255,255,255,148,195
255,255,255,149,195
255,255,255,150,195
255,255,255,151,195
255,255,255,152,195
255,255,255,153,195
255,255,255,154,195
255,255,255,155,195
255,255,255,156,195
255,255,255,157,195
255,255,255,158,195
255,255,255,159,195
255,255,255,160,195
255,255,255,161,195
255,255,255,162,195
255,255,255,163,195
255,255,255,164,195
255,255,255,165,195
255,255,255,166,195
255,255,255,167,195
255,255,255,168,195
255,255,255,169,195
255,255,255,170,195
255,255,255,171,195
255,255,255,172,195
255,255,255,173,195
255,255,255,174,195
255,255,255,175,195
255,255,255,176,195
255,255,255,177,195
255,255,255,178,195
255,255,255,179,195
255,255,255,180,195
255,255,255,181,195
255,255,255,182,195
255,255,255,183,195
255,255,255,184,195
255,255,255,185,195
255,255,255,186,195
255,255,255,187,195
255,255,255,188,195
255,255,255,189,195
255,255,255,190,195
255,255,255,191,195
255,255,255,192,195
255,255,255,193,195
255,255,255,194,195
255,255,255,195,195
255,255,255,196,195
255,255,255,197,195
255,255,255,198,195
255,255,255,199,195
255,255,255,0,196
255,255,255,1,196
255,255,255,2,196
255,255,255,3,196
255,255,255,4,196
255,255,255,5,196
255,255,255,6,196
255,255,255,7,196
255,255,255,8,196
255,255,255,9,196
255,255,255,10,196
255,255,255,11,196
255,255,255,12,196
255,255,255,13,196
255,255,255,14,196
255,255,255,15,196
255,255,255,16,196
255,255,255,17,196
255,255,255,18,196
255,255,255,19,196
255,255,255,20,196
255,255,255,21,196
255,255,255,22,196
255,255,255,23,196
255,255,255,24,196
255,255,255,25,196
255,255,255,26,196
255,255,255,27,196
255,255,255,28,196
255,255,255,29,196
255,255,255,30,196
255,255,255,31,196
255,255,255,32,196
255,255,255,33,196
255,255,255,34,196
255,255,255,35,196
255,255,255,36,196
255,255,255,37,196
255,255,255,38,196
255,255,255,39,196
255,255,255,40,196
255,255,255,41,196
255,255,255,42,196
255,255,255,43,196
255,255,255,44,196
255,255,255,45,196
255,255,255,46,196
255,255,255,47,196
255,255,255,48,196
255,255,255,49,196
255,255,255,50,196
255,255,255,51,196
255,255,255,52,196
255,255,255,53,196
255,255,255,54,196
255,255,255,55,196
255,255,255,56,196
255,255,255,57,196
255,255,255,58,196
255,255,255,59,196
255,255,255,60,196
255,255,255,61,196
255,255,255,62,196
255,255,255,63,196
255,255,255,64,196
255,255,255,65,196
255,255,255,66,196
255,255,255,67,196
255,255,255,68,196
255,255,255,69,196
255,255,255,70,196
255,255,255,71,196
255,255,255,72,196
255,255,255,73,196
255,255,255,74,196
255,255,255,75,196
255,255,255,76,196
255,255,255,77,196
255,255,255,78,196
255,255,255,79,196
255,255,255,80,196
255,255,255,81,196
255,255,255,82,196
255,255,255,83,196
255,255,255,84,196
255,255,255,85,196
255,255,255,86,196
255,255,255,87,196
255,255,255,88,196
255,255,255,89,196
255,255,255,90,196
255,255,255,91,196
255,255,255,92,196
255,255,255,93,196
255,255,255,94,196
255,255,255,95,196
255,255,255,96,196
255,255,255,97,196
255,255,255,98,196
255,255,255,99,196
255,255,255,100,196
255,255,255,101,196
255,255,255,102,196
255,255,255,103,196
255,255,255,104,196
255,255,255,105,196
255,255,255,106,196
255,255,255,107,196
255,255,255,108,196
255,255,255,109,196
255,255,255,110,196
255,255,255,111,196
255,255,255,112,196
255,255,255,113,196
255,255,255,114,196
255,255,255,115,196
255,255,255,116,196
255,255,255,117,196
255,255,255,118,196
255,255,255,119,196
255,255,255,120,196
255,255,255,121,196
255,255,255,122,196
255,255,255,123,196
255,255,255,124,196
255,255,255,125,196
255,255,255,126,196
255,255,255,127,196
255,255,255,128,196
255,255,255,129,196
255,255,255,130,196
255,255,255,131,196
255,255,255,132,196
255,255,255,133,196
255,255,255,134,196
255,255,255,135,196
255,255,255,136,196
255,255,255,137,196
255,255,255,138,196
255,255,255,139,196
255,255,255,140,196
255,255,255,141,196
255,255,255,142,196
255,255,255,143,196
255,255,255,144,196
255,255,255,145,196
255,255,255,146,196
255,255,255,147,196
255,255,255,148,196
255,255,255,149,196
255,255,255,150,196
255,255,255,151,196
255,255,255,152,196
255,255,255,153,196
255,255,255,154,196
255,255,255,155,196
255,255,255,156,196
255,255,255,157,196
255,255,255,158,196
255,255,255,159,196
255,255,255,160,196
255,255,255,161,196
255,255,255,162,196
255,255,255,163,196
255,255,255,164,196
255,255,255,165,196
255,255,255,166,196
255,255,255,167,196
255,255,255,168,196
255,255,255,169,196
255,255,255,170,196
255,255,255,171,196
255,255,255,172,196
255,255,255,173,196
255,255,255,174,196
255,255,255,175,196
255,255,255,176,196
255,255,255,177,196
255,255,255,178,196
255,255,255,179,196
255,255,255,180,196
255,255,255,181,196
255,255,255,182,196
255,255,255,183,196
255,255,255,184,196
255,255,255,185,196
255,255,255,186,196
255,255,255,187,196
255,255,255,188,196
255,255,255,189,196
255,255,255,190,196
255,255,255,191,196
255,255,255,192,196
255,255,255,193,196
255,255,255,194,196
255,255,255,195,196
255,255,255,196,196
255,255,255,197,196
255,255,255,198,196
255,255,255,199,196
255,255,255,0,197
255,255,255,1,197
255,255,255,2,197
255,255,255,3,197
255,255,255,4,197
255,255,255,5,197
255,255,255,6,197
255,255,255,7,197
255,255,255,8,197
255,255,255,9,197
255,255,255,10,197
255,255,255,11,197
255,255,255,12,197
255,255,255,13,197
255,255,255,14,197
255,255,255,15,197
255,255,255,16,197
255,255,255,17,197
255,255,255,18,197
255,255,255,19,197
255,255,255,20,197
255,255,255,21,197
255,255,255,22,197
255,255,255,23,197
255,255,255,24,197
255,255,255,25,197
255,255,255,26,197
255,255,255,27,197
255,255,255,28,197
255,255,255,29,197
255,255,255,30,197
255,255,255,31,197
255,255,255,32,197
255,255,255,33,197
255,255,255,34,197
255,255,255,35,197
255,255,255,36,197
255,255,255,37,197
255,255,255,38,197
255,255,255,39,197
255,255,255,40,197
255,255,255,41,197
255,255,255,42,197
255,255,255,43,197
255,255,255,44,197
255,255,255,45,197
255,255,255,46,197
255,255,255,47,197
255,255,255,48,197
255,255,255,49,197
255,255,255,50,197
255,255,255,51,197
255,255,255,52,197
255,255,255,53,197
255,255,255,54,197
255,255,255,55,197
255,255,255,56,197
255,255,255,57,197
255,255,255,58,197
255,255,255,59,197
255,255,255,60,197
255,255,255,61,197
255,255,255,62,197
255,255,255,63,197
255,255,255,64,197
255,255,255,65,197
255,255,255,66,197
255,255,255,67,197
255,255,255,68,197
255,255,255,69,197
255,255,255,70,197
255,255,255,71,197
255,255,255,72,197
255,255,255,73,197
255,255,255,74,197
255,255,255,75,197
255,255,255,76,197
255,255,255,77,197
255,255,255,78,197
255,255,255,79,197
255,255,255,80,197
255,255,255,81,197
255,255,255,82,197
255,255,255,83,197
255,255,255,84,197
255,255,255,85,197
255,255,255,86,197
255,255,255,87,197
255,255,255,88,197
255,255,255,89,197
255,255,255,90,197
255,255,255,91,197
255,255,255,92,197
255,255,255,93,197
255,255,255,94,197
255,255,255,95,197
255,255,255,96,197
255,255,255,97,197
255,255,255,98,197
255,255,255,99,197
255,255,255,100,197
255,255,255,101,197
255,255,255,102,197
255,255,255,103,197
255,255,255,104,197
255,255,255,105,197
255,255,255,106,197
255,255,255,107,197
255,255,255,108,197
255,255,255,109,197
255,255,255,110,197
255,255,255,111,197
255,255,255,112,197
255,255,255,113,197
255,255,255,114,197
255,255,255,115,197
255,255,255,116,197
255,255,255,117,197
255,255,255,118,197
255,255,255,119,197
255,255,255,120,197
255,255,255,121,197
255,255,255,122,197
255,255,255,123,197
255,255,255,124,197
255,255,255,125,197
255,255,255,126,197
255,255,255,127,197
255,255,255,128,197
255,255,255,129,197
255,255,255,130,197
255,255,255,131,197
255,255,255,132,197
255,255,255,133,197
255,255,255,134,197
255,255,255,135,197
255,255,255,136,197
255,255,255,137,197
255,255,255,138,197
255,255,255,139,197
255,255,255,140,197
255,255,255,141,197
255,255,255,142,197
255,255,255,143,197
255,255,255,144,197
255,255,255,145,197
255,255,255,146,197
255,255,255,147,197
255,255,255,148,197
255,255,255,149,197
255,255,255,150,197
255,255,255,151,197
255,255,255,152,197
255,255,255,153,197
255,255,255,154,197
255,255,255,155,197
255,255,255,156,197
255,255,255,157,197
255,255,255,158,197
255,255,255,159,197
255,255,255,160,197
255,255,255,161,197
255,255,255,162,197
255,255,255,163,197
255,255,255,164,197
255,255,255,165,197
255,255,255,166,197
255,255,255,167,197
255,255,255,168,197
255,255,255,169,197
255,255,255,170,197
255,255,255,171,197
255,255,255,172,197
255,255,255,173,197
255,255,255,174,197
255,255,255,175,197
255,255,255,176,197
255,255,255,177,197
255,255,255,178,197
255,255,255,179,197
255,255,255,180,197
255,255,255,181,197
255,255,255,182,197
255,255,255,183,197
255,255,255,184,197
255,255,255,185,197
255,255,255,186,197
255,255,255,187,197
255,255,255,188,197
255,255,255,189,197
255,255,255,190,197
255,255,255,191,197
255,255,255,192,197
255,255,255,193,197
255,255,255,194,197
255,255,255,195,197
255,255,255,196,197
255,255,255,197,197
255,255,255,198,197
255,255,255,199,197
255,255,255,0,198
255,255,255,1,198
255,255,255,2,198
255,255,255,3,198
255,255,255,4,198
255,255,255,5,198
255,255,255,6,198
255,255,255,7,198
255,255,255,8,198
255,255,255,9,198
255,255,255,10,198
255,255,255,11,198
255,255,255,12,198
255,255,255,13,198
255,255,255,14,198
255,255,255,15,198
255,255,255,16,198
255,255,255,17,198
255,255,255,18,198
255,255,255,19,198
255,255,255,20,198
255,255,255,21,198
255,255,255,22,198
255,255,255,23,198
255,255,255,24,198
255,255,255,25,198
255,255,255,26,198
255,255,255,27,198
255,255,255,28,198
255,255,255,29,198
255,255,255,30,198
255,255,255,31,198
255,255,255,32,198
255,255,255,33,198
255,255,255,34,198
255,255,255,35,198
255,255,255,36,198
255,255,255,37,198
255,255,255,38,198
255,255,255,39,198
255,255,255,40,198
255,255,255,41,198
255,255,255,42,198
255,255,255,43,198
255,255,255,44,198
255,255,255,45,198
255,255,255,46,198
255,255,255,47,198
255,255,255,48,198
255,255,255,49,198
255,255,255,50,198
255,255,255,51,198
255,255,255,52,198
255,255,255,53,198
255,255,255,54,198
255,255,255,55,198
255,255,255,56,198
255,255,255,57,198
255,255,255,58,198
255,255,255,59,198
255,255,255,60,198
255,255,255,61,198
255,255,255,62,198
255,255,255,63,198
255,255,255,64,198
255,255,255,65,198
255,255,255,66,198
255,255,255,67,198
255,255,255,68,198
255,255,255,69,198
255,255,255,70,198
255,255,255,71,198
255,255,255,72,198
255,255,255,73,198
255,255,255,74,198
255,255,255,75,198
255,255,255,76,198
255,255,255,77,198
255,255,255,78,198
255,255,255,79,198
255,255,255,80,198
255,255,255,81,198
255,255,255,82,198
255,255,255,83,198
255,255,255,84,198
255,255,255,85,198
255,255,255,86,198
255,255,255,87,198
255,255,255,88,198
255,255,255,89,198
255,255,255,90,198
255,255,255,91,198
255,255,255,92,198
255,255,255,93,198
255,255,255,94,198
255,255,255,95,198
255,255,255,96,198
255,255,255,97,198
255,255,255,98,198
255,255,255,99,198
255,255,255,100,198
255,255,255,101,198
255,255,255,102,198
255,255,255,103,198
255,255,255,104,198
255,255,255,105,198
255,255,255,106,198
255,255,255,107,198
255,255,255,108,198
255,255,255,109,198
255,255,255,110,198
255,255,255,111,198
255,255,255,112,198
255,255,255,113,198
255,255,255,114,198
255,255,255,115,198
255,255,255,116,198
255,255,255,117,198
255,255,255,118,198
255,255,255,119,198
255,255,255,120,198
255,255,255,121,198
255,255,255,122,198
255,255,255,123,198
255,255,255,124,198
255,255,255,125,198
255,255,255,126,198
255,255,255,127,198
255,255,255,128,198
255,255,255,129,198
255,255,255,130,198
255,255,255,131,198
255,255,255,132,198
255,255,255,133,198
255,255,255,134,198
255,255,255,135,198
255,255,255,136,198
255,255,255,137,198
255,255,255,138,198
255,255,255,139,198
255,255,255,140,198
255,255,255,141,198
255,255,255,142,198
255,255,255,143,198
255,255,255,144,198
255,255,255,145,198
255,255,255,146,198
255,255,255,147,198
255,255,255,148,198
255,255,255,149,198
255,255,255,150,198
255,255,255,151,198
255,255,255,152,198
255,255,255,153,198
255,255,255,154,198
255,255,255,155,198
255,255,255,156,198
255,255,255,157,198
255,255,255,158,198
255,255,255,159,198
255,255,255,160,198
255,255,255,161,198
255,255,255,162,198
255,255,255,163,198
255,255,255,164,198
255,255,255,165,198
255,255,255,166,198
255,255,255,167,198
255,255,255,168,198
255,255,255,169,198
255,255,255,170,198
255,255,255,171,198
255,255,255,172,198
255,255,255,173,198
255,255,255,174,198
255,255,255,175,198
255,255,255,176,198
255,255,255,177,198
255,255,255,178,198
255,255,255,179,198
255,255,255,180,198
255,255,255,181,198
255,255,255,182,198
255,255,255,183,198
255,255,255,184,198
255,255,255,185,198
255,255,255,186,198
255,255,255,187,198
255,255,255,188,198
255,255,255,189,198
255,255,255,190,198
255,255,255,191,198
255,255,255,192,198
255,255,255,193,198
255,255,255,194,198
255,255,255,195,198
255,255,255,196,198
255,255,255,197,198
255,255,255,198,198
255,255,255,199,198
255,255,255,0,199
255,255,255,1,199
255,255,255,2,199
255,255,255,3,199
255,255,255,4,199
255,255,255,5,199
255,255,255,6,199
255,255,255,7,199
255,255,255,8,199
255,255,255,9,199
255,255,255,10,199
255,255,255,11,199
255,255,255,12,199
255,255,255,13,199
255,255,255,14,199
255,255,255,15,199
255,255,255,16,199
255,255,255,17,199
255,255,255,18,199
255,255,255,19,199
255,255,255,20,199
255,255,255,21,199
255,255,255,22,199
255,255,255,23,199
255,255,255,24,199
255,255,255,25,199
255,255,255,26,199
255,255,255,27,199
255,255,255,28,199
255,255,255,29,199
255,255,255,30,199
255,255,255,31,199
255,255,255,32,199
255,255,255,33,199
255,255,255,34,199
255,255,255,35,199
255,255,255,36,199
255,255,255,37,199
255,255,255,38,199
255,255,255,39,199
255,255,255,40,199
255,255,255,41,199
255,255,255,42,199
255,255,255,43,199
255,255,255,44,199
255,255,255,45,199
255,255,255,46,199
255,255,255,47,199
255,255,255,48,199
255,255,255,49,199
255,255,255,50,199
255,255,255,51,199
255,255,255,52,199
255,255,255,53,199
255,255,255,54,199
255,255,255,55,199
255,255,255,56,199
255,255,255,57,199
255,255,255,58,199
255,255,255,59,199
255,255,255,60,199
255,255,255,61,199
255,255,255,62,199
255,255,255,63,199
255,255,255,64,199
255,255,255,65,199
255,255,255,66,199
255,255,255,67,199
255,255,255,68,199
255,255,255,69,199
255,255,255,70,199
255,255,255,71,199
255,255,255,72,199
255,255,255,73,199
255,255,255,74,199
255,255,255,75,199
255,255,255,76,199
255,255,255,77,199
255,255,255,78,199
255,255,255,79,199
255,255,255,80,199
255,255,255,81,199
255,255,255,82,199
255,255,255,83,199
255,255,255,84,199
255,255,255,85,199
255,255,255,86,199
255,255,255,87,199
255,255,255,88,199
255,255,255,89,199
255,255,255,90,199
255,255,255,91,199
255,255,255,92,199
255,255,255,93,199
255,255,255,94,199
255,255,255,95,199
255,255,255,96,199
255,255,255,97,199
255,255,255,98,199
255,255,255,99,199
255,255,255,100,199
255,255,255,101,199
255,255,255,102,199
255,255,255,103,199
255,255,255,104,199
255,255,255,105,199
255,255,255,106,199
255,255,255,107,199
255,255,255,108,199
255,255,255,109,199
255,255,255,110,199
255,255,255,111,199
255,255,255,112,199
255,255,255,113,199
255,255,255,114,199
255,255,255,115,199
255,255,255,116,199
255,255,255,117,199
255,255,255,118,199
255,255,255,119,199
255,255,255,120,199
255,255,255,121,199
255,255,255,122,199
255,255,255,123,199
255,255,255,124,199
255,255,255,125,199
255,255,255,126,199
255,255,255,127,199
255,255,255,128,199
255,255,255,129,199
255,255,255,130,199
255,255,255,131,199
255,255,255,132,199
255,255,255,133,199
255,255,255,134,199
255,255,255,135,199
255,255,255,136,199
255,255,255,137,199
255,255,255,138,199
255,255,255,139,199
255,255,255,140,199
255,255,255,141,199
255,255,255,142,199
255,255,255,143,199
255,255,255,144,199
255,255,255,145,199
255,255,255,146,199
255,255,255,147,199
255,255,255,148,199
255,255,255,149,199
255,255,255,150,199
255,255,255,151,199
255,255,255,152,199
255,255,255,153,199
255,255,255,154,199
255,255,255,155,199
255,255,255,156,199
255,255,255,157,199
255,255,255,158,199
255,255,255,159,199
255,255,255,160,199
255,255,255,161,199
255,255,255,162,199
255,255,255,163,199
255,255,255,164,199
255,255,255,165,199
255,255,255,166,199
255,255,255,167,199
255,255,255,168,199
255,255,255,169,199
255,255,255,170,199
255,255,255,171,199
255,255,255,172,199
255,255,255,173,199
255,255,255,174,199
255,255,255,175,199
255,255,255,176,199
255,255,255,177,199
255,255,255,178,199
255,255,255,179,199
255,255,255,180,199
255,255,255,181,199
255,255,255,182,199
255,255,255,183,199
255,255,255,184,199
255,255,255,185,199
255,255,255,186,199
255,255,255,187,199
255,255,255,188,199
255,255,255,189,199
255,255,255,190,199
255,255,255,191,199
255,255,255,192,199
255,255,255,193,199
255,255,255,194,199
255,255,255,195,199
255,255,255,196,199
255,255,255,197,199
255,255,255,198,199
255,255,255,199,199
